209 88 74 74 74 75 73 89 142 191 208 204 203 204 203 204 205 202 200 200 199 196 194 195 199 201 199 194 194 196 197 197 191 182 176 180 188 191 188 187 190 196 200 200 198 201 207 209 212 211 208 206 205 204 203 201 199 205 207 206 204 205 206 207 206 204 200 198 198 198 198 197 198 200 204 205 206 204 202 203 202 199 196 196 198 200 198 197 200 201 202 204 205 205 206 206 203 202 204 206 206 205 203 201 198 195 189 184 177 171 171 173 177 181 173 170 178 183 181 186 190 193 195 197 197 197 200 201 202 202 202 201 200 201 202 202 203 201 202 202 200 200 203 207 208 204 205 204 203 204 203 203 200 196 191 189 190 187 187 193 196 195 193 189 190 191 190 191 191 191 192 191 192 194 196 198 201 201 201 202 204 206 205 206 206 202 199 198 197 197 197 196 195 195 196 198 198 197 197 197 197 197 200 203 202 198 198 197 200 205 208 208 208 208 208 207 205 202 200 197 195 193 187 182 178 172 174 176 177 179 178 174 171 163 156 160 167 173 177 179 173 146 95 64 65 68 68 68 68 69 69 67 66 66 67 66
196 32 14 16 15 16 19 58 130 179 194 190 190 188 187 189 190 187 185 182 178 176 174 175 179 183 179 177 178 180 179 176 168 158 152 157 166 169 168 166 170 174 179 182 179 183 192 195 197 196 192 190 189 188 187 185 181 186 189 188 187 188 190 192 192 188 183 181 179 179 181 178 178 182 186 187 188 188 185 183 182 178 175 176 181 184 181 181 184 183 184 185 185 185 186 188 186 186 188 190 190 189 188 185 182 179 174 166 156 148 148 150 155 158 147 143 154 160 157 163 168 172 175 177 177 175 181 185 185 182 182 181 180 181 184 186 185 183 183 184 182 181 185 189 190 188 183 181 179 179 178 176 173 171 168 166 168 166 164 170 175 178 173 167 171 171 170 170 169 170 171 169 170 173 175 177 180 181 183 185 187 188 188 190 189 185 180 178 176 177 176 174 173 173 176 180 182 179 179 178 178 179 181 184 180 178 177 178 180 188 191 190 190 190 192 193 190 189 184 179 175 173 169 164 155 145 148 152 153 154 154 150 144 134 128 132 140 147 156 163 160 135 70 12 1 7 8 8 8 9 10 8 7 7 6 4
198 36 16 21 19 18 30 92 161 192 197 195 192 190 189 190 192 189 188 183 178 175 176 178 181 183 181 178 179 181 177 171 164 154 147 156 166 168 170 170 168 170 172 176 178 184 191 197 198 196 193 192 188 188 188 184 179 184 185 184 186 187 189 191 192 187 182 179 179 179 180 177 178 181 183 183 186 187 185 183 179 174 174 174 180 183 181 181 182 182 181 182 181 181 183 186 186 187 189 189 190 191 188 185 182 181 177 170 158 151 150 151 155 154 145 143 155 165 163 166 170 175 178 181 181 179 181 183 182 180 177 174 173 175 180 182 181 180 180 182 179 178 182 187 186 186 184 182 179 176 174 171 170 172 170 166 168 167 163 162 167 173 172 167 169 174 176 174 173 173 173 172 172 175 177 176 177 179 180 184 186 186 185 186 187 187 185 182 181 181 179 178 178 179 181 181 180 181 180 179 178 177 179 179 176 173 173 176 178 182 185 187 187 188 192 192 193 191 185 179 178 175 173 170 158 148 152 159 161 162 163 158 150 141 138 140 143 149 162 172 173 164 115 36 5 11 12 12 12 13 12 12 10 9 9 9
198 36 18 20 18 22 56 127 176 192 194 192 189 188 186 188 193 191 190 185 180 174 173 177 183 187 182 178 179 180 176 171 164 152 144 156 168 170 171 170 166 164 164 166 174 185 193 195 198 199 197 194 191 189 186 182 177 180 182 184 185 186 187 190 192 188 183 178 177 178 180 181 181 181 183 184 185 185 186 182 174 171 173 173 177 182 184 181 182 182 181 179 178 177 181 185 188 190 191 190 191 192 190 188 185 184 179 171 159 153 153 153 154 150 145 145 154 163 165 168 173 176 177 179 182 183 182 182 180 181 178 175 174 175 177 179 179 178 178 179 175 173 180 183 181 183 186 186 182 177 175 176 176 180 176 172 170 168 163 159 159 163 166 166 169 173 177 176 175 175 172 171 172 175 176 176 176 178 180 181 183 181 179 180 182 186 187 185 183 184 182 182 182 183 183 180 179 181 179 178 176 174 174 174 176 175 173 175 176 178 181 184 187 190 192 194 195 191 188 184 184 182 180 177 166 160 164 167 169 170 170 165 158 151 149 150 152 160 175 181 181 177 149 72 17 9 11 14 13 12 13 13 12 10 10 10
198 36 18 20 19 34 92 157 179 184 184 181 182 185 185 187 192 193 190 187 183 177 173 177 186 190 182 177 179 180 176 173 165 152 144 156 173 176 174 170 162 160 160 162 171 182 189 195 199 200 196 193 194 189 184 181 177 177 181 184 185 182 182 187 190 190 186 182 176 176 181 184 184 184 186 184 183 185 184 180 171 168 171 173 177 182 185 184 183 182 181 180 177 175 181 187 191 193 194 193 193 194 192 190 188 187 181 172 163 157 156 158 158 153 149 150 154 160 164 168 170 172 171 172 176 179 181 182 180 181 181 179 178 178 178 178 177 176 176 176 171 170 178 180 179 182 183 183 180 176 174 175 178 178 176 175 175 173 167 162 161 163 165 169 171 172 172 172 173 171 169 167 170 171 173 175 177 179 181 181 181 180 178 180 182 184 184 181 180 181 180 179 179 180 181 180 179 181 180 180 180 177 173 171 173 174 172 171 171 176 181 182 186 190 190 191 189 187 189 189 188 187 184 182 175 171 174 174 172 172 171 168 162 156 154 153 155 171 186 187 184 175 157 106 39 10 10 12 15 14 15 13 12 9 8 10
198 36 16 19 22 53 124 172 182 180 178 175 176 179 183 187 189 191 189 188 188 184 179 181 187 189 181 176 179 179 176 174 167 156 146 156 173 181 177 169 159 156 159 164 168 173 182 190 194 195 195 193 193 189 184 181 178 176 180 182 181 178 178 182 187 190 190 186 180 177 181 184 187 186 183 181 182 182 179 177 167 164 169 172 175 183 187 186 184 182 180 177 175 173 179 187 191 193 193 193 195 193 192 191 189 188 181 173 166 161 160 163 165 162 158 156 159 164 168 171 170 169 169 173 176 177 180 182 180 182 185 182 180 180 180 178 177 175 175 176 170 165 173 180 180 182 180 180 178 175 173 172 176 176 177 178 181 181 176 171 173 176 173 174 178 176 174 174 175 173 172 171 173 173 174 178 182 182 182 184 185 184 182 184 186 188 185 182 181 183 183 181 180 182 184 185 185 188 188 188 186 182 175 172 171 172 172 168 168 174 179 180 182 185 187 188 186 185 186 187 184 182 182 182 178 176 182 181 178 177 176 173 169 162 158 158 160 175 188 188 179 172 160 135 71 22 11 11 14 15 14 13 11 9 9 9
198 36 17 20 34 85 147 172 180 179 176 170 171 170 176 184 188 192 192 191 192 191 190 190 190 190 182 176 177 178 175 173 170 159 149 157 171 182 179 171 156 148 153 163 169 170 177 185 188 189 191 191 190 188 185 179 175 177 178 179 178 177 177 180 184 190 192 190 186 183 182 186 187 184 180 178 178 180 176 174 164 164 167 169 174 183 188 189 186 183 178 175 174 175 180 185 189 191 190 190 193 191 190 190 188 186 183 177 172 168 168 170 173 172 168 164 165 168 170 170 168 167 167 169 173 174 178 182 181 183 185 183 181 181 182 181 177 173 173 175 169 163 170 178 178 181 184 184 181 178 177 178 182 184 185 186 185 182 178 173 177 183 178 177 179 178 175 174 174 174 175 174 172 173 176 178 182 181 180 182 185 185 184 185 187 189 185 182 182 185 186 183 182 183 185 185 184 189 191 187 182 177 172 168 166 169 173 167 168 173 177 178 178 180 184 187 187 186 184 180 177 177 179 179 179 179 183 183 182 183 180 177 174 169 165 166 171 177 183 186 179 170 166 160 117 52 15 12 14 15 14 12 10 8 8 9
198 36 16 20 51 108 150 164 173 176 171 166 165 165 172 181 187 190 193 194 194 194 196 197 196 193 184 176 177 177 176 177 173 163 153 158 168 177 176 168 153 145 151 164 171 175 182 188 189 188 187 185 186 185 185 178 172 175 177 177 176 178 178 181 186 192 195 194 193 188 184 186 186 180 180 178 175 175 176 171 163 166 169 168 172 180 184 186 185 183 178 173 172 174 179 182 187 188 187 187 189 189 188 188 186 185 183 180 178 175 175 177 176 175 173 170 170 173 173 171 168 166 166 166 169 172 176 179 179 182 184 182 183 184 185 182 176 173 173 173 171 167 169 176 181 186 188 187 183 180 181 185 187 187 187 185 184 180 174 171 176 182 180 179 178 177 176 176 175 177 175 172 171 172 176 179 180 179 180 181 184 184 185 186 187 186 185 183 182 186 187 185 181 181 183 180 179 183 185 181 179 176 170 164 161 167 173 172 172 177 178 177 175 178 181 184 184 184 180 177 175 175 177 178 178 176 176 178 180 183 184 182 180 176 174 178 180 177 177 183 183 178 175 173 152 85 23 9 13 14 13 12 11 10 9 9
198 38 16 26 76 124 146 161 170 170 165 162 162 168 175 178 183 188 191 192 192 192 195 198 199 197 188 179 179 179 181 182 178 166 156 160 168 173 170 161 152 151 161 171 174 178 187 194 192 187 184 184 183 184 184 178 171 173 177 177 177 179 179 182 187 193 195 196 196 191 187 187 185 180 179 177 174 174 172 170 164 167 170 168 169 174 179 183 186 185 177 172 171 172 176 179 183 185 185 187 189 188 187 186 185 184 182 181 179 179 179 180 178 176 175 173 175 177 175 171 169 167 166 166 167 167 169 173 173 178 182 183 184 186 185 180 175 174 174 174 173 173 174 178 185 188 189 187 182 180 183 187 188 187 184 182 183 180 174 171 179 184 180 180 181 179 178 181 184 183 175 170 168 171 176 180 181 180 181 182 183 184 186 188 187 186 186 184 183 187 188 187 183 182 180 176 175 178 180 181 179 176 171 164 159 163 173 178 179 179 179 177 178 179 181 181 182 183 181 180 178 177 177 178 177 173 172 176 182 184 185 186 186 185 185 189 186 181 177 180 182 185 186 184 172 119 42 11 10 13 12 12 12 10 9 9
198 37 20 46 114 147 156 165 169 168 167 163 161 170 177 177 180 185 187 188 188 188 191 193 198 198 190 184 183 183 187 187 182 169 157 159 166 173 170 161 158 164 170 176 177 179 184 190 190 188 186 185 183 181 183 179 172 171 177 180 179 181 180 183 185 189 192 194 195 192 189 187 184 179 175 172 173 174 171 168 165 169 171 170 170 171 177 182 186 185 177 172 170 172 174 177 179 181 183 188 190 190 186 184 185 183 179 178 179 180 180 181 180 180 179 179 179 179 175 168 170 169 168 167 166 163 164 168 169 174 179 181 183 184 182 177 175 175 176 175 173 176 177 180 184 188 190 186 181 180 182 185 186 185 181 179 181 181 174 174 181 186 181 181 180 178 177 182 188 186 177 170 167 170 175 176 177 176 176 178 180 182 184 186 185 185 186 185 184 188 190 189 186 182 180 175 174 177 177 179 180 177 174 168 162 163 171 182 186 182 178 179 180 181 182 182 183 184 183 183 182 179 177 178 178 174 173 178 185 186 186 188 189 190 191 193 188 183 180 181 182 187 190 188 182 156 77 19 11 12 13 13 12 10 9 9
198 37 28 79 147 162 167 168 165 167 173 167 160 170 178 180 182 184 184 186 187 187 188 189 195 196 189 187 185 185 187 186 183 171 158 158 164 174 175 167 163 169 173 176 177 179 182 183 186 188 186 184 183 180 179 179 174 172 177 181 181 179 181 182 180 181 186 191 193 190 187 187 183 177 168 167 169 172 170 166 163 169 171 173 173 172 175 179 184 185 179 176 172 170 170 175 178 179 181 186 188 188 185 184 185 183 179 175 176 178 179 180 182 183 184 184 183 180 174 167 169 171 170 169 166 163 164 165 167 173 178 179 180 181 180 177 176 175 175 173 171 171 176 176 181 186 188 184 181 178 178 180 181 182 179 177 179 179 176 177 184 187 183 181 178 175 175 177 183 184 176 172 169 170 173 173 172 172 173 175 178 180 182 184 184 184 184 184 185 187 188 188 185 183 181 175 174 175 174 177 178 176 176 176 170 166 172 181 186 182 178 179 179 182 183 186 186 183 183 184 185 181 178 179 180 177 177 180 184 185 186 189 192 193 192 192 187 183 183 185 189 192 196 191 186 174 117 37 13 12 13 13 12 11 10 10
198 41 47 118 162 162 163 165 162 163 169 164 161 174 184 187 188 188 187 188 189 190 190 191 193 194 191 188 184 185 185 183 183 175 160 158 164 175 178 171 164 166 171 175 176 175 177 177 183 187 186 184 184 181 177 178 177 174 176 182 183 181 182 182 178 176 181 186 189 189 187 186 182 173 160 160 166 170 168 163 161 165 168 174 178 176 175 177 181 183 182 180 175 169 168 172 177 179 179 180 182 184 184 184 185 184 179 172 171 174 176 179 183 185 186 188 187 183 178 172 172 175 175 174 171 167 166 167 169 176 181 178 177 177 177 175 176 177 177 173 170 169 173 173 178 185 187 183 179 176 174 174 176 177 176 175 175 177 182 185 187 187 185 183 177 173 173 173 176 178 175 176 173 172 172 173 170 169 170 172 174 177 177 179 179 179 181 182 185 185 184 185 184 183 182 176 171 172 174 175 178 176 176 179 174 170 173 182 186 183 181 181 182 185 187 191 190 187 186 187 187 184 182 181 182 182 181 182 184 185 187 195 198 197 192 192 187 183 184 191 196 200 202 194 188 186 153 67 19 12 13 13 12 13 11 10
197 50 78 151 167 159 157 163 164 162 163 159 163 178 187 189 192 192 191 191 190 190 190 192 196 197 193 190 186 186 186 183 183 177 164 158 165 176 179 172 161 164 168 174 173 167 169 173 181 186 187 186 185 182 180 180 177 174 177 182 183 181 181 180 177 176 176 180 183 188 187 185 182 175 161 159 165 168 166 164 164 163 165 174 180 177 174 176 180 183 183 179 173 169 168 172 179 181 180 179 180 182 181 183 185 187 180 171 169 172 175 176 181 185 186 190 188 184 180 178 178 177 178 178 174 170 168 168 170 178 181 178 177 177 177 178 177 177 177 175 172 170 172 172 176 182 186 182 178 175 173 171 173 175 176 176 175 176 184 186 188 187 184 182 177 173 172 172 172 174 175 177 178 177 175 173 170 168 167 168 170 172 173 176 176 177 179 181 182 183 183 184 184 184 183 177 169 168 172 175 178 177 177 179 176 174 177 182 187 187 183 181 183 187 189 193 192 190 191 191 190 186 185 184 184 183 183 184 184 186 190 197 199 196 190 189 186 185 188 193 198 203 202 195 190 193 179 107 36 10 12 13 12 11 11 10
199 68 110 166 170 166 165 168 165 161 162 161 169 181 187 190 192 192 191 193 193 191 192 195 198 197 193 190 190 189 187 185 183 176 166 159 165 173 177 172 161 165 169 173 173 168 165 169 180 189 190 188 184 183 184 183 179 175 176 176 180 180 180 179 178 176 176 174 180 187 189 187 184 179 168 164 166 167 165 165 168 163 165 176 181 181 176 175 179 184 183 179 171 165 168 171 176 178 179 180 185 183 176 178 184 189 184 175 171 173 173 173 177 182 186 190 190 187 183 182 181 179 179 179 176 173 171 172 174 179 182 178 176 176 176 177 175 176 176 178 176 174 172 172 175 181 186 183 180 177 172 166 168 172 177 178 176 176 178 179 183 186 184 179 174 172 171 169 168 171 176 179 181 181 177 171 169 167 164 165 168 168 170 177 178 177 177 178 180 182 184 183 184 185 186 180 170 168 170 174 175 177 178 180 179 178 180 183 188 189 186 184 185 189 190 194 193 193 194 194 192 188 187 186 187 186 187 188 188 188 191 192 191 190 187 187 185 188 192 196 200 203 202 197 193 196 191 147 69 16 11 12 12 12 12 12
205 94 135 171 174 174 175 175 170 164 163 167 176 183 189 192 193 188 188 192 193 193 194 195 194 192 190 189 190 191 189 187 184 178 168 162 164 170 172 165 161 169 171 175 178 176 168 169 181 192 193 191 187 186 186 186 181 178 176 170 173 178 178 178 177 178 181 179 183 188 191 190 187 182 173 169 168 166 165 165 168 164 167 177 183 184 179 176 180 184 183 177 167 161 164 169 171 171 171 176 184 182 173 174 182 190 188 181 177 176 172 170 173 178 183 189 192 190 187 183 182 181 180 178 176 176 173 172 174 177 180 176 174 174 174 172 172 174 176 178 178 177 175 174 177 182 184 184 183 179 172 162 160 168 176 177 176 174 173 173 177 183 183 179 175 174 171 166 165 169 176 180 184 183 178 172 168 166 163 163 166 166 169 179 182 178 177 177 180 185 187 185 183 184 188 181 172 171 172 172 175 176 178 180 181 182 183 185 189 190 188 186 184 188 190 193 193 192 190 189 190 190 189 187 187 188 188 188 188 186 186 185 185 188 187 187 186 188 194 199 202 205 204 199 196 199 200 178 108 32 9 11 10 10 11 11
215 127 153 173 177 178 178 177 175 169 164 168 173 182 190 194 192 184 185 189 190 191 191 191 188 187 187 188 185 187 191 190 189 185 176 167 164 167 166 158 162 170 172 176 182 184 177 172 180 191 194 195 191 188 189 187 184 181 176 169 169 174 176 178 178 181 184 186 188 192 195 193 190 183 176 172 172 169 167 166 168 167 169 176 182 184 182 180 183 185 182 176 164 159 160 163 164 163 163 169 177 177 172 173 179 189 192 187 182 181 176 170 170 175 182 189 193 191 188 185 183 182 181 177 175 175 172 170 170 172 176 175 172 172 171 169 169 172 175 177 178 176 175 175 178 180 182 183 184 180 173 163 157 163 174 178 177 173 170 170 172 177 178 179 177 175 170 165 163 168 175 180 185 186 181 174 171 168 163 160 163 166 169 178 180 177 176 176 178 184 189 186 183 184 184 178 172 171 171 172 175 177 179 181 185 186 186 188 189 191 190 186 181 183 186 189 191 190 186 185 187 191 191 188 187 187 185 184 183 184 187 184 184 186 186 188 184 184 190 197 206 208 206 198 193 201 206 198 149 59 10 9 9 9 9 9
226 159 167 174 176 180 179 179 178 175 167 165 164 174 186 193 192 185 183 186 186 186 186 187 185 184 184 187 184 187 192 193 193 192 183 169 163 163 161 158 167 170 172 176 182 186 183 177 181 188 191 195 195 191 189 187 183 179 177 172 170 171 174 177 179 184 187 186 189 191 193 193 191 184 177 174 176 175 170 166 172 174 174 178 181 183 184 184 185 184 180 176 164 159 160 158 156 157 157 158 164 168 168 171 175 185 189 187 183 183 178 169 169 173 179 187 192 192 189 185 183 182 181 177 175 175 170 168 170 169 172 172 170 169 168 167 168 171 174 176 177 174 175 176 178 180 181 184 184 180 173 166 161 165 173 176 177 173 169 167 169 171 174 176 177 175 169 164 162 166 174 180 183 185 183 178 174 170 163 159 162 167 171 175 178 178 178 177 177 182 187 184 184 183 182 175 170 170 171 172 175 177 179 181 186 187 187 188 189 189 187 186 182 182 184 186 187 185 183 186 188 191 191 191 187 186 185 183 182 182 184 183 182 181 180 183 182 182 186 194 202 204 201 197 196 200 209 209 183 97 22 7 10 9 8 8
231 174 178 182 182 184 183 181 178 172 168 165 162 169 183 191 193 188 184 185 184 184 185 187 185 184 184 185 186 190 194 197 194 191 184 172 164 161 159 159 167 169 169 174 180 181 182 179 181 183 186 193 196 190 187 185 180 176 176 173 172 174 176 180 181 182 184 188 191 191 190 190 188 185 178 177 179 180 175 172 177 182 179 179 179 182 186 187 184 181 178 175 167 163 163 158 153 152 151 149 151 155 161 166 170 177 180 178 176 177 174 168 168 171 174 181 187 189 187 186 186 182 180 177 176 175 169 169 172 172 171 171 172 171 170 170 171 170 169 172 173 175 177 179 180 182 184 184 184 180 176 171 169 169 170 170 172 172 169 167 168 168 171 174 176 174 169 166 165 168 173 177 180 184 184 181 178 173 166 161 163 168 171 174 176 178 179 180 178 179 181 182 182 182 179 173 168 167 169 170 172 174 177 180 185 187 185 187 187 188 187 187 186 186 186 189 187 183 182 185 187 186 188 190 188 185 185 183 180 179 179 178 180 181 175 175 179 184 186 192 196 197 196 198 202 205 213 213 199 130 40 7 8 10 8 8
235 182 184 190 190 189 184 180 174 168 167 170 171 177 185 190 192 188 185 186 186 186 188 189 187 187 186 184 184 191 196 197 192 188 183 174 165 157 155 157 163 167 167 172 177 177 180 181 176 174 180 189 193 187 184 183 179 175 173 170 170 175 179 182 182 181 184 190 193 193 189 188 186 183 180 179 181 183 180 179 180 183 182 180 180 184 188 187 183 179 176 175 170 167 167 163 156 153 148 141 138 140 150 160 166 171 170 167 168 167 164 166 169 169 170 174 180 184 183 184 185 183 179 177 176 174 170 172 174 174 170 171 174 174 173 174 174 170 165 167 169 172 179 181 182 184 186 184 183 179 177 174 172 170 167 165 168 170 169 169 168 167 168 171 174 174 171 171 170 171 173 174 178 182 185 183 181 177 171 164 164 168 170 172 174 174 175 177 177 176 174 177 178 180 178 173 168 167 167 168 171 174 177 179 182 185 186 188 188 189 189 189 189 188 188 189 189 186 183 183 185 184 186 188 189 185 183 181 178 177 175 174 178 181 175 169 174 182 186 191 191 191 191 198 204 210 213 211 205 159 68 14 6 11 9 8
236 186 187 192 195 193 188 183 177 170 171 177 182 187 190 189 190 189 187 188 189 189 191 191 190 187 186 181 182 191 196 193 186 182 180 174 163 154 150 150 157 166 167 170 175 175 178 180 175 165 173 187 189 185 183 183 182 178 173 169 167 171 178 184 183 181 184 190 195 195 190 186 183 182 182 181 182 182 181 179 177 175 175 176 179 184 186 186 183 178 175 173 172 170 170 168 162 158 152 140 135 135 141 153 163 169 166 166 167 163 166 171 172 167 167 170 175 180 182 185 184 182 178 177 175 173 172 174 175 172 169 171 173 175 175 177 175 171 166 167 167 169 177 180 183 183 183 184 180 177 177 174 172 170 166 165 169 170 169 167 166 166 166 169 174 174 172 172 171 171 172 173 177 181 184 184 183 182 175 168 166 167 169 171 170 169 170 172 174 173 172 172 174 178 180 176 171 168 168 170 172 176 179 177 177 180 185 187 188 190 190 190 189 189 190 191 191 187 184 182 185 185 183 184 187 185 183 179 176 176 173 170 176 180 176 170 172 180 184 186 187 187 190 198 203 206 205 202 199 179 108 35 7 10 11 8
236 187 187 194 196 195 192 189 184 177 177 184 189 192 190 190 191 191 191 193 192 191 191 191 189 187 186 182 183 191 194 190 182 176 175 172 165 156 147 144 155 165 166 169 175 174 174 178 178 168 175 187 187 184 182 183 183 181 179 176 172 172 179 185 187 185 185 190 192 194 190 187 182 180 181 182 182 183 179 176 172 168 168 172 178 184 186 185 182 177 173 170 171 172 171 169 166 163 154 141 135 136 141 150 158 165 166 168 170 169 173 177 172 166 166 169 172 178 185 188 185 180 177 176 174 172 173 175 174 171 170 170 172 176 178 177 175 171 167 167 166 168 176 179 182 183 183 180 176 175 177 175 172 169 166 165 169 170 169 167 165 164 164 168 174 174 173 173 171 171 171 172 175 178 181 183 184 181 175 171 169 167 167 169 167 168 168 168 170 170 171 170 171 173 173 172 169 168 169 171 175 178 179 177 173 176 183 185 188 191 190 190 189 189 190 191 190 187 185 185 187 185 183 183 185 185 182 177 174 173 171 169 174 177 177 176 175 178 179 180 183 185 189 198 203 203 198 193 189 180 135 60 9 10 10 8
236 190 191 195 197 197 195 193 189 184 183 190 194 195 194 193 193 192 194 196 194 192 192 189 186 186 186 184 184 189 192 186 178 173 172 171 170 161 151 149 158 167 169 171 174 176 176 177 176 175 183 187 185 183 180 181 183 183 183 183 181 179 183 186 190 189 188 189 191 191 188 187 184 179 180 182 181 180 173 166 164 164 163 169 177 184 186 184 181 175 170 167 168 171 170 170 168 164 154 138 135 139 145 153 159 166 168 172 173 175 180 179 173 169 168 169 171 176 181 188 185 179 176 174 173 171 170 173 173 171 169 170 172 176 178 176 171 168 165 164 163 167 174 177 182 183 181 174 171 174 174 175 171 168 166 166 169 171 170 167 164 161 161 165 172 175 175 174 171 171 171 172 173 175 177 181 183 181 178 174 172 168 167 166 166 168 170 169 167 169 170 169 169 169 167 167 168 168 170 175 176 178 181 179 176 180 185 184 189 191 190 190 189 188 188 188 187 186 186 188 187 186 186 185 185 184 182 178 174 173 171 168 169 173 177 177 177 178 177 178 179 181 188 199 203 199 194 188 182 173 151 91 22 7 10 8
235 189 189 194 196 197 196 194 191 187 185 192 194 194 195 197 197 194 194 196 194 191 190 189 187 187 186 186 186 184 183 181 177 173 168 171 175 168 161 160 165 172 176 177 176 180 180 178 175 180 187 186 185 185 183 182 182 183 185 188 188 188 189 188 189 191 191 189 189 189 188 187 186 182 181 180 179 176 168 161 156 158 160 166 174 179 181 180 179 176 170 167 168 167 168 169 167 161 150 136 136 143 151 157 163 170 170 172 177 177 180 178 175 174 172 171 173 175 178 184 185 180 177 175 173 173 171 173 172 170 169 169 171 175 177 177 169 164 163 163 164 168 172 173 179 183 180 172 169 171 171 174 174 171 167 168 171 173 172 169 164 157 155 162 170 173 174 175 173 172 173 173 173 175 175 178 181 182 179 176 174 171 169 169 170 170 169 169 167 168 169 171 171 170 168 168 171 172 172 173 172 174 178 179 180 184 184 184 188 190 189 190 188 186 187 185 183 185 189 189 188 187 188 187 186 183 180 180 177 175 171 169 168 169 174 175 176 177 178 179 177 182 190 199 200 194 189 185 181 174 164 124 44 8 9 7
236 187 186 190 192 195 196 194 192 187 185 189 192 190 193 198 198 194 192 194 193 189 187 188 187 185 185 186 187 183 179 179 175 173 167 170 174 173 170 171 172 174 178 178 178 181 179 180 178 182 187 186 185 187 189 187 182 183 187 189 189 191 191 188 186 188 189 187 186 185 186 188 186 183 181 181 180 175 169 164 156 156 159 163 169 175 177 177 178 176 171 168 165 161 163 164 159 154 147 138 138 148 156 160 164 168 168 172 177 180 180 177 175 173 172 171 173 175 179 184 186 183 180 177 175 175 175 174 172 170 168 167 170 174 177 177 169 162 162 164 166 168 170 170 174 180 181 176 172 173 174 177 179 176 173 172 174 174 172 168 163 155 150 157 164 168 172 173 172 172 173 172 173 175 176 176 179 180 179 177 176 174 173 173 173 172 172 170 167 168 170 171 172 171 169 169 172 174 173 169 167 171 176 179 181 183 183 182 185 189 190 189 188 187 189 185 184 187 190 188 187 187 190 191 189 186 181 179 177 176 173 170 170 169 170 172 174 178 180 180 178 183 190 197 196 190 187 188 187 181 173 150 72 15 8 7
236 189 186 189 192 195 197 195 192 189 185 187 192 190 193 198 197 191 189 192 191 188 187 186 185 184 184 185 187 183 176 176 174 172 169 172 176 177 178 181 180 181 182 181 179 180 179 181 183 185 187 187 185 188 191 188 183 183 188 189 189 191 192 188 186 185 185 186 186 185 186 188 187 183 181 181 180 175 171 169 161 157 158 161 165 170 175 178 178 176 170 164 158 153 156 156 152 150 148 145 146 154 160 163 165 166 167 172 177 181 181 179 177 175 175 174 175 177 179 183 185 185 184 184 181 179 176 171 169 168 165 164 166 171 176 177 170 165 164 167 168 169 169 169 173 179 180 176 173 174 176 179 181 180 175 174 176 175 171 167 162 156 150 153 161 168 172 172 171 171 172 171 172 175 177 177 176 177 179 177 177 176 176 176 175 175 177 175 168 169 172 172 173 172 171 170 169 171 170 167 168 171 175 180 182 183 183 183 184 187 188 186 184 183 184 184 186 188 190 190 188 188 191 191 189 188 185 183 180 178 176 173 175 172 171 172 175 178 180 181 183 184 189 194 193 190 190 195 197 194 187 176 110 31 8 7
236 192 188 190 193 197 198 195 192 189 188 191 195 194 196 198 195 188 186 188 187 186 187 185 184 184 183 186 188 184 174 172 173 171 171 176 183 183 184 188 187 189 188 185 182 182 181 183 187 190 190 190 188 188 188 187 184 183 188 190 190 191 191 189 187 182 180 182 184 186 188 189 188 184 181 182 180 174 174 174 168 159 157 158 160 164 171 177 176 174 166 159 153 149 150 149 144 148 152 154 156 157 159 161 160 162 167 172 176 179 182 183 182 180 179 179 178 178 179 180 180 182 185 188 188 183 176 170 166 165 163 161 165 170 173 175 174 171 170 170 171 170 169 166 170 176 179 176 173 174 178 180 183 179 173 172 175 175 168 164 163 159 154 153 159 167 170 169 169 168 169 171 170 173 176 175 174 175 176 177 176 177 177 178 178 179 182 179 173 172 174 175 176 175 174 171 168 167 166 167 168 171 174 177 180 182 184 184 184 186 186 184 182 180 179 183 187 188 190 192 192 191 190 188 186 189 190 190 187 181 179 176 175 172 170 171 176 180 182 183 187 186 188 192 194 194 195 200 206 206 202 195 148 57 11 7
237 193 187 189 192 196 197 193 190 188 192 196 199 198 199 196 192 187 185 186 185 184 186 185 184 184 182 185 187 183 175 171 173 172 174 182 193 190 188 191 193 193 193 190 187 184 183 185 188 192 193 191 190 190 188 185 184 184 188 192 192 192 191 189 187 182 179 178 179 184 189 189 188 186 183 183 181 176 175 174 171 161 157 155 154 157 165 175 174 172 166 157 153 150 149 146 144 151 158 162 161 157 156 156 153 160 169 173 175 179 183 184 183 181 181 181 179 178 178 177 176 178 180 185 190 187 179 173 166 162 162 160 165 170 173 173 172 171 170 171 170 171 169 165 166 172 174 173 171 172 175 181 183 180 174 171 172 171 166 163 162 160 158 155 159 165 167 165 165 167 169 170 170 173 176 175 174 175 176 176 175 176 176 177 179 182 185 183 178 176 176 177 177 176 176 173 170 168 167 166 167 170 174 176 177 180 183 182 183 188 185 184 183 184 183 184 186 186 187 191 193 191 189 186 186 187 189 191 189 183 181 176 171 164 165 172 177 183 184 186 188 189 191 191 189 194 198 206 212 210 203 196 167 84 22 7
237 192 185 186 190 194 197 196 189 190 193 197 199 200 198 198 197 191 186 184 184 182 182 181 180 180 180 184 187 185 180 178 183 183 183 190 200 197 194 197 201 201 197 192 191 191 189 188 191 193 194 192 193 192 189 186 185 184 185 188 191 193 192 190 188 183 178 172 176 186 190 192 192 190 187 185 183 177 173 171 168 164 156 153 154 155 158 166 170 169 165 160 155 153 152 150 152 160 163 164 163 157 155 156 157 161 168 176 179 182 186 186 184 184 185 184 182 178 174 170 171 175 178 181 185 186 185 181 173 167 167 167 169 172 170 168 167 170 170 169 170 170 169 168 170 171 165 164 163 165 171 183 185 182 176 170 169 168 163 162 162 161 159 157 156 157 158 159 160 163 167 169 173 178 180 180 180 179 177 175 174 173 174 174 177 183 184 183 182 182 180 180 180 178 177 175 173 171 169 166 167 169 170 170 173 179 178 177 180 183 183 187 187 185 188 186 187 186 186 188 191 187 186 185 185 185 185 185 184 182 181 172 161 157 164 175 181 185 189 192 196 197 196 194 192 195 204 210 208 204 197 191 178 119 45 8
237 192 187 190 190 195 198 197 192 191 192 194 198 200 198 199 198 192 187 185 183 179 180 181 180 179 180 182 186 185 183 183 188 189 188 191 195 195 197 198 203 204 198 192 190 191 191 189 191 194 195 193 193 192 189 186 185 184 185 187 191 194 193 192 189 184 178 171 177 187 191 193 191 190 187 185 184 180 177 173 167 163 155 152 155 156 156 162 166 168 166 165 160 156 154 155 161 167 167 165 164 158 157 158 161 167 172 176 180 186 189 188 185 185 186 186 183 178 171 169 170 173 175 179 183 185 186 183 177 169 168 169 171 171 166 162 165 169 169 169 169 170 168 166 168 168 161 157 158 161 168 182 185 181 178 173 169 168 163 162 162 161 160 158 155 151 151 156 158 162 166 170 174 180 182 183 182 180 179 175 172 172 173 173 175 180 183 183 184 183 181 181 181 179 177 176 174 172 170 169 167 166 167 169 171 176 174 172 175 178 181 184 185 185 187 188 188 185 185 188 186 184 183 183 184 185 184 184 183 182 180 172 164 162 170 177 181 185 192 198 203 200 196 195 194 197 203 208 206 201 195 189 180 146 73 13
237 193 189 193 194 199 201 199 195 191 189 189 194 198 199 200 199 192 189 186 181 177 179 181 180 179 179 181 185 183 184 185 184 184 187 191 192 193 196 196 202 201 194 189 187 188 188 189 192 194 195 194 193 193 191 188 185 184 184 188 192 194 193 192 189 185 179 175 181 187 190 191 190 188 185 183 181 180 179 177 168 162 156 155 158 157 156 161 165 167 168 168 164 160 159 161 168 173 170 166 165 162 162 163 167 173 175 177 181 187 189 188 185 185 185 186 184 176 170 170 170 171 174 178 182 185 188 184 176 166 165 168 170 170 165 161 165 168 169 168 168 170 168 164 163 164 158 154 154 157 165 179 183 178 175 174 171 167 165 162 160 160 161 158 152 149 151 155 157 161 164 167 172 179 182 185 182 180 181 176 172 171 172 173 172 177 183 184 185 184 181 180 181 180 178 177 175 173 171 170 167 166 165 167 170 175 173 171 174 176 178 180 180 182 185 188 188 185 184 185 182 183 182 183 184 185 184 184 184 183 181 175 170 169 175 178 181 187 191 196 201 198 193 193 192 194 198 205 205 198 193 188 180 161 101 25
239 196 192 195 196 200 201 198 195 192 189 188 191 195 197 198 198 193 189 185 180 178 180 182 181 180 180 180 180 180 181 182 182 182 185 189 189 190 192 191 196 195 189 185 186 185 188 192 195 197 197 197 197 196 194 192 188 183 182 185 188 188 189 188 187 184 181 182 185 188 187 187 187 184 179 176 175 175 178 178 171 164 160 159 159 156 157 162 166 169 170 171 169 167 165 168 172 176 174 170 169 167 167 170 172 176 174 175 183 187 187 186 183 181 182 184 182 176 172 169 169 169 172 177 181 184 187 184 174 165 163 165 167 166 165 164 167 169 170 169 168 169 169 164 161 161 157 152 151 152 159 173 176 173 170 171 170 167 165 162 159 158 158 155 148 147 154 155 156 161 163 165 169 174 180 184 184 182 182 178 173 173 172 172 172 176 182 182 182 181 177 176 179 181 180 179 178 175 172 170 169 167 165 165 170 175 174 172 175 177 178 178 178 180 182 184 185 184 182 182 182 184 184 185 185 186 186 186 186 185 184 180 176 173 173 175 181 189 188 191 193 193 189 189 188 188 194 202 203 197 188 181 175 165 128 44
239 198 195 196 196 197 198 195 195 195 190 188 190 190 190 193 195 193 189 184 181 181 181 184 184 183 181 175 173 176 177 179 182 183 185 187 188 189 190 189 190 192 187 182 184 184 190 195 197 198 199 201 200 199 195 192 190 184 181 182 182 181 181 182 183 180 180 184 188 188 186 186 184 177 170 167 167 169 173 174 170 164 161 162 160 156 158 164 169 172 172 172 173 173 171 172 176 180 178 175 174 172 173 176 177 175 171 174 184 186 185 183 179 180 182 183 180 178 175 170 167 168 170 175 178 181 184 182 174 165 163 166 167 165 163 166 169 171 172 170 168 169 169 164 160 161 158 153 149 149 153 162 163 162 163 166 169 168 165 163 161 158 157 154 149 147 153 153 154 160 163 165 167 170 174 181 187 185 182 178 175 174 173 173 173 177 180 180 177 176 175 175 178 181 180 179 177 175 173 171 169 167 165 165 167 171 171 171 175 177 179 178 178 179 180 181 181 182 182 183 183 184 184 185 187 188 188 187 186 184 183 181 180 176 175 176 181 188 187 187 191 191 187 186 187 187 195 201 199 194 187 180 175 166 148 69
239 198 194 196 195 195 196 194 194 194 190 189 190 189 186 188 191 192 188 183 180 179 182 182 184 184 180 174 169 173 175 177 181 183 184 185 187 190 190 189 188 189 186 180 179 182 188 193 196 199 203 205 201 197 195 192 189 184 181 178 175 174 175 176 178 178 179 183 186 187 186 185 181 170 163 159 159 164 168 170 168 160 160 163 161 158 161 169 174 176 172 171 173 174 174 175 177 181 181 177 175 173 173 176 179 172 166 172 182 185 184 182 178 177 181 183 180 177 174 170 169 171 172 177 180 181 183 179 169 163 162 164 165 164 162 165 169 172 173 171 169 169 168 165 162 158 156 151 147 146 148 151 153 151 151 158 166 167 166 165 163 160 159 158 154 151 150 151 151 156 161 166 170 171 174 177 184 185 182 180 177 176 174 173 173 176 176 175 173 172 173 174 174 176 177 177 176 176 172 169 169 167 166 165 166 168 167 172 179 181 183 182 180 179 180 181 181 181 182 182 182 182 183 186 186 185 187 186 184 181 181 181 181 181 182 182 182 186 186 187 191 190 188 186 186 187 193 199 200 195 191 189 182 172 161 95
240 197 191 194 194 195 194 193 193 193 192 193 193 190 187 188 190 190 189 184 181 180 183 183 182 182 180 174 169 173 176 178 182 184 183 183 186 193 193 192 191 189 186 180 179 181 185 189 194 199 205 207 203 195 192 192 188 181 178 175 174 172 172 174 176 177 178 180 182 185 187 185 176 166 159 155 156 159 162 166 163 156 160 164 165 163 167 174 178 178 174 171 172 175 172 174 177 180 181 179 177 174 174 176 176 171 168 172 179 183 182 180 177 176 180 183 182 179 176 172 170 172 174 178 180 180 180 177 168 163 161 161 162 163 162 164 169 172 173 173 170 167 166 165 164 160 154 148 144 144 146 145 149 146 144 152 161 165 168 168 168 165 162 162 160 153 147 146 147 153 158 164 168 170 174 175 180 182 182 181 178 179 176 175 174 175 174 174 170 166 169 172 172 172 174 174 172 175 173 170 169 167 166 167 165 166 168 174 181 185 189 186 183 181 183 180 180 181 183 184 181 182 186 186 183 182 184 185 182 179 179 181 182 183 186 186 186 187 187 187 188 190 189 188 188 188 192 199 203 199 197 195 189 182 172 124
240 196 190 193 193 191 189 189 190 192 193 195 195 193 191 191 191 190 188 187 185 183 183 182 179 178 178 172 171 175 180 182 185 187 183 181 183 192 194 193 192 192 189 184 181 181 184 188 193 197 203 207 204 195 191 191 185 179 176 175 175 173 172 174 177 179 179 179 179 180 183 183 174 165 158 153 155 153 152 157 160 157 160 165 167 167 171 175 179 179 175 172 174 175 171 171 176 177 178 181 178 173 174 175 173 173 173 174 177 179 179 179 176 173 177 180 182 180 176 172 171 171 174 178 181 182 181 175 167 160 157 157 160 160 160 164 170 173 175 176 171 167 165 166 165 162 155 148 144 144 144 144 148 147 144 150 155 161 167 169 171 169 165 165 163 157 151 148 150 154 157 160 162 165 170 174 178 182 183 180 178 180 179 178 176 176 174 174 169 163 163 167 170 171 171 170 168 173 176 172 170 168 167 168 166 166 169 172 180 189 196 193 186 184 185 178 178 179 181 183 182 186 188 184 179 179 183 185 182 179 179 181 182 186 190 188 188 187 187 187 188 191 191 191 191 191 192 198 203 200 199 197 193 189 178 148
238 196 190 192 190 185 183 185 187 190 192 194 195 196 194 194 192 191 190 190 188 183 180 178 176 175 176 174 174 178 183 186 190 191 186 182 183 192 195 193 190 191 191 187 184 184 186 189 193 196 201 205 203 195 193 191 184 180 178 178 177 176 176 177 179 183 181 179 180 180 181 179 171 165 159 156 158 152 146 149 158 161 162 166 168 170 173 175 178 179 175 173 173 174 171 170 174 176 177 181 179 176 175 174 173 174 173 174 176 179 180 178 175 173 175 180 181 180 178 175 174 173 175 178 181 184 185 177 168 154 140 146 158 161 159 163 168 172 176 177 173 170 166 166 167 162 157 150 146 146 145 145 147 148 146 148 151 156 165 168 172 172 170 170 167 163 158 155 154 155 157 158 160 162 164 169 176 183 185 180 178 179 179 178 178 176 173 173 167 161 160 164 170 172 171 169 167 170 175 173 172 170 169 168 165 166 170 173 179 190 196 195 190 186 184 178 175 176 179 181 181 186 187 182 177 180 184 185 182 179 179 181 182 186 191 188 188 188 188 187 189 192 193 192 191 190 191 195 199 197 196 194 192 185 177 162
237 196 191 190 187 182 179 181 184 188 190 193 194 194 193 192 191 190 190 190 189 183 175 175 176 175 176 176 177 181 187 190 194 194 189 187 187 192 193 192 191 192 191 188 186 186 188 190 194 196 201 203 200 195 192 191 187 183 180 181 182 181 177 177 180 184 181 178 177 177 176 174 169 165 162 161 163 154 148 149 157 163 165 167 169 172 178 181 179 180 177 173 173 175 174 172 174 176 178 180 179 177 175 175 176 176 173 174 176 180 179 178 176 175 177 181 182 182 180 177 176 178 178 178 179 183 184 177 168 148 127 136 157 162 162 163 167 172 176 179 175 170 167 167 167 164 160 155 150 147 147 147 146 149 149 149 150 155 165 168 173 175 174 171 170 167 165 162 159 159 161 160 161 163 162 168 174 182 185 180 177 178 179 179 178 175 173 171 167 162 161 164 170 172 171 169 169 170 170 171 172 171 170 168 164 167 173 177 180 186 191 192 190 186 183 176 175 175 177 179 183 186 188 185 182 183 185 185 183 180 180 181 182 185 190 191 190 188 188 187 190 193 193 192 190 188 189 192 195 197 195 194 193 185 178 169
238 194 187 185 183 180 177 179 180 184 188 191 193 192 191 190 189 187 186 186 185 182 178 174 175 176 176 178 183 186 188 191 196 196 190 188 190 191 190 190 192 193 192 187 190 191 190 192 195 197 198 199 198 194 193 194 189 185 183 186 189 187 181 180 181 180 176 175 171 167 166 165 163 165 165 167 169 159 155 158 164 169 169 169 171 176 183 184 180 180 177 173 174 178 180 179 179 180 180 180 179 178 176 176 180 180 177 174 175 177 177 177 178 177 178 180 183 184 180 176 175 178 179 179 180 182 184 177 166 151 136 144 163 168 167 166 169 175 179 180 175 169 166 165 167 167 165 161 153 147 147 148 149 150 150 149 149 154 163 169 174 177 176 172 169 169 168 167 163 161 162 161 162 164 163 167 174 179 180 176 174 174 176 179 178 175 170 168 167 163 163 165 170 173 172 170 171 168 165 167 169 170 169 164 162 170 178 182 181 181 182 184 185 182 181 176 177 179 180 182 184 188 190 190 187 185 187 186 185 182 183 183 184 184 186 188 187 185 185 185 187 189 193 192 191 188 188 190 193 198 196 195 195 190 182 172
238 194 186 181 178 174 173 176 179 182 186 192 192 191 190 191 189 186 182 182 184 183 179 175 175 175 174 179 185 187 189 192 195 195 191 189 191 191 191 191 191 191 190 187 191 193 193 193 194 196 195 195 195 194 196 196 191 185 183 188 191 189 185 183 180 176 172 169 166 162 161 160 160 162 165 169 170 158 159 172 178 172 168 168 173 180 186 185 181 181 180 176 176 179 183 185 184 183 182 182 182 181 177 176 181 183 180 177 175 175 177 179 178 177 177 179 185 185 178 173 173 176 178 179 180 181 183 175 164 155 152 158 169 171 168 167 172 179 182 179 172 169 167 164 165 167 167 163 154 148 149 151 152 151 149 148 149 154 163 168 173 176 176 172 169 168 168 170 167 162 161 161 163 163 166 170 174 175 177 174 171 171 173 176 176 173 169 168 168 165 162 164 169 172 172 170 168 166 164 166 167 167 165 161 162 170 179 184 180 177 178 179 181 181 180 179 179 182 183 185 187 189 188 188 187 187 186 185 186 185 186 186 185 185 186 188 186 183 184 186 189 188 190 190 190 188 188 190 194 201 200 198 198 196 189 174
238 194 186 182 177 172 169 175 180 185 187 190 190 189 188 189 189 186 178 178 185 186 180 177 177 175 174 178 183 185 189 192 193 193 192 192 193 190 191 193 192 192 190 188 191 193 194 193 193 194 194 192 192 192 196 195 189 184 181 186 189 185 184 185 180 173 170 168 165 163 162 159 159 160 162 167 167 156 159 173 185 176 167 166 171 179 185 186 184 182 181 178 178 180 182 186 187 184 182 183 182 180 177 177 182 187 184 180 176 176 178 179 178 177 177 181 186 185 178 172 172 176 176 178 179 178 181 174 163 157 159 166 168 167 166 167 172 177 180 178 173 171 169 166 165 168 167 163 156 154 154 154 153 152 149 148 151 156 162 167 171 175 175 172 170 170 170 169 166 163 164 164 165 164 166 170 173 175 175 172 170 170 170 173 174 173 170 169 169 166 163 164 167 169 170 170 166 165 165 164 165 163 161 159 163 171 177 180 177 176 177 178 179 181 182 180 180 183 184 185 187 188 187 186 185 185 185 184 186 189 188 186 185 184 185 189 187 184 185 188 188 186 187 188 189 188 189 192 198 201 201 202 201 197 189 173
238 194 186 182 181 178 174 176 181 185 188 189 189 187 185 187 189 192 186 184 188 185 180 180 180 178 175 177 182 184 188 191 191 190 190 192 193 190 191 194 194 193 192 192 193 193 194 196 195 195 192 189 187 187 190 189 185 180 179 181 183 182 183 184 180 175 171 169 167 166 166 161 160 162 164 164 162 161 164 170 179 176 169 167 169 174 181 186 185 184 182 180 180 182 182 186 188 186 184 183 182 178 178 180 182 186 185 183 180 179 179 180 179 178 177 179 182 182 176 172 170 173 174 176 177 176 174 171 164 158 158 163 164 164 165 168 173 176 177 177 176 173 170 168 169 170 169 166 158 156 157 158 156 154 149 150 153 158 162 167 171 173 174 174 172 172 172 171 167 166 168 168 168 167 168 169 170 172 173 171 170 169 169 171 172 172 170 169 168 166 165 165 166 167 168 167 165 163 162 160 161 161 159 159 164 171 175 174 174 175 177 178 179 181 183 182 182 185 185 185 186 186 185 184 182 182 182 181 184 188 188 186 186 185 186 189 190 190 192 194 191 189 191 192 193 197 197 199 201 199 201 203 199 192 184 171
237 193 187 183 179 176 174 176 178 182 185 187 189 185 182 184 189 193 191 189 186 184 181 182 183 180 177 179 184 184 186 189 189 188 188 193 191 190 193 194 194 194 194 195 194 191 194 196 197 196 192 190 186 181 181 182 182 175 176 178 179 181 183 183 182 179 175 173 171 172 170 166 165 166 166 162 157 163 170 171 174 175 170 168 169 169 174 183 186 185 184 182 183 184 184 187 190 188 186 185 181 177 179 181 180 183 185 186 184 182 180 180 179 179 175 176 180 180 175 170 168 171 173 174 173 172 168 166 164 162 162 162 161 163 165 171 175 176 178 181 179 175 169 169 171 172 168 167 162 160 161 163 160 156 150 151 156 160 163 167 170 171 174 175 174 172 171 172 170 171 172 171 171 172 171 170 169 168 169 170 170 168 168 169 170 170 168 167 166 166 166 166 165 163 164 165 165 165 164 164 163 162 161 161 165 171 172 172 173 173 176 178 178 181 184 184 184 186 186 187 185 184 182 182 181 181 180 178 180 183 184 186 187 189 191 194 194 194 195 195 191 189 192 192 195 202 203 201 201 200 202 202 197 190 184 173
237 195 186 181 173 168 170 174 176 180 182 184 187 183 182 184 188 192 190 186 183 183 181 181 184 182 177 179 185 187 187 188 188 188 188 192 192 192 192 191 191 193 194 195 192 190 192 194 195 194 192 190 186 178 175 177 179 175 174 175 179 180 181 183 182 179 179 176 173 175 173 170 168 169 167 163 156 159 170 173 175 174 170 166 166 170 174 180 185 186 187 185 185 186 187 188 190 190 188 185 181 178 179 180 181 181 183 187 186 183 183 182 180 178 175 174 178 179 175 170 168 170 173 174 171 169 164 161 162 166 165 162 161 163 166 170 174 176 181 184 180 175 170 170 172 172 168 167 164 163 165 169 163 155 148 149 154 159 164 167 171 172 175 174 173 172 172 173 173 174 174 172 171 171 170 167 166 164 164 167 169 169 169 170 170 170 168 167 167 167 165 163 162 160 162 165 168 170 169 167 166 167 164 162 164 168 171 172 172 172 174 175 177 182 183 186 187 187 187 188 186 184 180 181 181 183 180 178 177 177 181 184 185 188 193 199 199 197 194 193 188 186 188 187 189 196 200 200 203 203 204 202 197 191 187 177
237 194 187 184 176 167 168 175 178 178 178 181 184 180 179 183 188 190 188 184 183 183 182 183 187 187 183 185 194 194 188 184 184 187 188 191 194 188 187 188 189 188 191 195 193 190 191 195 194 192 189 188 185 178 174 176 181 180 176 177 181 181 179 180 179 178 176 177 177 177 176 175 173 172 170 165 156 156 166 173 174 171 169 167 168 175 179 178 180 186 188 186 186 187 189 191 193 192 188 184 184 181 180 181 181 182 184 186 187 187 182 179 178 178 178 177 179 179 174 169 166 170 176 176 171 166 161 158 161 166 168 165 162 164 167 171 171 173 180 184 181 176 173 173 175 174 171 167 165 166 169 171 164 154 145 144 148 154 162 168 173 174 174 172 171 172 172 173 175 176 176 175 172 169 167 163 161 159 161 166 170 172 172 171 170 169 169 169 170 171 168 166 165 163 165 166 171 176 174 169 168 169 166 161 160 165 171 174 172 170 170 172 175 180 183 187 189 187 187 187 186 185 180 179 180 183 182 179 176 174 179 185 186 187 193 198 199 194 188 186 183 183 181 180 184 193 199 200 203 201 203 202 194 190 190 184
236 192 188 185 181 176 174 179 180 178 177 180 180 178 179 183 188 191 188 185 186 185 186 187 188 188 189 194 201 197 188 183 184 189 190 190 191 186 185 186 188 188 190 192 193 192 192 195 193 191 189 187 185 179 175 177 182 181 180 181 182 179 176 176 177 176 176 178 177 174 173 174 174 172 170 167 160 156 166 173 173 168 165 167 172 178 181 178 180 187 189 188 188 188 190 193 195 193 189 185 185 183 183 182 181 181 183 184 186 188 182 178 178 179 180 180 181 179 173 166 162 170 177 178 173 165 160 159 163 169 169 165 163 165 171 174 171 173 179 185 184 181 176 175 175 173 172 170 168 167 168 169 164 155 148 146 148 148 155 166 172 174 174 172 171 171 171 170 173 175 176 177 172 169 166 162 159 160 163 168 172 175 174 173 171 170 171 172 173 173 173 172 174 170 170 170 170 174 172 167 167 167 164 161 161 166 171 174 172 170 170 170 172 177 180 184 187 188 188 188 187 187 184 180 181 186 185 183 179 176 178 184 187 189 191 195 194 188 184 184 182 182 179 180 186 194 196 198 201 199 201 201 193 191 193 190
234 188 185 183 181 180 178 181 183 180 177 178 178 178 181 185 189 190 188 187 188 187 188 188 186 187 192 199 202 198 188 184 185 189 190 190 189 185 184 185 187 187 188 190 193 193 193 193 190 189 188 187 185 181 179 180 181 179 181 183 181 177 174 173 173 175 174 176 175 172 171 172 171 170 170 168 163 162 168 172 171 167 163 167 175 181 182 180 183 188 190 190 189 189 190 191 195 194 191 187 185 184 184 184 182 182 182 183 185 187 184 181 180 180 181 181 183 183 175 168 164 173 178 177 171 164 159 160 166 170 169 167 164 164 170 173 170 173 179 182 184 182 178 175 174 172 171 171 169 168 168 172 167 157 151 150 151 148 151 161 170 173 171 170 170 171 170 167 171 175 176 176 172 169 167 161 160 163 166 171 174 177 176 175 173 172 173 174 174 173 174 176 180 178 175 171 168 168 166 164 165 165 163 162 164 170 174 174 173 172 169 167 169 174 178 185 189 190 186 186 187 187 187 184 185 189 186 181 180 178 180 183 187 188 188 191 192 190 187 185 185 185 180 183 189 194 193 196 198 199 200 200 194 191 192 191
231 183 181 181 177 175 177 182 186 181 177 178 180 181 183 185 189 191 191 191 191 190 187 186 184 185 191 197 200 195 191 188 188 189 189 190 190 185 183 184 186 186 188 190 190 192 191 190 187 185 186 187 186 183 182 182 179 177 178 180 178 174 172 171 172 174 175 174 173 173 172 171 169 169 169 167 167 167 170 173 172 172 167 167 174 183 184 183 186 188 189 191 191 191 191 192 192 193 192 188 186 183 185 187 185 185 184 184 186 187 187 185 183 179 178 179 182 183 178 173 172 178 180 177 171 164 159 160 165 168 168 168 166 164 167 169 167 170 175 178 180 180 178 175 174 174 171 168 167 168 171 177 172 163 157 153 154 151 149 158 168 170 167 167 169 169 167 163 165 172 174 173 170 169 168 162 160 162 166 171 176 177 176 175 174 175 176 177 175 172 171 175 180 180 177 173 169 169 166 164 164 166 166 167 167 172 177 178 176 173 168 166 167 171 179 188 192 192 187 186 186 186 188 187 189 190 185 178 178 178 180 183 184 184 185 185 185 186 187 188 188 189 190 195 197 193 192 194 195 197 200 202 197 195 193 189
230 177 173 173 170 168 173 181 188 182 177 180 183 183 183 184 186 192 196 195 194 192 187 185 184 183 188 192 195 194 193 193 194 191 187 188 188 183 182 183 185 186 188 188 188 190 188 186 183 182 183 185 185 184 185 183 180 175 174 176 174 171 172 174 177 176 175 175 176 176 175 172 169 169 167 163 167 169 172 172 174 176 174 171 175 180 182 184 185 189 189 189 192 191 192 193 193 190 186 185 186 186 187 188 187 186 186 188 188 190 188 185 182 178 176 177 181 182 176 172 173 178 179 177 174 167 161 163 164 165 167 169 167 166 165 164 163 166 170 173 175 175 174 173 173 174 171 168 166 167 173 181 176 170 163 157 154 152 150 153 164 167 166 168 169 169 163 158 163 171 174 172 170 167 165 160 156 158 162 167 176 177 174 173 172 175 180 181 177 171 169 174 179 178 178 177 174 171 170 170 169 169 170 172 173 176 178 180 179 174 169 167 166 173 183 193 195 192 187 186 186 188 192 192 193 193 187 180 177 175 176 181 183 181 177 173 171 176 181 185 188 194 200 202 198 190 192 196 196 199 201 203 203 202 199 190
229 174 167 168 168 168 173 181 186 179 177 180 184 185 185 184 186 193 197 196 193 190 187 184 184 184 187 189 191 192 192 191 192 190 186 185 183 178 178 181 183 183 184 186 186 187 186 184 183 183 185 186 185 185 184 181 179 176 172 173 172 171 169 171 174 176 174 169 170 171 172 171 169 169 166 163 166 170 171 171 173 177 177 174 176 179 179 182 183 184 186 188 190 192 192 193 190 185 181 180 183 186 187 189 187 187 188 189 189 190 189 186 183 181 176 176 182 182 176 174 174 180 182 179 174 170 167 167 165 164 165 166 168 167 166 165 163 166 168 171 174 174 173 172 171 171 169 166 164 165 169 178 176 171 165 159 155 154 154 154 161 165 167 168 170 169 165 161 165 171 173 171 169 164 162 158 156 159 161 166 173 174 172 170 171 176 181 181 177 172 169 173 177 178 177 176 175 174 171 171 172 171 174 178 179 179 182 183 181 177 172 171 172 179 186 192 192 189 186 184 184 188 191 190 190 189 187 181 175 171 169 176 180 178 169 162 159 164 173 181 188 195 198 195 190 187 189 195 198 200 201 204 205 206 203 195
231 177 168 171 171 172 175 182 186 181 178 182 186 187 187 188 190 194 196 194 191 188 183 179 180 181 182 185 188 190 191 189 188 187 185 184 182 177 177 180 183 182 181 183 184 184 184 184 184 185 188 187 186 184 184 181 179 177 174 173 169 164 162 162 164 169 168 161 159 161 167 168 167 167 165 164 167 166 168 171 174 178 179 177 177 177 177 180 181 180 181 185 188 190 191 191 186 181 177 175 180 184 186 188 188 188 187 188 187 186 185 184 185 183 179 179 183 182 178 176 177 182 184 180 175 173 172 168 163 162 163 163 166 167 167 167 167 167 166 170 175 174 172 169 166 164 165 165 163 163 166 174 172 169 166 160 157 157 157 155 158 163 167 167 170 171 169 166 168 171 172 172 168 162 160 157 159 161 163 168 172 172 169 167 170 175 179 179 179 175 173 173 175 175 176 174 175 176 173 172 175 176 178 183 185 184 184 184 184 180 176 176 181 187 189 190 191 190 185 182 181 184 187 187 187 187 185 181 174 168 163 171 176 177 169 160 154 157 165 175 183 188 191 190 186 183 186 192 196 197 198 201 201 202 201 197
233 181 175 176 176 175 178 183 183 182 180 183 186 187 189 191 193 194 195 193 190 187 182 177 176 176 177 184 187 189 190 189 187 187 186 186 183 180 176 177 180 180 179 180 181 181 181 183 183 185 187 186 184 183 183 182 180 175 173 173 166 160 160 159 158 162 163 156 151 154 162 165 164 166 166 164 166 164 164 168 172 177 177 176 176 177 175 178 180 177 178 183 188 188 188 188 185 181 176 172 178 184 187 189 188 188 187 187 187 185 184 185 184 185 184 182 184 183 181 179 180 184 184 180 176 177 179 174 164 161 161 159 161 162 164 167 168 167 167 171 175 174 172 169 165 161 164 166 166 165 166 170 168 166 163 159 160 160 160 159 159 161 164 167 170 173 171 168 168 170 171 171 168 163 161 160 162 164 167 171 173 171 169 167 170 174 179 179 179 177 176 176 176 175 176 174 174 177 178 178 181 181 184 188 190 187 184 183 183 181 178 179 185 192 194 193 194 191 184 182 180 181 187 189 187 186 185 182 177 171 167 173 176 176 172 163 159 158 166 173 181 186 190 189 186 182 186 192 195 193 193 197 198 197 195 192
234 189 182 182 180 177 179 183 183 182 180 181 184 187 189 190 191 193 193 191 188 185 182 179 177 175 177 183 187 189 190 190 189 188 187 186 181 178 174 173 174 178 177 178 179 180 180 180 181 184 185 183 182 180 181 181 180 176 174 174 169 165 164 162 160 160 160 155 152 155 157 160 164 168 169 166 164 163 164 166 170 175 175 174 175 175 174 176 178 176 178 183 188 187 186 186 185 181 176 171 175 184 189 190 189 187 187 188 187 185 185 185 183 183 186 186 185 183 181 182 183 183 184 182 181 182 184 180 172 163 160 158 157 158 160 165 168 169 170 172 174 174 173 170 166 162 165 168 169 168 167 166 164 161 159 157 160 161 162 162 162 161 163 165 168 170 170 168 168 170 170 170 168 166 164 164 165 166 170 174 174 171 169 168 170 174 178 178 177 175 176 178 178 179 176 174 173 176 182 187 188 187 189 191 190 185 180 180 180 179 179 178 182 192 196 198 196 190 182 181 179 179 187 190 187 186 186 185 183 180 180 180 178 175 171 165 162 164 170 176 181 189 194 193 189 185 187 193 195 191 188 191 193 191 189 186
236 195 187 184 182 182 182 183 183 182 180 179 180 184 187 186 187 189 189 189 188 184 181 180 180 181 182 184 187 189 189 192 191 188 187 184 180 177 173 168 169 177 178 178 179 180 179 177 177 181 182 181 179 177 177 178 178 178 177 176 174 172 168 166 166 167 164 158 155 155 154 158 163 170 174 172 167 164 165 169 173 176 175 173 173 173 173 176 178 176 178 183 186 188 186 185 184 181 177 172 174 181 189 191 189 188 187 188 186 182 183 184 183 182 184 188 188 184 182 184 185 182 181 184 186 186 187 185 177 167 163 160 158 158 159 165 168 172 174 174 174 173 171 168 167 166 170 172 173 173 172 168 163 159 157 157 159 161 162 162 160 160 165 167 166 167 169 169 169 171 173 171 170 169 169 170 169 171 175 176 174 171 170 172 172 174 173 174 175 177 179 181 182 181 179 176 174 177 184 191 194 194 192 190 188 181 176 175 175 175 175 175 180 188 190 192 192 189 181 181 181 182 188 192 190 188 190 190 189 188 187 184 181 179 175 170 168 172 177 178 181 189 195 195 191 188 188 194 198 194 188 185 185 184 182 182
238 197 190 186 185 185 183 182 182 182 181 178 179 183 185 184 185 186 187 186 186 183 179 179 181 183 184 185 186 188 190 193 191 187 185 182 178 176 172 167 168 176 180 180 181 181 180 176 175 177 180 179 177 175 175 176 177 179 179 178 176 174 170 168 168 169 169 165 161 161 157 157 162 169 174 174 171 170 168 171 177 178 175 173 173 173 174 177 178 176 177 181 184 186 186 186 185 183 178 173 175 180 186 188 187 189 189 190 187 182 182 182 181 180 181 184 185 185 185 187 186 181 179 182 186 186 187 184 180 174 167 161 160 160 160 164 169 171 174 176 175 172 170 165 163 165 170 176 179 178 175 168 162 157 155 159 160 161 161 160 158 158 165 165 167 169 171 171 171 173 176 175 173 171 171 173 175 177 178 177 173 170 172 175 175 173 171 172 174 178 180 181 184 183 179 178 176 179 183 190 192 195 194 187 183 179 174 171 172 173 172 170 174 183 184 188 189 186 181 180 180 184 188 191 188 186 190 190 191 189 186 182 182 180 177 175 175 178 182 182 183 187 191 191 189 189 189 197 202 197 188 181 179 179 179 183
237 197 192 189 187 186 184 182 182 185 184 182 181 183 184 184 183 184 184 183 182 182 180 179 181 185 185 183 185 187 189 191 189 185 183 182 179 177 174 170 169 178 180 180 180 181 180 175 173 173 175 177 175 174 174 176 177 177 180 179 178 176 173 171 169 169 172 170 167 169 166 163 164 168 170 171 173 177 175 174 178 179 177 175 176 176 177 179 178 173 173 175 180 184 186 188 186 183 180 176 176 180 184 186 184 185 190 192 188 185 184 182 178 177 177 177 179 183 188 191 187 182 178 180 183 186 186 181 179 177 171 164 162 160 160 163 170 174 175 177 175 174 171 164 162 165 171 180 184 182 175 166 161 156 154 160 162 162 161 160 157 157 162 164 168 171 171 171 173 175 177 178 176 174 174 178 181 182 178 174 172 172 175 179 178 173 169 170 174 178 181 183 183 184 181 178 177 179 183 188 191 194 192 184 182 181 174 168 168 170 169 166 169 177 179 183 186 182 176 173 174 180 185 189 184 182 184 185 186 186 182 181 179 175 177 178 179 182 185 184 184 187 187 187 188 189 191 200 205 198 188 181 178 176 178 183
238 200 195 192 187 186 184 182 182 186 188 187 183 183 183 182 183 184 182 182 181 181 180 177 181 187 186 183 185 187 189 188 186 183 182 182 179 176 174 170 169 178 180 180 179 179 179 175 173 173 173 174 175 174 174 176 176 177 180 179 178 177 176 174 170 168 172 173 172 172 172 170 168 167 168 170 173 179 182 182 182 179 177 175 175 175 177 178 176 170 168 170 174 179 186 188 187 184 182 179 178 180 183 186 183 182 189 193 191 187 184 181 177 175 175 175 175 178 187 192 188 180 177 178 181 185 185 179 177 178 176 170 165 162 160 163 171 176 177 177 176 175 173 167 164 165 170 179 184 184 179 164 159 156 155 160 161 162 161 160 158 157 159 162 168 170 169 170 172 174 174 176 177 176 177 184 188 185 177 170 170 174 178 180 179 175 171 171 174 178 182 183 181 182 182 179 177 179 183 189 190 192 190 182 179 179 177 172 171 170 168 166 168 172 175 179 181 176 171 168 168 172 179 183 180 178 178 179 183 184 180 176 174 170 175 180 182 185 187 184 183 186 185 184 188 191 194 203 206 199 190 184 180 176 177 181
239 205 199 194 189 188 186 183 182 186 190 187 184 183 181 180 183 185 185 184 182 182 179 176 179 187 187 185 186 186 188 187 183 180 181 179 178 177 177 174 173 178 183 183 181 181 183 177 174 173 173 175 177 176 175 176 176 178 181 180 180 179 178 175 169 166 171 174 174 174 175 173 170 165 167 169 174 181 187 190 187 179 176 173 173 175 175 173 171 167 165 166 170 177 185 188 187 185 182 179 176 176 179 183 181 181 188 191 191 188 183 178 175 174 176 177 175 176 182 190 186 182 177 174 175 177 178 175 175 174 175 173 169 166 163 165 171 175 177 178 179 179 176 169 163 158 163 175 180 179 176 168 162 159 159 162 162 163 162 159 158 158 158 161 166 169 170 170 170 170 169 172 176 178 180 189 193 186 174 167 168 174 178 180 180 176 173 175 178 180 183 181 179 180 183 181 181 182 184 187 186 187 188 182 177 177 178 178 177 173 170 168 167 168 170 175 177 175 171 167 164 166 171 173 173 175 176 176 179 180 175 170 170 170 174 180 182 187 187 183 183 185 185 185 189 193 197 203 203 197 189 182 180 179 178 178
240 205 201 198 196 193 189 186 185 188 189 185 183 183 180 179 183 188 189 188 185 184 183 180 182 188 189 188 188 188 187 185 181 180 181 178 178 178 180 179 177 178 180 183 185 185 182 176 174 175 174 176 179 179 178 178 180 182 183 182 182 182 179 173 167 164 167 172 175 175 176 172 166 164 165 170 175 182 187 189 187 181 175 172 172 177 176 170 168 166 163 164 169 176 182 184 186 186 184 178 173 172 176 179 179 183 185 189 192 189 185 178 172 171 177 178 175 171 179 188 188 184 180 172 167 165 170 173 174 172 174 174 173 173 172 170 169 173 175 176 177 178 175 169 163 151 154 169 175 176 175 170 167 164 163 161 160 160 159 157 157 159 161 162 162 167 170 168 169 168 168 170 174 179 182 191 195 185 172 169 169 173 176 180 180 178 177 179 180 180 180 177 175 178 182 183 184 183 182 180 180 181 184 182 178 176 177 180 181 178 175 172 169 167 169 175 177 178 173 168 165 164 164 165 168 177 179 176 175 173 168 166 167 169 174 180 183 186 185 184 185 185 187 189 193 197 199 201 199 193 185 178 176 178 180 180
240 205 201 201 199 197 194 190 189 190 190 187 184 184 183 182 185 189 190 188 185 185 186 186 188 192 192 190 189 188 186 185 182 181 182 180 178 178 181 181 178 176 175 179 182 183 181 177 177 177 175 176 181 182 182 181 181 184 184 184 183 182 180 174 166 164 166 170 175 174 174 169 162 160 161 166 172 179 182 184 185 184 179 173 172 177 178 172 170 167 165 165 170 176 180 181 185 185 182 176 172 171 172 175 176 182 185 186 189 187 184 178 168 168 174 175 172 168 174 184 188 184 179 168 161 162 172 179 176 174 178 177 176 179 180 172 168 170 171 171 170 173 171 170 165 158 159 168 173 176 176 174 169 166 163 161 156 153 154 156 157 157 161 162 161 163 167 168 168 168 168 170 173 177 182 189 193 183 170 168 171 173 175 178 177 178 181 182 183 181 180 176 174 176 180 181 181 180 178 177 179 181 183 183 183 180 179 180 184 182 177 174 170 169 172 178 179 178 172 169 166 164 164 164 169 177 179 176 175 171 164 161 164 167 172 178 180 181 183 183 184 185 188 191 193 197 200 202 199 192 183 176 175 176 178 182
240 205 201 201 200 199 196 194 194 192 188 185 184 183 184 185 188 190 190 188 186 187 189 191 193 195 195 191 190 189 186 185 183 184 185 181 178 178 180 179 177 176 176 175 175 180 181 178 177 176 177 179 182 182 183 182 181 183 183 182 182 182 181 175 169 167 169 171 176 174 173 165 158 156 156 159 165 174 179 182 183 181 180 175 173 177 179 177 175 170 166 166 168 173 176 179 183 183 181 175 172 171 172 173 174 180 182 182 184 183 183 177 167 163 168 169 167 165 170 179 184 182 176 165 158 161 179 187 179 177 180 178 179 182 183 173 167 168 168 168 170 170 170 167 166 165 164 168 172 175 176 175 170 166 164 161 154 149 150 155 156 158 161 161 158 158 162 165 165 166 167 169 171 175 179 183 185 178 166 164 169 171 172 173 173 177 182 184 183 181 180 177 174 175 178 179 179 178 176 176 177 180 183 186 188 186 185 186 188 186 180 176 171 170 173 179 179 176 170 168 166 164 164 167 172 177 179 178 178 172 165 161 162 163 167 173 176 175 177 178 180 182 184 188 190 191 195 200 198 193 184 178 176 173 176 184
242 207 203 203 201 198 195 194 194 192 188 184 182 182 184 187 189 191 190 189 186 186 189 190 192 195 195 192 191 192 189 186 185 188 188 185 181 181 182 180 179 178 176 174 174 176 179 179 178 177 180 181 182 183 183 182 181 182 182 182 182 183 181 179 174 172 172 171 174 174 170 161 155 153 152 155 159 169 177 180 179 178 180 178 176 178 179 180 180 174 169 168 170 171 172 177 179 180 178 176 174 174 175 176 177 180 179 178 179 178 179 176 167 160 161 163 164 165 169 176 181 181 173 163 159 164 180 187 180 174 173 174 176 176 174 168 164 165 166 168 170 171 169 165 163 163 162 165 172 175 177 175 169 167 167 164 156 150 149 151 154 159 158 155 152 152 155 159 160 162 165 168 169 171 174 176 176 170 163 160 166 169 170 172 171 174 180 182 183 180 177 174 174 173 175 177 177 174 172 172 174 177 181 184 189 191 192 192 193 191 185 179 173 171 174 179 177 173 169 168 169 167 167 170 174 175 177 179 182 178 170 163 158 157 160 166 171 171 172 174 176 179 182 186 187 187 192 198 198 197 190 182 176 170 176 186
242 207 203 203 202 197 194 195 194 191 189 187 184 182 183 187 189 189 190 189 184 185 188 189 190 193 194 193 192 190 189 188 186 187 187 186 184 183 183 183 182 179 176 174 173 175 178 181 182 182 183 183 182 183 184 182 181 183 184 184 185 186 184 180 176 174 172 173 173 172 167 159 154 152 153 153 156 165 174 177 177 175 176 176 175 176 179 181 180 176 171 172 174 173 174 179 180 178 176 175 176 177 178 179 180 181 178 175 174 175 177 173 167 160 157 160 163 165 170 177 182 181 173 166 164 169 177 180 177 167 163 162 162 159 156 157 159 163 166 168 172 172 171 169 167 165 163 164 170 173 175 174 169 168 170 168 162 154 150 149 151 154 154 152 147 146 148 153 157 160 163 164 166 168 170 169 170 167 161 160 164 169 170 170 171 173 178 180 180 178 174 170 169 169 171 172 174 171 165 166 172 178 180 182 190 197 198 195 195 194 190 183 176 176 179 179 177 173 171 171 170 169 170 172 174 172 174 177 182 181 173 163 155 151 154 160 165 168 169 171 173 176 180 186 184 184 191 201 203 199 193 185 178 173 179 187
241 207 203 202 200 195 193 196 195 191 188 187 187 183 183 187 189 189 191 188 182 183 186 187 188 191 193 193 192 190 190 190 187 184 183 183 184 182 182 183 183 181 178 177 177 177 179 182 182 184 184 183 182 183 185 183 182 183 185 186 187 188 187 182 178 174 173 173 171 168 164 161 156 153 153 152 153 160 171 177 176 173 173 173 169 171 177 181 180 175 173 174 177 176 179 183 181 176 175 177 178 179 179 180 180 179 176 172 172 174 174 169 164 159 158 157 160 163 169 177 183 183 180 173 169 172 173 170 170 162 155 150 146 142 140 148 156 162 165 168 172 173 173 173 173 168 165 166 171 173 174 173 172 173 173 171 165 158 154 149 145 146 149 149 144 142 143 148 154 159 162 161 162 164 165 165 166 165 160 159 163 168 170 170 170 172 176 179 179 176 170 161 159 162 167 170 171 167 160 164 170 176 178 182 192 197 198 196 195 193 190 188 182 182 184 182 181 177 176 174 168 169 173 172 172 169 170 174 180 182 176 163 152 147 153 159 162 165 166 168 171 173 178 183 180 181 190 198 200 199 196 192 185 180 181 185
241 208 204 201 197 193 194 197 196 191 188 187 187 185 184 187 189 191 192 188 184 182 182 183 186 190 192 193 192 190 191 192 186 182 180 181 183 181 181 183 183 181 180 181 182 181 181 181 182 184 184 183 184 186 186 183 182 182 185 186 187 188 188 183 180 176 174 172 169 166 164 161 157 153 152 152 153 160 170 176 175 173 174 173 167 167 174 178 178 176 174 174 176 179 182 185 182 174 175 178 178 178 179 179 178 177 174 173 173 174 172 167 161 159 158 156 157 161 169 178 186 186 185 179 173 171 168 165 161 155 147 141 136 134 134 142 152 159 163 166 168 171 173 175 176 171 168 168 172 176 176 173 174 176 175 171 167 161 155 149 143 140 143 146 144 141 142 147 150 155 158 158 159 161 162 163 162 162 160 159 161 166 169 171 171 172 175 178 179 177 170 164 162 164 167 170 171 167 166 166 170 172 176 183 191 194 196 197 197 194 190 189 186 186 185 185 186 182 177 173 167 169 174 172 171 168 167 170 176 180 175 162 151 148 154 160 162 164 165 168 170 173 175 177 178 181 188 192 197 199 198 196 193 187 181 182
241 207 203 199 195 192 192 196 196 191 189 188 188 187 186 188 187 187 190 191 188 183 182 182 184 188 188 192 192 191 191 190 186 182 178 179 181 183 182 183 184 183 183 184 185 185 185 183 184 186 185 183 184 186 186 184 182 182 185 186 187 188 188 185 180 176 174 172 168 166 168 164 158 152 151 153 155 159 166 170 172 173 175 177 174 172 172 172 175 175 172 171 172 178 184 189 183 175 175 178 179 179 179 176 176 175 175 176 175 174 169 161 155 155 157 156 155 157 165 175 186 190 190 184 179 174 165 161 155 149 143 136 131 129 129 137 146 153 157 160 164 168 170 172 173 171 170 171 175 179 179 175 173 176 176 173 170 165 158 150 146 142 141 143 141 141 143 146 147 150 153 156 157 158 158 158 158 158 158 159 159 162 166 169 170 172 176 179 180 178 175 174 173 171 170 171 171 170 170 167 168 169 173 180 186 190 196 198 199 194 190 187 186 184 181 186 189 185 180 174 170 170 173 173 172 169 167 169 172 174 171 161 153 151 157 163 164 164 165 166 169 172 173 173 176 181 186 192 200 202 200 197 194 191 185 183
238 204 200 197 194 193 192 195 195 192 190 189 188 188 188 187 187 186 189 192 187 185 185 184 184 187 188 192 194 193 192 189 184 180 178 179 181 184 182 182 182 184 185 186 187 187 189 188 185 185 185 184 185 188 187 185 181 182 183 185 186 188 187 184 178 174 173 171 169 168 170 166 160 154 152 154 157 158 164 167 169 171 175 176 178 176 173 172 173 173 170 169 171 179 186 191 185 178 177 179 181 181 178 174 172 172 173 176 176 175 168 157 150 154 157 157 154 155 163 171 182 191 194 187 182 180 167 158 154 148 143 136 129 127 127 134 141 146 151 158 163 166 168 171 171 171 172 173 177 180 180 177 177 176 176 174 173 168 161 154 153 148 145 144 140 139 142 145 145 147 149 153 156 156 154 154 156 157 156 158 160 162 165 167 169 173 177 180 181 179 179 180 178 177 176 172 170 169 169 166 165 169 172 176 183 188 194 197 200 197 191 185 183 181 182 187 189 186 182 176 172 171 171 171 171 169 168 168 169 170 168 160 156 155 160 166 166 164 164 164 167 172 172 171 175 182 187 194 201 200 200 197 192 191 189 185
237 201 197 195 194 192 191 193 194 191 187 187 187 188 190 190 191 186 187 188 183 182 184 185 185 187 188 191 192 192 192 190 184 180 177 176 178 180 178 178 179 181 184 184 186 187 188 186 184 184 183 184 186 188 188 185 182 182 183 185 186 188 189 185 179 173 172 171 170 168 170 167 163 158 156 157 160 162 161 163 167 171 174 176 177 178 177 175 172 169 166 166 172 177 185 190 189 184 181 179 180 182 178 173 171 168 169 170 172 173 167 159 155 155 156 153 153 157 165 173 179 188 193 185 180 182 171 158 155 150 144 140 135 132 132 136 141 145 151 159 165 167 169 171 172 172 172 176 179 181 180 179 178 177 177 175 175 172 167 161 158 155 151 148 141 139 142 146 146 148 149 154 155 154 150 150 153 155 156 158 163 166 166 166 167 172 176 178 178 177 177 179 176 177 176 175 173 172 172 172 168 169 172 174 177 183 189 194 199 199 196 189 185 184 184 186 190 188 183 175 168 167 168 168 170 170 168 168 168 168 166 161 159 161 165 169 169 164 161 161 163 169 171 172 176 184 190 194 196 194 194 193 189 186 185 182
237 200 195 194 192 188 188 191 191 189 186 186 187 188 190 197 204 193 187 187 182 180 183 184 186 187 188 189 190 189 189 189 185 181 176 173 174 173 172 173 174 176 179 181 182 184 185 182 182 182 183 184 186 188 189 186 183 182 182 184 187 188 190 187 181 175 173 174 172 171 170 170 167 163 160 160 164 164 160 163 170 173 176 177 177 179 180 178 174 168 160 163 169 173 180 187 190 187 182 179 180 182 179 175 172 167 167 167 166 167 165 162 160 159 156 153 154 159 169 179 183 187 190 188 185 185 173 159 155 150 147 147 145 141 139 139 143 147 152 160 166 169 171 172 173 172 171 175 179 181 179 177 176 177 178 178 177 176 173 169 166 162 158 152 145 144 147 150 151 153 154 154 154 151 146 148 150 151 153 158 164 163 162 162 165 171 175 175 175 176 176 176 173 174 175 174 174 177 182 180 175 173 174 172 171 176 183 191 198 196 195 194 189 183 180 185 190 189 182 172 166 162 164 166 170 172 171 171 170 168 166 163 163 166 170 172 171 167 162 157 160 166 169 174 180 185 188 188 188 188 185 182 180 178 177 176
237 200 194 193 192 190 189 190 190 188 185 185 187 186 187 196 209 196 189 186 183 183 185 184 186 188 190 189 188 188 188 187 185 181 173 169 170 171 166 168 170 172 173 176 178 180 180 179 180 182 184 184 187 189 189 187 185 184 183 184 185 187 188 188 184 179 177 178 177 174 172 171 170 168 164 164 166 166 166 169 174 177 178 179 178 179 180 183 179 171 164 167 169 171 175 182 187 187 183 180 182 184 183 180 174 167 163 162 162 163 163 162 162 162 160 156 156 160 171 182 188 191 191 192 191 187 173 160 154 151 151 153 153 149 144 142 146 150 154 161 165 168 170 172 172 174 174 175 178 178 176 174 174 180 182 182 181 178 175 173 170 166 161 157 154 153 155 158 158 159 158 155 153 150 146 145 146 147 149 153 157 155 155 158 162 169 173 174 174 175 175 174 171 170 172 171 171 178 184 183 176 174 174 172 170 174 180 188 196 192 191 189 182 172 171 182 190 189 181 170 163 157 161 168 172 174 175 175 173 170 167 167 168 170 174 172 172 171 166 159 161 165 169 175 180 181 182 184 187 185 177 172 171 172 173 174
238 201 196 195 194 192 192 191 190 188 186 185 186 185 186 190 196 188 187 188 186 186 186 186 187 187 188 191 190 190 187 185 184 179 169 165 168 169 166 167 168 170 171 174 176 177 176 178 180 182 184 185 189 190 189 186 186 186 183 182 182 185 185 186 185 184 182 181 180 177 175 173 173 171 167 166 166 167 171 176 177 179 180 181 181 181 182 188 185 176 169 170 170 171 173 179 184 185 184 182 184 185 185 183 176 166 160 158 159 161 161 162 163 165 164 162 160 163 172 183 190 193 193 197 195 189 171 159 153 153 154 155 156 154 150 148 148 152 156 162 166 168 170 170 170 173 176 177 176 174 173 170 172 180 184 185 182 179 177 175 173 169 165 162 160 160 161 162 162 164 162 158 154 150 146 143 143 145 146 147 148 149 151 156 159 166 171 172 172 173 174 175 172 170 170 168 168 172 178 180 175 173 175 174 175 178 182 190 197 193 188 183 172 162 163 180 187 186 180 172 161 155 160 169 172 174 177 177 175 172 170 171 173 174 176 175 174 173 164 155 159 166 172 175 178 178 175 179 184 178 172 167 166 165 169 175
239 202 197 197 196 196 196 194 191 190 189 190 188 186 185 184 184 182 184 187 187 187 186 188 188 187 186 188 190 190 187 185 182 178 170 163 164 166 165 167 167 170 173 176 177 176 176 177 180 182 184 186 188 189 188 187 186 185 182 179 180 182 182 184 185 185 184 185 184 182 180 178 178 175 171 169 168 168 173 176 179 180 181 182 185 186 186 190 187 181 175 175 174 174 173 177 181 182 181 182 185 187 186 183 177 167 160 155 155 157 160 163 165 168 169 169 168 174 182 185 188 191 195 198 194 186 169 161 155 155 158 160 160 159 154 151 150 153 156 161 165 168 168 167 167 170 176 177 174 170 167 165 168 176 183 185 184 182 179 178 175 171 170 168 165 167 167 165 166 165 164 160 157 153 148 142 141 141 142 144 147 147 148 153 155 163 168 170 170 172 176 178 174 170 168 168 165 164 166 175 177 176 177 178 181 184 189 194 197 195 187 180 170 162 162 176 183 182 179 176 168 164 165 170 172 175 179 178 177 176 176 176 178 180 181 179 179 175 162 152 160 167 172 176 177 176 174 176 179 175 171 167 162 161 168 178
238 201 197 197 197 197 197 197 195 193 192 194 190 187 185 183 183 183 182 186 188 187 188 189 189 187 186 187 189 189 188 184 180 178 171 163 162 164 167 170 170 173 176 179 178 178 178 178 180 183 186 189 188 189 189 188 187 184 181 178 178 182 183 184 185 185 182 184 185 185 184 184 181 178 173 170 170 170 173 175 178 179 182 184 188 190 190 191 189 186 182 181 177 175 174 177 178 180 179 181 184 187 186 183 176 167 160 154 152 156 162 166 166 169 173 174 175 182 188 189 189 191 194 193 188 179 169 164 161 159 163 165 165 163 158 155 152 153 155 160 165 169 168 167 167 170 177 177 173 168 163 159 163 174 183 184 183 183 181 180 177 175 175 175 172 172 172 167 166 166 163 161 158 156 155 147 142 141 141 143 146 148 148 150 154 158 162 166 169 171 176 177 174 170 168 168 166 162 163 175 181 180 181 183 184 188 194 195 198 196 187 181 175 166 166 175 180 181 181 178 173 171 171 171 174 178 181 179 177 178 178 181 182 182 184 181 180 175 166 160 165 168 173 177 178 174 173 173 180 179 173 168 162 162 170 180
237 200 197 197 197 196 196 197 197 196 195 196 193 189 187 185 183 182 181 185 190 188 190 191 189 186 186 189 190 188 186 185 179 176 171 164 160 164 171 175 176 181 183 183 182 182 182 181 181 184 188 189 190 189 188 187 186 183 179 175 176 181 183 184 186 184 182 183 183 185 186 185 182 176 175 172 173 174 174 175 175 177 182 183 188 193 193 192 188 185 185 184 180 175 174 175 176 178 176 177 179 182 184 183 176 168 163 155 155 158 163 168 168 172 175 176 178 183 185 188 190 192 190 187 183 176 170 169 167 164 166 168 167 165 162 158 156 158 158 160 165 169 169 169 170 173 177 177 172 167 162 157 161 171 181 183 181 182 181 180 178 178 177 178 178 177 174 168 163 160 160 160 158 158 157 153 148 144 143 143 144 146 147 150 152 152 155 160 165 168 172 173 172 169 169 169 168 168 168 175 182 183 186 188 187 191 194 193 198 199 190 183 180 172 171 176 179 181 182 180 176 174 174 175 176 178 181 180 178 180 180 183 184 184 184 182 180 176 170 168 169 169 173 176 177 169 169 172 180 179 173 170 167 165 171 182
238 201 198 197 195 194 196 197 197 196 195 197 196 194 192 189 185 183 181 184 189 190 192 193 190 186 187 190 189 186 183 182 178 175 172 167 162 164 170 175 178 183 187 186 185 185 185 184 183 185 187 188 188 188 186 185 184 180 175 172 174 179 183 185 185 186 186 185 184 186 188 185 181 175 174 175 176 176 176 174 174 177 181 184 188 192 194 190 186 183 185 185 180 176 172 174 175 175 172 170 171 175 179 181 178 173 167 161 161 162 163 167 171 176 179 182 182 182 181 185 188 188 184 181 180 177 173 173 171 169 169 171 170 165 161 159 159 161 161 162 166 168 170 172 174 176 178 177 173 169 164 159 161 167 175 178 179 180 179 177 177 178 179 180 182 181 178 170 161 152 156 158 156 157 159 158 153 148 145 145 145 147 148 151 151 148 147 152 162 166 170 171 171 169 170 170 170 172 171 172 176 180 184 188 189 189 189 191 196 199 191 184 182 179 174 175 178 182 184 184 180 177 177 179 181 179 179 179 181 182 182 185 186 186 183 181 179 178 173 171 168 168 170 173 175 169 167 173 179 178 172 172 170 167 173 184
238 201 197 195 193 194 196 197 197 196 195 196 199 197 196 193 188 186 182 184 189 191 193 192 190 187 186 187 186 182 178 177 178 177 176 172 166 164 168 173 177 183 186 187 187 187 187 186 185 185 185 186 186 186 186 185 182 179 175 171 173 178 180 182 182 185 188 190 189 189 187 185 181 176 174 177 178 178 177 176 176 177 180 186 190 190 192 190 184 183 185 184 178 172 170 173 175 175 170 165 165 168 174 178 178 176 171 167 167 165 163 166 174 179 185 188 187 183 182 185 185 181 178 178 177 176 176 176 175 173 172 174 171 164 158 159 161 163 164 165 168 169 171 174 176 178 179 177 174 171 166 161 161 165 170 174 177 177 175 173 173 177 179 180 182 182 180 172 162 154 156 158 155 156 161 160 156 152 149 147 148 150 151 152 152 148 145 150 158 164 170 171 171 171 171 172 172 172 172 172 174 177 180 183 184 183 185 190 193 194 189 184 184 180 178 175 178 183 187 186 183 180 180 183 183 177 175 175 178 183 186 187 186 186 185 181 180 178 173 170 166 166 166 170 173 173 170 173 179 178 173 173 173 170 174 186
238 201 195 193 192 193 195 195 195 196 195 197 202 199 196 193 191 189 186 186 187 190 193 192 189 187 185 185 184 181 176 176 177 177 177 175 171 164 167 172 176 183 186 186 186 187 190 188 185 184 184 183 183 185 191 190 186 181 177 175 176 176 178 180 181 184 188 191 192 189 185 183 181 177 177 180 180 179 177 175 176 176 180 186 191 190 191 189 185 184 184 182 176 169 168 171 174 172 167 161 160 164 169 175 178 178 175 170 168 166 164 167 175 180 186 190 188 184 185 187 184 178 176 176 176 176 177 178 177 176 176 176 173 165 158 159 163 165 166 167 169 170 173 175 178 179 177 175 174 171 166 160 160 161 165 170 177 177 172 170 171 174 178 180 182 182 179 172 168 163 161 159 156 158 162 160 156 153 150 150 150 150 151 151 153 151 148 149 155 161 168 171 171 172 173 173 172 173 174 173 174 175 176 178 179 178 181 186 187 188 187 185 185 182 180 178 179 183 186 185 184 181 181 184 184 176 172 170 176 185 189 186 184 184 185 182 181 178 173 168 167 166 164 167 170 173 172 175 177 178 175 177 176 173 177 185
239 202 194 190 190 191 193 195 195 198 199 204 210 206 197 193 194 193 191 189 187 189 191 191 190 190 188 185 182 179 176 176 178 179 180 179 171 160 163 169 173 179 183 184 184 187 193 191 185 181 179 176 177 182 190 193 188 181 178 181 181 179 181 182 181 184 187 190 191 189 185 182 181 180 182 183 184 183 179 177 175 174 178 184 189 191 191 187 184 182 181 178 171 163 162 165 165 162 160 156 156 157 163 170 177 181 178 173 169 167 168 171 177 183 187 192 190 188 188 187 181 174 174 175 177 178 178 179 177 178 178 177 175 168 163 164 167 169 170 170 171 173 174 177 180 181 179 175 171 169 166 162 162 163 165 170 175 175 171 168 168 173 176 179 182 183 181 175 170 168 166 163 160 160 161 160 156 153 152 151 149 148 149 151 156 155 153 154 155 157 164 167 168 170 171 172 174 177 178 176 173 170 170 172 175 175 178 181 184 186 187 188 186 184 182 182 182 182 183 182 182 180 182 184 183 177 173 170 176 187 192 187 183 182 184 184 182 178 174 171 172 173 168 166 169 172 172 173 173 175 177 179 178 177 181 186
239 201 194 191 188 189 191 195 197 199 201 209 216 211 198 196 196 194 193 191 188 189 191 192 193 193 192 189 185 180 178 178 180 181 183 178 169 157 163 170 173 177 180 184 185 186 192 191 184 179 176 174 178 183 187 191 187 177 176 181 184 182 182 184 183 184 185 187 189 189 186 184 182 183 184 186 186 186 182 179 177 174 175 179 186 190 187 185 182 181 177 173 165 160 158 159 158 157 158 156 153 151 157 166 176 181 177 175 173 172 171 173 178 183 188 191 193 192 189 186 180 175 175 177 178 180 178 178 178 179 180 178 175 171 167 167 169 171 170 170 172 173 175 180 183 183 181 176 171 168 167 163 165 166 167 172 176 174 173 169 169 171 174 177 180 181 180 174 171 170 169 166 164 162 160 158 156 153 153 151 149 149 149 152 154 157 158 157 157 157 161 165 167 168 170 171 174 179 181 178 173 169 169 171 174 175 177 180 185 187 188 188 187 183 182 182 182 182 180 179 179 181 183 182 182 181 177 173 175 184 191 187 185 183 184 183 181 178 175 174 174 177 174 170 170 172 171 171 173 174 178 180 179 179 184 185
238 200 192 190 189 190 192 195 196 198 200 206 211 206 198 196 196 193 191 190 188 187 188 191 192 192 193 191 189 185 179 178 180 184 185 179 172 162 166 172 175 177 179 183 185 188 189 186 181 178 177 179 183 185 186 185 183 177 176 180 181 179 180 182 183 183 181 183 186 188 187 185 185 185 185 186 185 183 181 178 175 172 172 177 185 188 184 181 180 177 171 164 157 154 154 155 154 157 158 155 152 149 154 164 173 181 182 181 180 177 176 176 180 185 189 190 191 192 190 190 184 179 178 178 179 178 177 177 179 179 180 176 174 172 170 170 172 171 170 169 169 172 173 179 183 183 182 179 175 171 168 164 167 169 171 174 176 174 175 174 171 171 174 178 180 180 179 176 173 172 172 171 168 165 161 158 156 157 155 153 151 150 150 151 152 156 158 158 157 157 161 163 165 167 170 172 175 179 181 178 173 170 171 173 178 179 181 183 186 187 188 188 186 182 181 182 182 181 178 176 177 183 183 180 182 184 182 176 176 181 185 187 187 185 183 182 179 175 172 172 171 172 173 173 173 172 170 169 173 177 177 179 180 182 184 183
238 200 192 190 190 191 192 194 195 199 198 199 201 198 197 195 193 192 191 190 188 186 186 188 190 190 190 190 189 187 182 179 180 187 189 184 180 173 173 176 177 179 180 183 186 188 188 185 181 178 178 180 183 183 185 183 183 179 178 178 178 177 181 183 183 183 181 181 184 186 187 185 185 185 184 185 183 180 178 176 173 171 172 177 185 187 181 177 174 172 165 156 150 148 149 151 152 157 157 154 154 152 156 165 173 181 187 188 185 182 180 178 180 187 191 189 190 192 194 193 186 181 180 178 179 177 176 176 178 180 179 175 174 174 174 175 173 171 170 168 167 168 172 177 181 184 183 183 179 175 172 168 170 173 174 177 178 177 178 178 177 177 180 181 182 182 180 178 177 175 173 172 169 166 163 161 161 159 157 155 152 150 150 150 151 154 157 158 157 158 161 163 165 167 169 173 176 180 181 180 177 175 175 176 180 182 182 184 187 188 187 187 185 180 179 181 181 181 178 176 177 182 182 179 182 188 186 180 178 181 186 189 188 185 184 182 177 173 171 170 169 169 169 171 171 171 169 169 173 177 177 179 183 185 184 183
238 200 192 191 191 191 191 191 194 199 198 196 195 192 194 192 190 191 192 190 186 186 186 187 188 187 187 188 187 185 183 182 185 191 192 187 184 181 179 179 180 180 180 183 186 187 188 185 181 178 178 180 181 180 182 184 184 182 181 180 179 179 183 186 185 185 182 181 183 184 184 182 182 182 181 182 181 178 175 173 170 168 173 178 183 184 178 172 171 169 164 155 149 146 147 151 154 158 157 156 159 156 157 166 173 184 190 189 183 180 179 176 176 182 186 185 187 191 193 192 185 181 180 178 179 177 175 174 175 177 176 175 175 176 178 179 176 174 171 167 164 165 172 176 179 184 185 186 182 178 175 172 173 176 177 178 179 180 181 181 182 181 183 184 185 183 183 180 180 178 175 172 169 166 165 164 164 162 158 156 153 152 152 151 151 154 158 159 158 159 161 162 164 166 170 173 177 180 182 181 180 178 178 178 182 184 185 187 190 187 187 186 184 179 177 181 181 180 178 176 178 180 180 180 183 192 191 186 182 183 188 192 189 188 185 180 176 173 171 170 168 168 168 170 171 170 169 171 174 177 178 180 183 186 185 185
239 201 194 193 191 191 190 191 194 197 196 195 194 191 189 188 187 189 192 191 185 185 186 189 188 187 187 189 188 184 183 184 190 194 192 189 186 185 186 184 182 182 182 184 185 185 187 186 181 177 177 179 180 180 182 183 183 181 180 182 182 181 182 183 184 186 184 180 180 179 179 177 177 179 178 178 179 179 176 174 171 168 172 176 180 181 175 170 169 168 165 158 152 148 148 153 156 157 157 158 162 160 160 168 175 185 190 189 184 178 175 172 171 173 176 177 183 187 187 186 183 179 178 177 177 176 176 175 175 175 173 173 174 178 182 183 179 176 174 171 166 167 173 177 180 183 187 187 185 180 177 174 177 178 178 179 180 181 182 185 186 185 186 186 184 183 183 182 180 180 177 174 168 165 168 168 166 165 160 157 155 156 154 152 150 152 156 158 160 161 162 163 164 166 168 171 176 179 181 180 179 178 177 179 183 186 187 191 192 188 185 185 182 177 176 181 182 179 177 177 177 179 178 179 182 191 192 187 183 184 190 195 191 190 188 181 176 174 172 172 170 170 169 169 170 171 171 173 175 178 181 184 185 185 186 184
239 204 197 193 191 191 190 192 194 197 196 193 192 190 187 187 185 186 190 189 186 186 186 189 189 188 187 189 189 186 185 186 190 192 190 189 187 187 187 185 184 183 183 184 184 186 189 188 182 178 177 179 180 178 179 181 179 178 178 181 183 183 181 181 183 186 184 179 176 175 174 173 171 173 174 175 178 178 175 174 172 168 169 173 177 177 172 166 166 168 166 161 156 151 148 152 156 157 158 158 163 163 163 167 175 187 192 192 185 179 173 167 165 166 166 169 179 183 181 181 182 180 178 176 176 175 176 175 173 172 170 169 171 177 182 185 181 178 177 176 173 170 175 180 182 185 187 188 186 183 181 179 180 179 179 179 181 181 182 184 185 185 186 183 182 181 181 181 181 180 180 176 171 167 170 169 166 164 160 154 154 158 157 154 151 152 154 156 160 163 165 166 167 167 167 169 175 178 179 178 178 176 177 180 184 186 187 190 191 188 185 185 181 176 177 181 182 179 176 176 176 177 177 178 181 185 187 181 181 185 190 194 190 188 187 181 176 176 174 173 171 171 170 170 171 173 175 177 178 181 186 190 188 186 186 185
239 205 197 194 192 192 191 193 195 197 196 193 192 190 189 188 185 186 189 189 188 187 187 190 188 186 187 189 188 186 185 187 191 192 189 188 187 187 188 186 183 183 184 184 185 187 189 187 182 179 177 178 179 177 176 178 177 177 179 181 183 183 182 181 182 185 184 180 176 173 172 171 170 173 174 177 180 178 174 174 174 170 170 173 177 178 172 162 159 166 166 163 161 156 152 155 158 157 159 162 166 165 166 169 176 185 190 190 184 180 176 170 167 164 162 166 176 178 178 179 180 178 177 176 176 175 177 175 173 168 166 165 168 175 180 184 184 182 181 178 176 173 177 182 185 187 188 188 186 185 183 184 183 181 181 180 180 180 182 184 185 185 185 182 181 180 180 181 181 183 182 178 171 169 170 169 165 161 159 155 154 159 162 158 156 154 154 156 159 164 168 169 170 167 167 169 173 177 178 177 176 176 176 178 182 186 188 190 191 189 186 184 180 177 178 181 182 179 176 176 176 177 177 178 180 182 180 175 176 183 187 190 188 188 186 182 178 177 175 173 172 172 171 170 170 174 179 180 182 185 188 192 190 187 185 186
239 205 198 195 193 195 194 193 195 195 197 194 191 191 191 190 187 187 189 190 189 186 186 188 184 183 187 188 185 183 184 187 192 193 191 188 187 188 186 184 183 181 181 185 187 188 186 182 181 180 179 177 177 176 175 175 176 179 181 182 182 183 184 184 183 182 182 179 176 175 174 174 174 175 178 180 183 180 176 176 175 173 173 175 179 180 174 160 158 164 167 164 160 158 156 157 159 158 160 164 167 165 168 173 180 187 192 192 188 183 179 172 166 163 161 165 172 173 172 176 178 176 175 176 177 177 178 176 171 167 163 162 165 172 178 182 184 183 183 181 179 177 178 183 187 187 186 187 186 186 186 187 184 182 182 181 179 179 182 184 185 185 183 180 179 180 180 182 184 185 182 178 172 170 169 169 166 161 161 163 162 164 165 161 158 156 156 157 158 162 166 169 171 168 167 168 172 176 178 177 177 176 174 176 180 185 188 189 189 188 185 184 182 180 179 181 182 180 178 178 177 177 177 178 179 179 177 174 174 182 186 189 190 192 189 183 180 180 177 175 175 173 171 172 171 174 180 183 186 188 190 191 189 187 186 188
238 202 195 192 191 195 194 195 195 195 194 190 188 189 189 189 186 187 190 191 189 185 183 186 184 184 185 186 182 179 181 186 189 191 190 187 185 186 184 182 181 181 181 183 185 187 186 183 182 183 182 179 177 176 176 176 178 181 183 181 180 181 184 185 182 178 178 178 178 178 177 179 178 177 179 183 184 183 180 178 176 177 177 177 180 181 175 162 160 165 168 165 160 158 158 160 158 159 160 160 162 163 166 173 180 188 193 197 191 183 177 170 164 163 162 165 170 173 172 177 179 177 175 176 177 176 176 174 171 167 163 163 164 170 176 180 182 185 187 185 181 178 177 182 186 186 186 185 185 185 185 186 184 181 181 182 180 180 182 184 184 183 181 180 180 181 180 183 184 184 179 178 172 170 169 168 169 167 167 170 170 169 166 162 161 159 158 158 157 159 162 165 168 166 165 164 168 173 177 178 179 175 173 176 181 183 186 189 188 185 183 182 182 180 179 179 180 179 178 178 176 175 176 177 177 177 175 175 175 180 184 189 194 198 195 186 182 182 179 177 175 172 173 172 172 176 181 183 187 190 190 191 190 193 193 192
236 198 190 188 188 191 196 196 196 194 192 190 188 188 188 185 185 189 190 190 190 189 187 187 187 187 186 183 184 183 184 184 185 186 186 183 183 184 180 178 178 180 181 182 184 186 186 183 179 181 180 179 178 177 178 181 183 183 184 181 180 178 179 180 176 173 173 172 176 178 177 176 176 177 182 186 187 186 181 179 177 178 178 178 181 182 177 169 165 168 173 171 167 166 168 167 160 159 157 150 154 164 166 172 179 186 189 190 187 182 174 165 160 157 160 164 167 169 170 176 179 178 179 179 177 173 172 173 172 170 169 166 168 172 173 178 183 185 186 185 182 179 176 178 180 182 184 183 182 181 180 180 182 181 182 182 181 181 180 180 180 179 179 180 183 184 184 185 185 183 181 180 177 175 175 174 174 174 174 175 174 172 167 160 160 161 161 159 155 152 153 156 159 159 158 156 161 168 172 177 180 179 178 179 180 178 179 183 185 183 181 180 181 184 183 179 177 178 178 178 175 175 174 174 176 178 178 178 179 179 181 188 194 199 200 192 187 186 184 181 178 175 176 175 176 182 187 188 190 191 192 192 194 199 202 201
236 197 189 187 187 188 192 196 197 197 194 193 191 189 187 185 184 189 191 192 191 190 189 189 188 188 187 184 184 184 185 184 179 180 182 183 182 182 179 177 177 179 180 182 183 185 185 182 178 179 177 179 180 178 179 183 184 184 183 182 180 179 178 178 175 172 171 172 176 177 175 171 170 173 180 186 187 186 182 179 178 178 178 178 181 182 178 172 170 173 175 174 174 173 175 172 160 155 150 139 142 155 163 170 178 187 188 188 188 183 174 161 154 153 156 162 165 167 170 175 178 180 182 179 175 172 171 173 172 172 174 171 169 172 173 178 184 185 186 185 183 180 176 177 178 181 184 182 181 180 178 178 180 181 182 182 180 180 179 179 179 178 179 181 184 185 185 186 187 184 182 181 180 178 178 178 177 176 176 177 176 173 167 158 156 160 162 159 154 150 150 151 152 153 152 152 157 165 170 174 179 181 181 180 180 177 176 179 182 183 182 181 182 186 186 181 178 178 178 179 178 177 176 174 177 179 181 182 180 180 181 188 193 198 201 196 191 188 186 185 180 175 174 178 181 186 191 189 190 192 194 193 195 199 203 204
236 198 190 186 185 187 189 195 200 200 197 197 196 190 186 184 184 187 189 191 191 191 190 189 188 187 187 183 184 184 184 183 178 176 178 181 181 182 179 176 177 179 180 182 182 183 184 182 181 178 176 180 183 181 182 185 185 183 183 181 182 182 180 178 177 176 174 174 176 178 173 168 166 170 177 185 187 186 182 181 180 179 177 177 179 180 175 173 172 176 176 175 176 176 176 172 162 153 143 129 133 148 159 166 175 184 187 188 188 183 174 163 156 157 156 159 164 166 171 176 177 181 185 179 172 170 171 171 172 172 176 175 173 174 174 179 185 184 184 184 183 180 178 178 177 179 181 180 178 177 175 176 179 180 181 179 177 177 178 178 179 177 179 181 184 184 184 185 185 183 183 183 181 180 180 179 177 177 177 177 177 173 166 159 157 160 162 160 155 150 147 147 146 147 147 149 154 162 167 172 176 179 179 178 176 174 174 177 181 182 182 182 183 188 189 181 179 182 181 181 181 180 179 177 180 182 185 186 183 181 179 185 190 195 200 198 194 191 187 183 179 175 174 178 182 186 189 188 190 192 192 192 193 196 202 205
236 199 189 185 185 186 187 195 204 204 201 201 199 192 187 185 184 184 187 189 190 191 193 193 191 188 186 184 183 183 185 185 180 177 176 179 180 181 180 177 178 180 181 180 180 182 185 185 183 179 177 181 184 184 185 184 183 184 183 183 183 183 182 179 179 180 177 174 176 178 171 164 164 168 176 182 185 184 183 185 182 180 179 178 179 179 175 172 172 176 176 174 174 175 173 170 162 154 142 132 136 147 156 164 171 179 181 185 185 181 175 167 162 163 164 165 167 168 173 177 176 181 184 178 171 168 169 169 170 174 177 178 178 178 179 181 183 181 181 181 181 178 177 176 175 177 178 177 176 174 171 173 177 179 179 178 176 176 176 176 177 177 179 182 183 183 182 182 181 181 182 182 180 180 179 178 177 179 179 178 176 174 168 162 161 162 164 162 157 149 143 142 141 142 143 146 152 158 163 168 171 173 173 172 171 170 172 176 181 182 180 182 184 189 191 182 180 183 185 185 183 182 183 182 183 186 191 192 188 182 179 181 185 193 197 197 195 192 188 183 180 177 176 178 181 181 184 185 187 188 188 189 189 193 199 204
236 197 189 186 185 185 185 193 206 211 206 201 199 193 189 187 184 183 185 187 187 189 191 192 192 192 191 187 184 182 184 184 181 178 179 177 176 180 180 179 179 180 181 180 179 181 187 187 185 182 182 183 186 186 185 184 183 184 184 184 183 182 182 182 180 178 174 172 176 177 171 164 162 167 173 178 180 182 184 185 184 182 180 179 179 179 175 172 171 175 176 175 173 173 172 170 161 155 147 142 145 152 157 165 171 177 181 184 185 183 178 172 166 164 169 171 172 170 172 175 173 178 182 177 171 167 167 167 168 172 177 179 181 182 182 181 179 177 177 177 178 177 177 175 173 174 176 175 175 174 170 170 174 177 178 176 174 174 173 174 177 180 180 182 183 182 182 180 177 179 181 180 180 179 178 177 177 179 180 178 176 174 170 166 164 165 166 165 158 149 140 138 138 138 142 146 150 152 156 161 165 167 167 168 169 169 172 176 180 181 182 184 188 192 194 185 180 182 185 186 187 186 183 182 182 187 197 199 191 183 180 177 182 189 192 196 194 190 188 184 183 181 179 180 180 180 184 187 188 189 189 189 189 191 194 199
236 198 192 188 184 184 184 192 209 216 209 201 199 194 189 187 184 183 185 187 188 188 188 191 191 194 194 189 185 183 184 183 181 180 179 177 175 180 179 179 179 179 181 180 180 182 185 187 186 185 184 185 185 183 182 181 180 183 185 184 182 181 182 183 181 176 170 168 173 174 170 165 163 167 171 175 177 181 183 185 185 185 185 184 181 179 175 172 171 175 176 176 174 172 171 168 162 158 154 152 154 156 160 168 172 177 183 186 185 183 182 179 169 164 168 172 173 172 171 170 170 176 179 175 170 166 163 164 167 171 176 178 180 182 182 179 177 177 176 177 178 177 176 175 173 172 175 176 175 172 170 170 171 176 178 177 174 174 173 174 177 179 179 180 181 179 179 178 175 175 177 178 179 178 177 177 177 178 179 178 176 174 172 168 167 168 168 167 159 149 139 137 137 138 140 144 145 146 150 154 158 161 164 166 167 169 172 175 179 181 182 184 187 191 193 183 178 178 180 185 188 189 183 179 181 187 196 198 191 184 180 175 178 183 186 192 192 188 187 185 185 182 180 182 182 183 186 191 193 196 195 193 190 189 190 194
237 199 194 189 182 183 186 192 205 211 207 202 200 195 190 187 185 182 182 185 187 188 189 190 191 194 195 192 187 185 185 183 184 183 180 177 178 181 179 178 179 179 178 180 180 182 183 185 187 186 185 185 184 180 175 173 176 181 186 186 183 180 183 182 181 174 165 161 166 169 169 166 164 166 169 175 178 181 185 186 185 186 188 186 183 179 176 175 175 176 176 175 173 172 170 167 164 162 160 159 160 161 166 171 171 174 181 185 183 183 185 180 168 161 164 169 173 173 170 165 167 171 174 171 169 166 161 163 168 173 177 179 181 184 182 178 176 175 174 175 176 178 177 176 174 173 175 176 173 172 172 169 169 174 178 178 174 174 175 177 178 177 177 177 178 176 175 176 173 173 176 178 178 179 177 177 179 178 180 179 177 175 172 171 169 170 169 168 162 152 143 140 140 141 141 140 139 138 142 149 152 157 160 163 167 169 173 178 182 182 182 183 184 188 192 186 178 179 184 188 189 190 184 179 180 185 192 194 188 182 180 175 176 178 182 188 189 186 184 184 186 186 184 185 186 186 189 195 200 205 206 201 194 188 188 190
238 201 192 186 183 185 187 194 201 205 203 201 200 197 192 189 184 179 179 183 187 187 188 191 193 194 195 192 189 187 186 185 185 187 183 179 180 182 180 178 179 179 178 179 179 181 181 182 184 183 183 183 184 181 173 171 176 183 187 188 186 182 182 180 180 173 163 159 161 166 168 166 164 164 169 176 179 183 187 187 186 185 185 183 182 180 177 175 176 175 175 174 173 172 169 168 168 167 163 161 161 161 164 167 165 167 174 179 183 184 182 178 169 162 164 168 169 169 168 162 163 169 168 166 167 165 162 164 171 175 179 181 183 183 181 178 176 174 172 173 176 177 174 173 176 178 178 175 173 171 171 170 170 174 177 177 173 174 176 178 179 178 176 174 174 173 172 172 172 171 173 175 176 178 179 179 181 179 178 178 176 174 173 172 171 170 170 169 165 157 149 143 142 141 141 138 134 133 138 144 149 152 156 160 166 172 178 184 186 182 180 179 181 186 192 187 180 182 191 195 193 190 183 179 179 182 186 189 186 182 178 177 175 177 181 186 186 186 184 183 186 187 185 188 193 191 193 200 208 211 211 205 198 190 186 188
238 203 191 184 184 189 192 199 203 203 201 200 199 197 195 190 184 179 180 184 187 187 188 191 194 194 193 190 189 189 187 187 187 189 186 182 181 182 180 177 177 177 177 178 178 179 179 181 181 180 181 183 184 182 177 174 178 187 189 188 185 183 179 177 176 171 164 161 161 163 163 162 161 162 169 176 182 185 187 186 186 185 184 182 180 180 177 175 176 176 175 173 172 171 168 167 170 174 169 162 160 160 160 160 158 161 169 177 182 186 184 178 168 162 165 170 165 163 163 159 160 164 164 161 163 164 164 166 170 176 180 182 182 180 179 176 174 172 169 170 174 177 173 172 176 180 180 176 173 171 171 171 171 175 177 175 173 174 176 177 178 177 175 174 171 170 170 170 170 170 171 173 176 178 179 181 182 180 178 177 176 174 174 173 172 170 171 170 165 159 153 148 144 142 140 136 132 132 136 141 145 150 155 158 162 169 178 184 185 180 177 176 177 183 189 187 185 188 198 204 200 192 185 182 180 179 180 184 183 181 179 175 175 177 181 183 184 185 184 185 190 190 189 192 197 199 203 208 211 214 211 206 199 192 188 190
238 203 191 185 187 194 201 206 206 205 201 200 199 198 196 191 185 182 183 185 188 188 188 190 194 192 189 188 189 190 189 190 189 190 188 184 182 181 178 176 174 175 175 177 177 176 178 181 180 180 182 183 186 182 177 175 178 183 187 187 185 182 180 178 174 169 165 162 161 159 157 156 159 162 169 177 183 186 186 186 187 186 184 183 183 181 178 176 176 177 175 173 171 168 164 161 169 178 175 167 164 162 158 154 154 155 165 173 179 184 184 178 167 163 167 171 165 160 159 157 157 160 160 157 159 164 164 165 169 175 180 181 179 176 175 173 171 169 165 166 172 177 177 177 179 179 181 177 174 171 171 172 172 176 178 177 172 172 174 175 173 172 172 172 170 169 168 167 169 170 171 173 176 178 179 183 183 182 180 180 177 175 175 174 172 171 172 171 165 159 156 151 147 143 138 133 131 133 136 141 144 150 155 158 160 169 180 187 185 179 176 174 174 178 183 187 190 192 200 208 206 197 188 186 183 178 179 182 182 179 178 175 175 177 179 181 181 182 185 185 192 194 197 203 205 206 207 206 209 215 214 207 200 195 191 192
238 200 189 184 186 192 202 209 209 207 204 200 197 197 193 191 187 186 187 187 187 187 187 187 190 191 189 186 187 188 187 188 189 189 188 184 181 180 177 174 173 175 174 176 175 175 180 185 183 183 184 183 186 182 177 174 175 178 181 183 182 181 181 179 175 168 165 164 162 158 155 155 160 165 172 179 184 182 183 184 187 188 185 184 185 182 177 173 173 176 174 172 168 165 158 155 162 173 176 171 168 166 162 156 153 154 163 170 175 181 182 179 171 170 172 173 169 164 158 155 153 155 156 156 160 164 162 165 170 176 180 179 176 173 172 170 168 165 162 163 169 176 181 181 182 179 178 178 174 174 174 174 172 176 177 174 169 168 169 168 165 165 169 171 173 172 171 169 170 169 171 174 177 180 183 185 185 184 183 181 178 176 174 176 174 173 172 172 168 164 160 155 150 143 137 134 133 135 136 141 147 152 157 162 169 178 187 190 185 178 174 171 170 170 175 188 192 193 199 206 207 200 194 190 188 181 180 182 181 178 176 175 177 180 178 177 177 179 183 186 191 194 202 208 208 207 204 198 201 210 214 213 208 198 191 185
236 197 186 185 188 193 199 204 206 206 203 198 196 196 192 192 190 188 187 186 186 186 186 186 187 187 188 187 184 182 182 184 188 189 186 182 181 179 178 178 178 178 178 177 177 179 183 189 187 183 184 186 186 184 179 175 175 177 177 179 180 181 181 179 177 169 168 169 166 160 156 156 160 166 175 181 182 180 182 185 192 192 187 185 185 183 177 171 170 173 173 168 167 165 157 153 156 163 169 170 169 169 168 162 158 157 163 167 172 178 179 178 174 172 172 173 171 167 160 155 153 155 157 158 160 163 160 165 171 176 179 178 175 174 172 170 168 166 163 162 168 175 182 184 184 181 179 177 174 175 174 175 175 177 177 171 166 164 165 165 162 162 167 172 173 172 173 172 171 171 172 172 173 178 182 183 184 184 185 182 179 176 174 175 174 173 173 173 171 168 163 158 153 145 138 137 136 136 135 142 149 153 157 163 171 180 187 189 185 178 174 170 168 168 174 186 190 191 196 202 206 202 197 193 191 186 183 184 182 180 177 179 182 183 178 174 175 177 179 185 188 191 201 204 202 200 196 195 198 208 214 215 210 198 189 181
236 194 186 186 189 192 196 199 199 198 196 193 193 193 190 193 192 189 188 185 183 183 184 183 183 185 188 187 183 180 178 179 185 188 188 184 180 179 178 180 180 181 180 178 179 183 185 188 186 184 185 186 185 184 180 175 173 178 177 178 180 181 181 179 178 171 169 169 168 164 159 157 160 166 174 178 178 180 182 187 197 196 190 187 186 185 179 171 170 170 169 165 164 164 159 154 155 157 161 166 167 168 170 170 164 161 163 168 171 174 175 173 172 174 174 173 170 166 161 156 154 155 157 158 160 163 163 165 168 172 174 175 174 174 174 175 175 172 164 162 166 173 181 183 184 181 180 177 174 175 174 176 176 178 176 171 165 163 164 166 164 165 167 171 172 171 171 172 173 173 173 171 171 175 179 180 182 183 184 182 179 177 175 175 175 175 174 173 171 169 166 160 156 149 144 142 140 138 136 143 150 153 154 157 165 173 179 184 186 182 177 173 170 170 175 181 186 191 196 201 202 201 198 193 193 192 189 189 185 183 182 184 188 189 182 175 176 176 177 182 184 187 197 201 197 193 194 195 197 202 208 212 206 194 186 182
235 193 185 185 188 192 195 198 195 193 192 193 193 191 189 191 192 190 189 185 182 182 183 182 182 185 187 186 183 181 179 177 183 188 189 186 182 181 179 180 181 182 182 180 181 185 186 186 185 183 185 184 185 184 180 175 173 179 178 179 180 182 182 180 179 171 168 168 168 164 159 159 161 165 171 174 175 176 181 186 195 195 191 188 186 185 179 173 170 169 167 163 159 160 157 154 156 156 156 159 162 164 167 168 164 161 164 167 169 172 173 172 171 174 175 172 166 163 160 155 155 155 156 158 159 162 164 165 165 168 170 170 171 174 177 181 181 176 169 164 166 172 179 181 182 180 180 176 173 174 175 174 175 178 176 171 166 164 166 168 167 166 167 170 173 172 170 171 171 172 173 172 171 174 177 180 182 183 184 182 179 177 176 175 176 176 175 173 171 169 167 162 158 153 149 146 144 143 142 146 149 151 153 154 161 169 174 181 187 187 182 177 175 174 176 179 184 191 195 201 199 198 194 190 191 193 194 195 191 188 186 188 191 195 188 178 176 176 177 180 183 188 195 198 194 191 194 196 195 193 200 208 204 190 184 186
236 193 184 185 189 192 192 193 191 190 191 191 191 189 187 188 191 190 187 183 179 178 179 181 182 182 184 184 183 181 180 180 183 187 188 188 187 185 183 181 182 184 185 184 184 187 188 185 184 182 181 182 184 184 181 177 174 179 179 181 182 183 182 180 179 171 167 167 165 163 162 160 161 164 169 173 174 175 181 186 192 193 192 189 187 184 178 172 170 169 165 163 157 155 157 158 158 156 152 152 157 162 166 170 169 165 164 166 168 171 171 174 174 172 170 171 166 161 158 154 155 156 158 158 158 160 165 167 167 167 167 166 168 172 179 184 185 182 177 171 170 171 177 179 180 180 178 175 172 174 175 173 173 177 176 173 169 168 169 169 167 165 166 171 172 170 170 170 170 171 173 174 171 171 176 181 182 182 183 182 181 179 178 176 176 178 177 175 174 172 171 163 159 156 152 149 146 148 150 152 153 154 152 151 156 163 168 177 186 189 184 180 179 179 180 181 185 191 194 197 197 193 187 183 185 190 195 199 197 193 190 188 191 196 192 181 177 176 178 179 183 188 193 193 191 190 194 195 191 184 188 200 199 190 187 188
236 196 186 186 189 191 192 190 190 191 192 191 188 187 187 187 189 187 185 182 178 177 177 181 183 180 181 181 181 181 180 181 185 187 188 188 187 186 186 185 184 185 186 187 187 188 189 187 185 183 181 182 184 184 181 177 177 183 182 181 181 183 183 182 180 174 169 164 162 163 165 163 162 167 170 175 175 178 182 187 191 193 193 189 186 183 177 171 168 167 164 161 158 155 156 158 157 153 152 151 158 164 166 172 173 168 167 167 169 171 171 174 175 171 171 172 165 161 159 155 157 158 161 160 158 160 164 166 168 167 165 163 165 171 178 186 187 184 181 177 174 173 176 179 180 177 176 173 171 171 174 172 172 174 174 173 170 170 170 168 166 166 166 171 172 170 167 169 170 172 173 174 174 173 177 181 182 182 183 182 181 180 179 179 178 179 178 178 177 175 173 166 160 157 155 152 149 151 153 155 157 158 154 152 154 159 164 172 181 187 183 180 180 183 186 186 190 194 196 196 195 191 183 178 180 184 191 198 198 194 190 188 189 193 192 186 182 180 180 183 186 190 193 193 193 194 197 196 193 186 187 195 195 193 189 186
236 196 186 185 188 191 193 191 188 189 193 191 188 186 185 184 185 185 183 182 179 176 177 180 180 179 178 178 180 181 180 180 183 185 187 188 187 187 187 185 183 184 185 185 186 187 187 185 186 183 181 183 184 185 182 178 182 188 185 181 180 183 185 184 183 178 170 160 157 158 163 165 165 168 172 177 178 181 184 187 190 191 191 189 185 182 174 168 165 162 158 155 153 153 154 154 153 154 154 157 162 165 166 170 171 172 172 171 170 170 171 175 178 174 171 171 163 160 160 159 161 163 163 163 163 163 162 164 167 168 166 163 162 168 176 183 185 184 183 179 175 176 178 181 179 176 174 171 170 171 172 170 169 171 173 172 170 169 169 167 165 166 166 171 173 170 166 168 171 174 175 175 176 175 177 180 181 181 182 182 182 181 180 180 180 179 179 179 177 176 173 168 163 160 157 154 152 151 153 156 158 159 156 154 154 156 161 168 178 184 181 180 180 184 188 189 192 197 200 200 197 191 182 175 176 179 185 193 196 194 190 190 189 191 195 196 191 187 187 189 193 195 194 195 196 198 202 202 200 196 195 195 195 193 190 187
235 197 187 184 186 191 194 192 188 190 193 191 189 186 184 181 179 182 184 184 179 179 180 179 179 180 178 178 180 181 179 180 180 182 185 187 188 188 188 185 185 184 185 185 186 187 187 185 186 185 185 185 184 186 184 182 185 189 186 181 179 183 185 186 184 178 171 160 153 152 157 160 162 165 170 178 180 182 184 186 188 187 187 185 181 178 170 163 159 154 148 146 147 150 153 154 154 157 161 163 167 166 166 169 170 168 170 171 169 170 171 179 181 176 173 168 161 159 161 163 165 168 168 167 167 167 163 163 166 171 171 166 161 165 172 178 184 184 183 181 178 179 180 182 180 175 171 169 169 171 172 170 169 170 172 172 171 169 168 166 164 166 167 171 174 172 168 169 173 177 178 177 175 174 177 180 179 179 180 182 183 183 183 183 183 181 179 179 178 177 174 169 162 160 159 157 154 152 153 156 159 160 158 156 154 155 160 164 174 181 181 180 179 179 183 187 190 197 202 203 197 189 181 174 174 177 183 190 194 194 192 191 190 192 199 201 198 197 198 199 201 199 196 197 198 199 204 208 209 205 197 193 193 192 191 190
236 198 189 185 185 189 195 193 190 191 192 191 190 185 182 179 175 180 184 185 181 181 179 178 179 179 178 180 182 181 178 178 178 181 184 186 187 188 189 188 187 186 185 184 186 186 185 185 186 186 188 189 187 186 185 184 187 188 183 180 179 183 185 184 182 177 169 158 150 149 153 159 161 164 171 179 181 178 180 182 184 185 183 181 178 176 168 159 155 149 143 142 145 148 153 154 157 163 163 165 169 166 164 167 166 163 167 170 169 170 173 180 181 177 172 167 160 159 162 164 167 171 172 170 169 169 164 163 167 173 175 171 165 165 169 176 183 183 183 182 181 182 182 182 180 176 169 167 167 169 170 171 170 170 171 171 169 169 168 166 164 166 167 171 174 174 171 171 174 178 180 178 174 174 176 178 177 178 178 182 184 184 184 184 184 182 178 177 178 176 174 168 160 159 161 159 155 153 152 154 156 159 159 156 154 153 157 160 168 174 177 179 179 178 180 184 186 193 198 199 193 187 182 177 175 178 184 189 191 195 194 192 188 190 198 203 204 207 208 208 207 204 200 201 202 203 205 212 213 208 200 195 196 196 194 191
236 200 192 188 186 189 192 192 190 191 192 190 187 182 181 179 176 180 181 182 188 186 180 178 180 180 182 185 183 179 177 178 179 182 186 187 188 188 190 191 189 185 184 184 186 186 185 188 187 188 189 189 189 186 185 185 186 187 184 182 182 184 183 180 178 174 167 159 153 148 149 154 158 161 168 175 176 175 178 181 183 184 184 180 176 173 167 156 153 149 146 148 149 150 151 152 157 164 163 164 166 164 165 166 163 165 171 174 174 172 174 175 174 173 167 163 157 156 159 162 167 172 174 170 167 168 164 165 170 176 176 174 170 169 169 175 183 183 183 185 183 184 182 179 179 175 169 166 165 166 168 170 169 169 168 168 169 170 169 167 165 167 169 172 175 175 172 173 175 179 181 179 177 175 173 173 174 173 177 181 183 184 185 184 183 181 177 177 175 173 172 168 162 160 161 160 158 156 152 152 153 155 160 158 155 154 157 161 166 174 178 182 181 178 177 182 185 189 194 193 188 183 181 181 181 182 187 189 190 195 196 191 189 189 194 202 206 208 207 205 205 205 202 205 205 207 210 214 214 211 202 198 199 199 198 194
238 202 195 189 188 189 188 189 188 189 190 188 185 180 181 181 181 182 181 183 189 186 181 178 180 182 186 188 181 177 180 181 182 185 189 189 188 187 189 190 189 187 185 186 187 187 188 188 189 189 189 188 187 185 184 185 186 186 185 183 183 183 179 173 169 169 168 164 157 148 145 150 155 158 163 167 172 175 177 180 183 184 184 181 175 174 168 159 157 158 157 159 157 152 149 148 154 164 169 167 164 163 167 167 164 170 176 180 181 176 173 171 168 164 158 156 155 153 157 162 168 172 173 170 167 165 167 167 173 178 176 175 174 174 174 177 181 184 185 186 184 184 182 178 175 173 171 169 167 167 169 172 169 169 168 165 167 170 171 171 170 171 173 177 178 178 180 180 180 182 184 181 178 173 170 168 168 171 175 178 181 183 184 185 182 180 177 176 175 173 171 168 164 161 163 163 161 158 153 152 151 155 160 160 158 156 159 165 171 179 182 184 183 178 176 182 188 191 191 189 184 180 177 178 182 184 187 187 189 193 193 193 191 189 192 197 201 202 199 197 198 200 198 203 206 207 213 215 214 211 205 202 200 199 199 198
239 205 198 194 190 188 187 187 186 187 187 185 184 182 180 179 181 183 184 179 180 179 177 178 180 182 186 185 181 179 181 185 185 186 188 187 186 186 186 188 187 186 185 186 186 188 189 190 188 188 187 186 185 184 185 188 186 185 184 182 181 181 178 171 166 168 168 162 156 150 146 148 152 156 161 166 169 174 177 179 182 185 184 180 176 176 171 165 165 168 168 165 161 157 149 145 153 166 170 167 164 164 167 169 170 177 182 184 184 182 177 172 167 159 154 153 153 153 157 162 168 174 173 170 167 165 167 169 171 175 177 175 177 178 177 177 179 182 184 184 183 184 182 179 174 169 169 169 168 167 169 175 171 168 168 167 167 170 172 174 175 174 175 179 181 183 185 184 184 185 185 182 176 170 168 166 166 169 172 176 179 181 183 185 181 179 177 176 175 173 171 170 167 163 165 165 165 161 158 156 155 156 160 160 159 158 160 168 178 185 186 185 182 176 173 181 189 191 189 187 183 176 171 170 177 181 184 187 188 190 191 191 190 190 190 192 194 193 191 190 190 190 191 197 200 201 210 216 213 207 207 204 200 199 201 200
239 204 198 195 192 189 188 186 185 185 185 183 182 181 178 177 178 179 178 167 165 170 174 175 178 181 184 183 181 182 184 187 187 187 186 185 185 185 185 185 185 186 185 186 186 189 191 189 187 186 187 185 184 185 188 190 188 186 184 181 179 177 174 172 170 168 163 156 150 148 148 149 153 159 164 168 170 173 177 178 181 185 185 180 177 177 172 170 170 175 174 167 164 162 155 152 157 166 170 169 166 166 168 170 174 182 184 184 187 186 181 175 170 162 158 156 154 154 158 163 169 175 174 170 167 166 167 169 170 172 175 176 176 176 176 178 180 181 181 182 181 182 182 177 172 170 168 169 167 165 165 170 170 166 168 167 168 171 176 179 179 178 178 180 182 184 186 186 185 183 183 179 173 169 168 166 166 167 169 173 178 179 181 181 179 178 176 176 176 175 173 172 170 167 167 167 168 165 161 159 157 157 159 159 159 157 157 168 181 186 185 184 183 178 174 179 190 191 187 184 180 173 167 165 173 178 182 185 186 188 189 189 189 191 189 187 189 186 184 183 183 183 185 190 196 200 207 215 213 206 205 204 201 204 206 204
238 202 196 195 192 189 188 187 185 184 184 184 182 180 177 175 175 174 169 154 155 166 170 172 177 181 184 183 184 185 187 187 187 186 185 183 184 186 185 185 186 188 188 188 188 189 191 190 187 186 188 187 185 184 187 189 187 183 181 178 176 174 173 172 170 166 161 156 150 146 147 151 156 162 167 168 170 173 175 177 179 182 183 182 178 174 171 170 172 180 179 174 172 169 163 161 163 169 175 174 166 164 167 168 173 181 185 187 189 189 184 176 171 166 161 158 157 158 163 166 170 174 173 170 168 168 167 169 170 172 174 175 176 174 174 177 179 179 180 180 179 180 181 175 172 171 170 170 168 165 164 165 167 166 168 168 171 174 178 181 183 181 181 183 183 184 185 185 184 182 180 176 170 168 168 165 163 164 165 169 174 176 179 179 178 177 178 178 179 178 175 174 173 171 169 170 170 168 164 161 159 158 159 160 159 157 158 170 180 185 186 185 184 179 174 177 187 189 187 182 179 173 168 168 174 180 183 183 184 187 188 188 190 191 189 186 187 187 185 183 182 182 182 186 194 200 206 212 211 208 205 205 204 208 211 208
238 202 196 196 192 189 187 187 186 184 185 185 181 177 174 172 169 164 159 150 152 157 161 169 175 181 185 186 186 187 187 187 186 185 183 183 184 188 188 187 189 190 190 188 187 188 191 190 187 187 189 187 185 183 185 187 184 179 177 175 173 172 171 171 170 165 160 155 149 145 147 152 158 165 167 166 169 172 173 175 177 176 180 181 176 172 171 172 175 184 185 183 182 175 170 167 168 174 178 179 172 164 164 166 170 180 183 187 192 193 189 180 172 170 166 164 161 162 166 168 170 173 173 172 170 170 169 169 171 174 174 175 176 174 172 173 175 177 179 179 178 178 179 176 172 171 171 171 169 166 165 166 165 166 168 171 173 176 179 182 184 183 184 185 185 184 184 183 183 181 178 173 167 166 165 163 161 159 160 163 167 172 176 177 178 178 179 181 182 180 177 176 175 172 170 171 173 171 168 164 161 160 161 161 159 158 160 169 178 183 187 187 187 183 176 178 185 187 187 183 180 174 172 173 176 180 182 181 183 186 187 187 188 190 189 187 187 187 188 188 184 182 184 186 191 197 204 211 211 209 207 206 206 209 210 208
239 204 198 196 192 189 187 186 186 186 187 185 180 173 172 167 161 154 148 147 150 151 158 166 174 182 186 188 188 188 189 188 188 186 184 184 185 191 191 191 192 190 188 187 186 185 188 189 186 186 188 187 185 185 184 185 182 179 175 175 174 171 169 170 168 166 162 156 150 148 150 153 161 167 164 162 165 169 170 173 176 177 180 178 175 171 173 178 179 186 189 185 183 179 173 170 171 176 178 176 171 164 163 165 170 180 184 186 191 195 192 184 175 172 171 168 165 165 169 172 173 173 174 175 173 172 171 171 171 172 171 174 174 172 169 170 172 175 177 178 176 176 178 177 173 171 172 172 172 169 167 166 165 165 168 173 176 177 179 182 183 184 186 187 187 186 184 181 179 177 173 172 170 165 162 160 157 154 155 156 158 164 171 174 177 179 182 184 184 183 179 178 176 174 172 172 175 174 171 167 164 162 163 163 161 159 160 166 174 181 186 187 186 183 182 183 189 194 195 188 181 179 176 175 179 180 178 179 182 184 184 184 185 188 189 188 188 188 189 190 190 188 188 187 188 193 202 211 213 210 208 207 203 204 205 205
239 206 199 195 192 189 186 184 184 185 185 183 179 173 171 165 157 148 139 141 150 152 156 163 172 181 186 188 188 188 188 189 190 188 186 185 186 191 191 192 191 187 186 185 184 184 187 188 184 185 188 188 186 184 182 182 181 179 178 175 172 171 168 169 169 169 165 158 156 156 156 161 167 169 162 159 163 169 171 173 175 177 180 176 174 172 175 180 181 186 188 184 182 181 177 173 174 178 178 175 171 165 163 165 171 179 185 186 188 192 191 184 176 173 173 170 168 166 169 173 173 174 175 177 175 174 171 171 169 168 169 171 171 171 170 169 170 174 176 177 174 175 180 178 174 173 172 173 170 169 169 166 166 166 169 173 176 177 178 181 183 184 187 189 188 186 185 181 178 174 172 170 167 164 162 157 152 149 149 150 152 158 165 171 175 178 181 181 185 186 182 179 175 173 171 173 177 176 171 167 165 164 165 165 162 160 161 164 172 180 185 184 184 185 187 188 196 202 202 193 185 183 179 177 179 178 179 181 180 180 182 182 184 188 188 189 188 187 189 191 192 192 191 188 186 190 201 212 214 211 209 207 202 201 204 203
239 207 200 197 192 188 185 183 184 185 186 183 180 177 173 167 158 150 139 136 149 155 157 163 172 181 186 188 185 184 185 187 188 189 188 188 190 193 190 189 188 185 184 183 180 180 182 184 183 184 187 188 185 183 181 182 183 182 179 173 170 170 167 167 167 169 168 163 162 161 164 170 176 172 165 161 163 166 168 173 177 178 178 176 175 172 174 178 179 181 183 181 181 182 178 176 177 181 181 177 171 166 164 168 173 179 186 188 188 188 184 179 174 173 173 171 170 169 170 172 170 172 175 177 176 175 174 174 169 166 166 168 169 171 171 169 168 170 171 172 172 174 178 176 174 173 173 174 170 167 167 165 166 167 170 174 175 176 178 181 183 185 186 188 186 184 183 180 178 175 173 169 164 160 159 155 148 143 143 143 143 149 158 168 172 176 178 178 182 185 181 178 173 170 166 171 177 177 174 170 167 165 164 163 160 160 161 163 171 182 187 184 185 188 189 191 196 200 200 195 187 182 179 177 178 177 177 177 178 179 180 182 183 185 187 189 188 187 188 192 193 193 191 187 186 192 203 212 213 209 208 205 199 199 204 200
239 206 199 196 191 188 186 185 185 186 186 184 181 177 172 167 160 153 142 135 146 154 158 166 174 183 187 187 183 181 181 183 187 190 191 193 196 194 190 186 184 183 182 179 177 176 177 181 182 184 187 188 184 183 180 181 182 181 176 171 170 171 168 166 166 167 166 163 161 161 166 172 176 172 165 161 161 163 167 173 178 179 177 176 177 173 173 176 176 177 179 180 183 184 180 179 181 180 177 173 167 162 163 168 175 181 186 187 187 184 182 178 174 173 173 172 171 171 171 172 170 172 173 175 176 175 175 175 171 168 167 168 169 171 171 169 168 168 169 170 169 172 174 174 174 173 173 173 169 165 162 162 164 165 170 173 173 174 177 181 183 184 185 187 185 181 181 179 175 172 172 167 160 158 158 152 143 138 138 136 135 142 153 162 167 173 176 178 180 182 179 177 172 168 165 171 177 176 174 172 168 165 164 163 160 161 162 164 171 183 189 187 188 191 189 191 193 194 194 191 185 178 175 175 176 177 175 168 174 178 179 182 183 184 186 187 186 186 188 193 193 192 189 186 187 194 204 212 212 209 206 204 200 200 202 198
239 205 197 192 188 186 186 187 188 190 187 187 184 178 171 166 162 152 140 134 140 148 159 169 177 184 187 183 179 177 180 183 187 193 196 200 203 197 192 187 183 182 180 177 173 172 174 181 183 186 188 188 186 182 179 179 181 184 182 179 176 175 173 171 169 168 165 162 162 162 166 172 173 170 166 163 163 164 169 175 180 182 178 178 178 175 174 176 175 176 177 179 181 182 182 183 184 179 173 167 164 161 161 167 172 179 184 186 185 180 179 176 174 175 176 175 174 174 174 174 172 173 173 175 176 177 177 176 175 174 171 171 171 171 171 167 166 165 165 168 168 169 168 169 170 171 171 171 167 162 154 154 158 161 168 171 169 170 175 180 183 182 182 184 184 181 180 176 169 163 163 159 154 155 156 149 138 133 133 131 130 136 146 155 157 165 172 175 179 181 179 176 172 169 169 171 174 174 173 172 170 167 167 166 164 163 162 163 168 182 191 192 195 195 189 190 190 188 188 186 180 173 171 172 174 177 172 162 168 176 176 179 181 182 183 183 183 183 187 192 193 194 191 188 193 202 209 210 207 205 204 204 201 202 201 194
238 203 196 191 186 182 182 185 189 192 190 188 185 179 171 168 164 154 144 137 136 145 158 169 177 184 185 182 177 176 179 182 186 191 194 204 206 199 194 189 185 181 179 176 170 170 176 181 184 188 191 191 190 184 179 179 181 185 184 180 174 172 170 172 172 172 171 170 170 167 168 171 171 169 170 170 169 172 177 180 183 184 181 179 179 177 174 174 176 177 175 174 173 176 180 186 187 185 176 170 168 164 163 163 167 173 179 183 180 179 175 172 173 177 179 179 181 180 177 176 174 175 175 176 179 181 179 178 179 179 179 177 175 173 171 168 166 164 163 165 167 166 164 165 166 167 167 165 162 154 143 141 149 154 161 167 166 167 171 176 179 180 181 181 182 180 177 171 159 148 145 144 141 144 148 145 137 132 132 130 128 129 139 150 148 155 163 170 177 179 179 175 170 170 172 172 171 170 170 170 172 171 169 168 166 164 160 158 162 177 190 196 202 201 196 193 186 181 178 175 173 171 173 171 173 177 175 166 169 173 174 177 180 181 181 180 181 181 184 190 195 196 195 196 202 207 209 204 201 201 201 202 203 203 202 195
238 203 196 191 184 181 182 185 188 191 190 188 185 179 171 168 164 156 148 141 137 144 159 171 179 184 184 182 180 180 182 184 188 194 195 202 206 200 194 190 185 181 179 176 172 173 178 181 184 189 194 193 190 186 182 180 181 183 177 168 167 166 166 167 169 170 172 175 176 173 171 173 173 175 175 175 176 178 181 183 183 184 184 180 176 175 170 169 173 175 173 171 171 173 178 186 189 187 181 177 175 169 165 163 164 172 179 180 177 179 175 172 173 177 181 179 181 180 178 178 176 176 177 178 181 183 180 179 180 182 183 180 175 171 170 166 163 165 166 167 166 166 165 165 165 165 164 160 158 150 137 130 138 145 152 159 164 166 165 170 174 177 178 179 182 177 170 163 151 138 133 134 131 133 139 143 138 134 133 131 128 129 138 147 147 149 154 162 174 178 178 173 169 169 172 170 170 169 168 168 171 173 172 170 169 166 160 155 158 173 187 195 201 204 203 196 189 181 176 173 173 174 176 174 174 178 180 176 173 171 174 182 182 182 181 180 181 180 183 189 194 198 199 199 201 205 206 202 201 201 200 201 201 200 201 198
239 205 197 191 184 181 182 185 187 190 189 187 184 178 173 169 164 157 153 147 142 145 161 173 180 184 182 180 182 184 184 186 194 201 203 205 205 196 191 189 185 182 179 177 175 175 180 183 185 189 194 193 189 186 183 181 181 181 175 168 167 165 162 161 163 165 168 174 176 175 173 174 178 181 180 180 180 180 183 185 186 186 188 182 175 173 168 167 170 174 171 169 170 173 178 184 187 185 183 181 178 173 167 163 164 167 172 172 176 178 173 171 174 178 180 179 178 178 177 177 176 175 176 179 181 183 182 181 182 184 184 180 174 171 169 165 163 164 165 168 167 166 165 164 164 164 162 158 153 148 135 122 128 134 141 151 161 161 154 157 163 169 175 178 180 173 163 154 143 133 130 129 126 127 133 140 140 134 131 131 130 132 140 147 149 146 147 157 170 174 174 170 167 167 170 170 169 168 167 167 170 173 173 171 170 167 160 153 153 167 182 193 199 203 204 199 195 188 181 176 177 177 177 178 180 181 181 179 175 176 182 188 185 183 183 186 184 180 184 191 196 200 203 200 201 204 205 204 200 198 200 201 200 197 197 197
239 204 196 190 186 184 183 184 185 188 187 185 182 177 172 170 165 159 158 155 151 154 165 175 183 184 181 181 183 184 186 186 192 199 203 206 203 192 189 188 186 184 181 179 179 178 181 184 184 188 192 193 191 186 184 183 181 179 176 172 168 165 163 163 164 165 169 173 175 175 176 178 178 179 181 179 179 182 187 188 187 186 187 182 176 175 171 169 172 174 172 168 169 172 175 180 184 181 182 181 175 169 161 158 158 158 160 165 173 176 172 173 176 178 180 179 179 179 178 177 176 174 175 178 180 181 183 183 183 185 185 181 176 172 171 167 165 163 165 170 171 169 167 163 160 161 162 159 151 145 135 123 122 121 127 140 151 149 143 142 143 153 166 172 175 168 153 140 133 131 131 128 122 124 128 136 136 134 131 131 133 135 143 151 156 150 147 151 163 170 170 167 165 165 168 170 170 168 166 166 170 173 173 171 171 169 162 153 150 163 177 188 196 200 202 201 197 192 187 184 184 183 182 183 184 183 184 182 181 182 185 186 182 182 187 193 191 186 191 197 203 203 202 203 207 209 206 202 200 197 196 198 197 195 194 192
238 201 192 187 184 184 183 181 181 184 184 183 181 175 169 168 167 164 163 162 160 164 169 177 185 186 183 183 184 185 187 185 188 193 196 199 195 190 190 189 187 185 183 181 181 180 182 183 184 188 191 192 193 187 184 183 183 181 179 177 172 169 167 167 167 170 171 174 174 174 175 176 175 174 176 177 178 185 189 187 185 184 184 181 179 179 175 172 174 176 172 169 168 168 171 180 184 180 180 177 170 164 154 152 156 155 155 161 168 172 173 175 177 178 179 181 181 179 177 176 174 174 174 177 180 180 184 184 184 185 185 182 179 175 173 171 168 166 168 172 173 172 167 160 156 158 163 161 152 144 134 123 116 112 118 131 136 137 138 138 130 139 157 167 169 162 147 133 127 131 134 130 127 127 126 129 132 133 131 131 132 135 144 154 159 154 147 145 157 167 169 166 163 163 164 168 167 167 167 166 170 174 173 172 173 171 162 152 149 158 173 184 191 194 197 197 193 190 189 190 191 190 189 187 186 184 185 185 183 185 183 181 179 180 189 196 197 193 196 199 205 205 204 207 208 208 205 199 195 194 195 196 196 195 193 190
236 196 187 183 181 181 181 178 178 181 182 182 179 173 169 167 166 165 164 166 167 171 176 182 187 188 185 186 186 186 188 188 188 192 194 194 190 188 188 189 187 185 185 183 181 182 181 182 185 187 189 191 190 184 182 183 183 183 181 179 175 172 168 167 170 174 174 173 174 174 174 175 175 173 173 174 177 183 187 185 184 182 183 182 181 182 178 175 177 179 176 171 168 167 168 176 184 182 180 176 169 161 155 155 159 157 155 159 164 169 172 176 179 180 181 183 182 179 175 173 172 172 172 175 179 182 184 184 184 184 183 180 178 176 174 173 169 168 170 174 174 171 165 156 149 153 161 161 149 140 127 108 101 105 115 121 122 127 136 135 123 131 152 160 157 150 141 133 131 137 138 135 133 130 128 130 132 132 131 130 131 133 142 152 158 155 146 143 159 170 171 166 164 162 163 164 162 164 167 167 170 172 173 173 173 170 160 150 147 154 167 179 186 188 192 195 193 192 187 188 190 193 193 190 188 186 187 187 185 184 183 181 180 181 187 194 195 192 191 195 200 202 201 203 202 200 198 196 195 195 197 196 196 194 192 190
234 191 181 181 179 180 179 173 175 178 182 182 179 173 169 167 167 165 165 168 172 178 186 189 189 189 187 188 188 187 187 189 190 193 193 191 190 187 187 188 190 187 187 185 184 183 181 183 186 187 189 188 186 183 182 182 182 183 180 178 174 172 169 169 172 176 174 173 174 174 174 176 176 174 172 173 177 182 185 185 184 182 183 184 184 185 182 180 181 180 179 174 169 166 165 171 182 185 184 181 175 165 160 164 168 165 159 158 162 166 172 178 181 183 185 186 183 179 175 171 170 170 170 174 179 182 184 185 185 184 180 179 177 177 175 175 172 170 171 175 174 171 163 151 142 144 155 155 142 127 107 87 89 101 114 113 107 114 131 131 119 128 147 150 143 136 133 135 136 139 138 137 135 131 131 136 135 133 132 133 133 134 139 148 155 156 153 155 169 173 172 168 166 164 164 163 163 165 167 167 169 171 172 173 174 169 160 149 145 152 162 173 181 185 188 197 197 193 187 186 187 191 196 194 192 189 189 188 185 184 183 184 184 182 184 187 189 187 186 189 193 195 194 196 195 192 191 194 198 202 203 199 196 194 192 190
232 189 181 181 179 177 174 169 173 180 183 183 179 175 170 167 166 165 165 171 176 183 193 194 190 187 185 185 188 190 191 189 190 191 190 189 188 188 187 188 189 188 189 186 183 182 183 189 190 190 190 188 185 183 180 181 182 184 180 177 174 173 170 169 172 175 175 174 175 175 177 180 180 179 174 174 179 181 181 181 182 184 187 188 188 189 185 184 183 182 181 175 169 166 166 172 183 186 185 184 181 175 169 172 175 171 162 160 162 166 175 180 183 185 186 187 183 179 173 169 167 169 170 173 179 183 184 185 184 182 180 179 181 180 179 177 174 173 173 175 174 169 159 146 136 139 146 147 132 109 88 78 88 100 107 102 93 99 116 123 116 122 136 137 130 126 128 133 133 131 131 133 134 132 134 139 136 134 134 136 136 138 141 146 151 157 162 168 175 175 174 174 169 165 166 165 166 166 167 166 166 168 171 173 174 169 160 148 143 150 160 171 181 186 187 195 197 195 190 186 185 187 192 196 196 193 190 188 186 184 184 183 185 181 181 184 184 184 184 185 188 190 189 190 191 190 189 192 198 203 204 199 193 191 191 190
231 187 179 180 177 172 169 170 175 182 187 185 182 178 171 167 165 163 165 173 179 184 191 192 191 186 183 183 188 192 193 191 189 189 188 191 190 188 187 189 190 189 188 185 182 182 186 192 192 191 190 188 185 182 181 183 185 186 183 180 176 176 172 168 170 173 174 176 179 178 180 182 184 184 182 181 182 180 179 179 180 187 193 193 190 190 187 185 184 184 181 174 168 168 170 175 181 182 180 182 182 178 174 176 177 171 164 162 164 168 174 179 184 187 188 187 185 179 171 168 166 167 170 175 178 181 183 183 183 182 181 181 183 183 182 179 177 175 174 174 173 166 155 144 136 136 139 137 118 94 77 76 89 101 99 91 86 93 104 112 115 116 120 123 121 120 124 127 128 129 132 134 134 131 129 132 132 133 133 134 135 140 146 150 154 161 168 175 178 179 178 177 172 169 169 168 169 168 167 166 165 166 170 173 173 170 161 149 144 149 159 171 183 189 189 193 194 194 193 189 187 187 192 197 196 194 190 186 187 185 182 182 183 180 180 182 182 183 184 183 185 187 186 184 186 187 188 190 194 199 202 199 192 190 190 189
231 187 179 178 175 170 168 171 176 182 187 187 185 181 174 170 167 163 163 173 179 182 186 187 187 184 182 183 186 190 191 190 187 184 185 189 190 188 191 191 189 187 184 183 181 181 184 190 190 189 189 187 186 184 183 186 187 188 188 187 184 181 176 172 170 171 173 177 179 177 178 181 182 183 187 188 186 184 182 181 182 186 191 191 191 190 188 184 183 182 181 178 172 171 172 175 180 181 178 175 176 177 177 179 179 173 166 162 165 168 172 177 183 186 187 186 183 178 173 169 167 167 170 174 176 177 182 181 181 181 181 182 184 186 186 183 180 177 175 172 168 161 149 136 130 126 124 122 103 83 74 80 96 106 98 87 89 97 104 111 117 112 105 109 114 116 123 128 132 137 139 142 140 134 128 126 126 128 129 129 133 140 150 157 160 168 173 178 181 179 179 179 175 172 170 169 171 169 167 165 164 164 167 171 174 172 165 155 148 150 157 167 180 189 192 193 193 194 196 192 188 190 196 199 197 194 191 187 187 187 184 184 184 184 182 181 181 182 180 181 182 185 184 182 182 183 183 187 190 193 196 196 193 191 192 191
232 188 179 177 174 171 171 172 176 181 185 186 185 181 178 174 169 163 162 167 175 178 181 181 182 182 181 182 184 186 188 188 185 180 181 185 186 188 192 191 189 185 183 182 181 180 181 185 186 188 189 187 188 188 186 187 187 185 187 190 189 186 183 179 173 171 170 174 177 175 175 177 175 178 183 185 187 187 185 183 182 183 187 190 191 190 188 184 183 181 182 180 176 175 173 175 180 181 177 171 171 176 178 178 180 176 168 164 165 168 174 178 181 185 186 186 183 180 175 171 169 171 172 174 173 174 178 180 180 180 180 182 184 186 188 185 181 178 175 169 161 154 138 119 109 102 95 93 80 70 71 83 98 106 96 85 92 102 107 113 117 106 97 101 109 116 126 134 138 142 145 148 146 139 132 125 121 120 123 128 132 137 146 155 161 167 170 173 176 177 178 178 177 175 173 170 172 170 167 166 165 165 167 170 174 174 169 161 154 154 157 165 176 186 193 191 191 192 192 190 187 188 195 199 200 196 192 189 187 186 185 185 186 185 183 181 181 182 178 179 179 182 181 181 181 180 179 184 188 189 191 194 194 195 194 192
233 191 183 179 177 178 177 174 175 181 183 182 179 177 175 172 167 165 163 162 169 176 177 179 181 181 181 183 184 186 188 188 186 183 181 182 183 188 191 191 189 186 186 185 183 181 180 181 183 188 190 190 192 190 187 186 185 182 183 186 186 183 181 178 175 172 173 175 175 175 174 175 175 176 176 179 186 190 186 183 182 184 186 189 191 189 187 185 184 185 183 181 177 173 172 174 180 180 176 170 168 174 178 180 180 175 169 165 167 170 175 180 181 183 184 186 184 181 177 175 173 175 176 176 174 174 177 179 179 179 179 179 182 185 185 182 181 179 176 168 157 147 130 108 94 81 75 72 69 68 73 83 95 98 86 79 90 102 106 102 99 97 95 97 105 115 126 135 140 142 143 146 145 141 135 127 119 117 121 126 130 134 139 147 154 158 160 163 168 172 174 177 180 179 177 174 172 173 171 170 171 171 172 173 174 174 170 164 158 158 160 165 177 188 193 189 189 191 191 190 191 189 192 198 201 199 192 188 186 184 183 183 185 185 184 182 182 181 176 175 176 178 178 179 179 177 178 184 187 189 193 197 200 200 197 193
235 194 184 180 179 181 179 176 175 178 179 177 176 175 173 172 170 167 165 162 169 175 177 178 179 180 181 184 186 186 188 188 187 184 183 184 186 190 190 190 189 188 187 186 183 183 182 183 184 189 192 192 194 193 189 185 182 181 181 183 184 182 179 176 174 172 175 177 177 173 173 175 177 178 176 178 187 191 188 184 184 184 184 186 189 189 187 186 186 187 185 182 178 174 173 173 178 178 175 171 171 176 183 187 181 173 168 164 166 170 173 178 182 182 183 185 185 181 179 178 177 179 179 178 176 175 177 179 179 177 177 177 179 182 181 180 181 180 174 165 154 143 129 107 87 69 66 68 74 77 78 84 93 89 80 83 94 98 90 76 72 84 92 96 104 113 121 129 133 136 137 139 140 138 135 128 120 119 123 125 124 129 135 142 144 149 155 157 161 166 171 175 179 179 177 175 174 175 173 174 174 175 176 175 172 171 169 166 161 160 161 167 176 185 188 191 191 193 194 196 196 194 194 197 200 198 188 184 183 180 178 180 181 182 182 181 182 180 177 176 175 172 172 176 178 178 180 186 189 192 197 203 204 200 196 194
234 192 181 178 178 178 176 173 169 171 174 177 179 179 178 177 176 173 170 170 173 177 178 178 178 178 179 182 184 184 183 183 183 181 181 185 190 192 189 190 189 188 186 183 183 185 186 187 186 189 192 192 192 191 189 186 184 183 183 185 188 184 181 181 181 175 179 179 177 173 173 174 176 178 178 178 184 188 187 188 189 187 184 183 185 189 189 189 188 188 185 181 179 176 175 173 175 179 181 179 180 183 187 190 183 173 167 164 166 170 172 176 180 180 181 184 185 182 179 178 179 183 185 182 178 177 177 179 179 177 173 173 175 176 175 178 179 177 171 162 151 141 130 110 88 67 61 67 77 79 80 86 90 84 79 85 90 84 66 55 63 83 93 99 108 111 115 121 125 129 130 130 131 133 135 129 122 121 123 122 121 128 134 137 137 145 154 155 158 164 168 171 174 175 174 171 172 173 175 176 176 177 178 175 170 168 169 166 164 161 163 169 177 182 184 192 195 197 196 196 199 201 198 198 197 196 190 185 177 171 169 173 176 179 183 184 183 180 179 178 174 171 170 174 178 180 183 190 193 197 203 208 207 201 194 190
233 191 180 178 176 174 174 172 168 168 174 180 182 181 182 180 177 176 174 174 176 178 179 178 177 177 177 179 182 183 181 180 180 175 177 183 187 190 190 189 188 187 185 183 183 185 187 188 187 189 192 192 192 190 188 185 185 187 184 185 187 185 184 187 191 184 183 182 178 173 172 173 174 175 176 176 179 184 186 190 192 189 185 183 185 190 191 190 189 188 184 180 179 178 175 174 175 185 189 185 185 187 185 186 180 170 166 163 165 170 172 176 180 180 181 183 183 182 180 178 180 186 187 183 180 178 177 177 178 176 173 173 174 174 173 175 177 176 171 162 151 143 130 110 88 66 57 60 66 70 75 87 93 87 76 77 77 70 55 54 71 91 98 107 114 113 113 118 122 127 127 126 127 129 132 128 125 122 122 121 123 131 136 137 137 146 154 156 159 163 166 168 168 168 169 168 168 172 175 176 177 178 176 173 169 167 169 166 165 163 167 173 179 183 186 195 197 196 195 196 199 203 203 200 197 197 196 188 175 164 162 168 173 177 184 189 187 180 178 178 174 171 172 175 177 181 184 190 198 201 205 209 207 201 193 189
233 191 181 177 175 172 173 174 173 175 179 184 187 184 180 177 177 177 171 170 175 180 183 180 178 178 177 179 181 181 182 180 177 173 175 180 182 186 187 186 185 183 184 184 185 185 185 187 188 189 192 192 190 188 185 180 184 187 187 186 186 188 188 191 195 188 188 186 182 175 173 172 172 173 172 172 175 179 182 187 191 190 187 184 185 189 190 188 187 186 183 180 179 177 175 175 179 187 190 187 188 190 187 180 171 163 162 162 163 167 171 175 180 180 183 184 183 182 182 180 183 188 188 185 181 177 176 175 174 174 174 173 172 173 172 171 174 173 170 164 153 142 123 101 82 62 55 54 56 62 70 82 87 79 67 66 67 63 59 66 82 95 104 115 121 119 116 120 125 127 126 124 125 126 128 126 125 125 126 127 128 132 135 136 137 145 153 156 160 164 164 164 163 161 163 164 165 170 172 177 179 177 173 170 168 167 169 169 166 167 170 176 181 182 187 197 197 194 193 196 199 203 204 202 199 199 198 190 178 165 160 165 170 175 185 189 185 181 181 178 176 174 174 175 179 183 186 193 201 204 203 203 203 197 191 190
232 190 180 175 175 170 169 175 179 181 182 186 189 184 178 175 176 175 167 165 172 179 184 182 179 180 179 178 179 179 180 179 175 173 176 181 181 184 184 183 179 177 179 182 184 183 182 185 189 190 191 190 187 184 179 176 179 185 186 185 186 188 189 191 189 186 189 187 183 178 177 175 175 176 172 171 174 177 180 184 188 189 188 185 186 187 187 185 184 183 181 181 180 177 177 178 182 185 186 186 188 190 185 176 164 154 155 158 161 165 169 173 178 182 186 186 184 184 184 182 185 188 188 187 181 178 175 174 172 172 172 172 171 172 172 169 170 169 168 163 154 141 118 95 80 65 61 56 55 68 76 76 72 66 62 65 64 60 68 77 85 96 112 126 129 125 122 123 124 123 123 125 123 127 130 129 127 127 129 130 132 134 134 133 135 144 150 155 161 165 165 165 161 159 160 162 165 169 173 177 180 179 175 169 167 166 169 171 170 170 173 178 182 181 185 194 192 191 191 194 199 202 203 202 201 201 198 192 184 175 167 165 171 173 183 187 183 183 181 177 178 177 176 176 179 184 188 195 202 203 201 196 194 192 189 194
232 190 180 176 174 170 168 172 176 178 178 181 184 180 176 175 175 174 168 163 169 175 180 182 181 181 181 177 174 174 175 176 174 173 176 180 181 183 183 180 178 176 176 178 179 177 177 184 189 190 189 186 184 181 176 173 176 184 185 184 188 188 186 184 179 178 182 181 179 178 181 181 181 181 176 175 177 181 185 186 189 191 189 187 187 184 182 181 180 179 180 182 182 181 181 183 185 183 183 185 185 185 179 168 156 147 147 153 159 163 168 171 177 183 187 188 186 185 184 182 184 187 188 185 180 177 175 174 173 173 173 173 173 174 173 169 165 164 164 163 157 143 120 103 88 73 70 63 59 76 85 73 64 60 66 70 65 60 71 78 80 92 116 134 134 127 124 125 124 120 119 123 125 127 134 134 129 124 127 132 135 137 137 135 135 141 145 150 158 164 167 168 165 161 163 166 168 170 174 179 181 182 179 173 168 166 169 172 172 172 174 179 185 184 184 192 192 191 191 194 197 202 202 201 200 201 200 196 189 183 176 169 170 169 178 186 184 182 178 174 178 180 180 180 181 183 188 195 200 203 202 196 191 189 192 198
232 190 179 174 172 170 170 170 169 169 171 175 176 173 174 174 172 171 168 166 169 173 180 183 182 181 181 176 170 170 171 174 172 171 174 178 180 183 182 180 178 178 178 176 175 174 176 184 189 190 188 186 183 179 174 172 175 179 179 183 189 187 180 176 172 172 175 176 176 176 180 183 184 183 178 177 180 185 190 187 188 190 190 188 185 183 180 179 179 179 180 182 181 180 181 186 187 182 180 180 181 183 178 165 152 143 140 147 156 160 166 171 178 183 186 188 187 185 184 183 183 186 187 184 178 174 174 174 174 175 175 175 174 173 172 168 164 162 163 162 157 145 130 120 104 83 80 77 65 74 80 67 62 62 71 75 70 64 73 76 74 84 114 136 140 133 129 129 129 126 120 120 122 122 127 128 123 121 126 130 133 138 139 137 136 135 136 143 155 163 166 170 170 168 168 170 170 173 178 180 182 182 181 178 171 166 169 172 172 172 174 178 185 188 188 192 193 191 192 194 198 201 201 199 195 195 199 198 190 185 180 173 171 170 178 189 185 180 177 175 180 183 182 182 182 181 186 196 203 207 206 199 194 192 194 197
232 190 180 175 173 173 173 171 167 166 166 169 171 170 170 173 172 171 168 167 168 171 180 187 188 186 184 182 179 176 175 173 171 170 173 177 182 190 189 182 179 180 180 179 178 179 180 185 189 189 187 185 181 175 171 168 171 173 174 178 186 183 176 173 170 168 170 173 174 173 177 182 182 179 174 174 180 187 191 187 185 186 188 186 185 183 179 177 179 180 180 182 180 178 178 180 182 180 176 176 178 184 184 171 159 147 140 143 152 158 164 171 178 184 188 188 185 183 180 178 179 182 184 182 176 173 172 173 176 177 178 176 174 171 170 167 166 164 165 162 157 150 140 136 122 98 88 82 66 65 70 67 65 66 76 82 79 73 75 75 72 82 111 135 142 141 137 136 137 136 131 129 123 119 119 119 118 119 125 130 133 136 138 139 136 130 130 142 155 163 167 173 175 173 172 172 171 173 176 181 183 184 183 181 173 168 170 170 171 173 174 178 186 190 191 193 194 192 193 199 201 202 199 195 189 186 189 193 188 183 181 179 180 180 185 191 186 175 174 178 185 187 187 183 181 181 188 201 209 213 211 205 201 195 194 199
234 192 182 177 176 176 176 174 172 168 166 167 169 169 168 171 175 175 172 167 163 168 178 188 192 190 189 189 187 183 177 173 171 171 175 178 184 195 195 186 181 179 178 181 183 183 182 186 190 191 188 183 178 172 170 167 168 172 171 171 176 176 175 174 168 161 161 168 173 173 178 180 179 174 169 171 179 188 188 185 184 186 185 184 185 185 180 176 177 181 180 181 181 179 177 177 178 177 174 172 174 183 183 171 160 151 142 142 151 159 165 171 177 185 188 188 184 180 177 173 176 179 181 180 175 172 171 172 175 178 180 176 173 170 168 168 169 167 167 163 158 152 146 143 133 114 96 85 71 65 69 74 71 70 79 89 91 84 77 77 78 88 108 133 143 145 143 142 143 145 145 142 131 123 118 117 118 120 123 128 133 134 133 135 133 130 133 147 158 165 169 172 174 174 172 172 172 171 174 178 181 183 185 180 173 168 169 168 170 173 175 182 189 190 191 195 200 198 196 199 201 202 200 192 186 184 184 186 187 185 183 184 188 189 190 189 184 173 172 181 188 189 186 180 179 182 191 204 210 211 210 210 207 198 195 201
233 192 183 179 179 179 178 178 178 175 171 169 169 167 165 167 173 177 176 169 162 167 179 185 189 189 188 188 186 181 176 171 171 173 176 178 183 190 192 189 184 180 177 179 182 185 183 186 190 193 189 183 177 172 173 171 168 170 171 170 170 170 172 171 162 149 152 162 171 176 180 181 178 172 167 169 178 186 186 184 184 186 183 184 184 185 179 175 176 178 177 178 182 183 181 179 179 176 173 171 172 178 176 165 154 144 137 140 148 154 161 168 174 181 185 185 181 178 174 171 173 177 179 180 177 173 173 174 175 177 177 175 172 170 169 169 171 169 166 162 158 154 151 147 140 126 107 91 78 70 72 80 75 71 81 93 101 92 81 82 85 93 106 129 140 143 146 148 149 151 153 151 141 130 121 119 120 120 120 122 126 126 127 129 129 135 142 151 159 163 170 173 173 172 173 173 174 172 171 174 178 182 183 180 176 171 171 170 171 175 178 185 190 189 190 196 202 201 198 198 200 203 203 195 190 187 183 186 192 195 190 186 190 191 189 188 183 175 176 184 189 187 183 181 183 187 190 194 201 204 204 209 209 200 197 200
233 190 183 180 179 179 177 180 181 178 175 171 169 165 161 162 169 175 177 172 166 170 181 184 184 186 187 185 181 176 171 168 170 174 177 182 186 186 189 190 186 182 180 180 182 185 186 186 189 192 188 182 175 172 173 172 169 171 172 171 169 170 170 166 158 151 152 161 170 176 180 181 176 170 166 167 173 181 186 184 182 183 183 184 184 185 181 176 176 178 175 176 180 185 183 180 178 175 172 169 169 171 171 164 153 140 136 139 145 151 158 166 171 176 179 180 180 178 174 171 173 176 179 181 180 176 175 176 176 177 177 175 173 172 171 171 171 168 165 161 159 159 156 150 146 138 121 99 83 76 77 78 77 76 83 91 99 93 82 83 84 92 105 123 135 141 145 145 149 154 157 154 146 133 126 121 120 118 116 115 118 119 121 127 135 145 152 154 157 163 171 174 173 172 173 174 174 171 170 171 173 176 180 181 179 176 174 172 173 178 183 187 192 190 189 196 198 199 199 201 203 205 206 203 199 194 189 192 198 200 195 188 188 186 185 188 186 180 180 186 191 190 186 184 187 191 187 179 188 198 200 206 206 200 199 200
233 190 183 181 180 178 177 179 181 178 176 173 169 164 159 159 166 172 176 176 174 174 180 182 182 184 184 179 172 165 163 164 167 174 178 184 189 189 189 190 185 182 182 182 182 183 183 181 183 185 183 179 175 176 174 174 174 171 170 170 167 168 167 165 162 162 161 165 170 174 178 179 176 170 165 164 168 176 183 181 180 182 184 184 184 185 182 177 176 176 174 174 177 181 179 180 180 176 174 170 170 171 173 169 155 142 137 138 142 151 158 166 169 171 174 177 179 177 174 171 173 176 179 182 181 177 178 178 177 178 180 177 175 174 173 171 169 166 162 160 158 161 159 155 154 146 131 111 92 84 79 80 86 87 85 88 93 90 85 82 80 84 95 114 132 139 141 141 146 154 157 156 148 136 130 124 121 121 120 119 118 116 116 123 139 151 158 159 160 166 171 174 173 171 172 174 172 169 167 168 167 170 178 183 182 179 175 173 172 181 187 190 195 193 190 196 197 199 202 202 203 206 207 205 203 200 197 198 200 199 194 186 184 181 181 185 188 185 183 187 192 192 188 186 188 191 184 176 182 189 195 200 200 196 198 198
234 192 185 183 181 179 178 179 178 174 171 170 168 163 159 160 165 169 175 179 179 178 180 180 179 179 177 170 164 159 159 159 162 173 179 183 189 189 188 188 185 182 182 182 181 176 174 176 178 181 183 182 177 178 177 178 178 172 168 168 168 166 164 164 164 168 168 169 169 172 176 180 179 174 166 162 164 173 180 181 182 184 185 184 184 183 181 179 178 174 172 172 175 174 172 177 183 182 181 178 177 177 178 172 157 145 139 137 142 152 159 165 170 171 172 175 177 178 175 172 174 177 180 182 179 178 178 179 179 180 180 179 177 176 175 173 170 165 163 159 159 161 160 159 159 152 142 123 101 89 85 96 106 99 89 86 88 85 84 83 76 74 83 102 124 135 138 137 144 151 154 156 150 139 132 126 123 124 126 128 121 115 112 120 137 153 162 164 164 168 172 172 172 170 170 171 169 166 164 164 166 169 176 180 182 178 174 171 171 180 186 187 194 194 192 195 198 201 202 203 204 206 204 204 203 201 199 198 198 196 192 186 181 177 179 185 188 188 185 183 183 187 188 186 186 189 185 177 178 179 186 195 196 193 195 196
234 193 185 184 181 180 179 177 175 171 168 168 167 163 160 162 165 168 175 181 180 181 181 176 170 168 166 159 156 157 159 156 158 169 178 183 187 187 187 186 184 182 181 181 180 176 172 174 178 181 185 184 180 179 180 179 176 170 167 167 168 166 166 166 168 171 172 171 169 171 174 178 178 174 165 160 164 173 177 180 183 186 185 185 183 182 181 181 178 172 170 169 170 167 168 175 184 187 187 184 180 181 179 170 158 145 139 139 145 154 162 166 169 171 172 173 177 178 175 173 175 179 180 182 181 178 175 175 178 180 179 178 177 177 177 175 170 165 162 160 161 162 160 162 163 157 150 135 108 96 99 118 128 112 91 86 88 85 83 82 74 72 81 96 113 129 136 137 142 150 156 159 153 142 136 131 128 128 127 131 125 119 118 124 137 153 162 164 165 166 167 168 168 167 167 167 165 161 159 161 166 171 175 179 178 177 172 167 167 178 184 184 189 192 193 195 196 198 197 199 200 200 200 201 198 194 194 193 193 193 191 185 181 179 182 186 188 191 190 180 172 178 186 187 184 187 183 173 172 174 181 190 191 188 190 192
234 193 186 185 182 180 179 177 174 170 168 168 167 164 164 167 170 172 176 182 184 184 181 170 158 154 154 152 153 156 158 153 156 167 177 183 187 187 186 186 184 183 181 181 181 180 176 174 177 180 183 184 182 180 182 181 176 171 167 166 167 166 167 169 170 171 172 172 170 171 174 177 176 171 162 159 163 171 177 180 183 184 186 184 183 182 181 181 178 172 169 167 163 161 167 175 182 186 187 183 180 181 178 169 158 144 137 138 146 155 163 167 170 173 173 174 177 176 175 174 176 180 181 183 182 177 172 174 177 180 178 177 177 177 177 176 172 166 162 161 162 163 163 165 167 162 155 143 119 110 117 133 136 118 92 89 92 87 84 87 79 76 85 96 109 125 136 139 142 152 164 166 159 150 143 140 139 137 133 134 129 125 127 132 140 154 160 162 165 165 165 166 166 165 165 164 161 158 157 160 166 171 176 177 174 172 168 162 164 175 183 184 186 187 190 194 195 194 195 195 194 191 192 194 192 189 188 184 187 190 189 185 182 182 185 188 188 192 193 183 175 176 182 186 186 187 180 171 172 177 184 190 187 184 184 186
234 194 187 188 185 183 181 176 172 170 169 170 169 166 168 171 175 178 179 183 187 185 177 166 151 145 148 151 153 156 156 151 156 167 176 182 186 185 184 185 186 187 184 182 181 181 179 175 173 176 178 182 183 181 182 182 178 173 170 168 167 166 171 172 171 171 170 170 168 168 171 171 171 166 160 158 161 168 174 177 180 181 185 185 183 182 181 181 179 173 167 164 161 160 165 172 177 181 182 179 179 178 174 164 151 137 130 133 145 157 166 170 174 176 176 176 177 176 175 175 177 181 181 182 179 174 171 173 176 178 178 175 176 177 177 177 173 167 163 163 165 167 168 169 169 165 157 147 133 130 136 145 140 123 104 102 102 93 90 95 90 84 90 103 116 130 144 149 150 160 172 173 167 160 155 151 151 149 145 142 135 130 132 140 146 154 157 159 162 163 164 166 166 164 164 163 159 157 157 161 167 172 175 174 171 169 165 160 163 175 181 181 181 181 182 188 192 193 196 195 194 190 186 186 186 188 186 180 183 189 188 185 185 184 187 189 188 192 194 186 178 175 174 180 187 187 180 174 178 185 188 189 185 183 181 182
234 195 188 188 187 183 180 173 169 170 170 171 171 168 168 169 173 177 176 178 180 178 171 162 151 143 144 150 157 160 158 154 160 169 175 180 184 183 182 184 186 185 184 184 182 178 175 173 172 173 174 180 185 182 184 183 178 175 172 170 169 168 171 171 170 169 167 167 166 166 167 166 164 161 159 158 161 168 172 175 179 181 184 184 185 183 181 180 178 172 165 161 159 159 162 166 172 178 180 178 177 178 170 159 149 136 130 135 146 158 165 170 175 178 178 178 177 175 174 175 177 181 183 181 176 172 171 173 175 176 176 176 178 178 177 176 171 167 164 165 167 169 170 169 168 164 159 152 146 146 148 154 147 132 122 113 104 94 94 100 98 90 95 113 131 140 150 154 157 164 173 174 171 166 162 159 159 156 157 153 146 136 131 138 146 152 157 158 161 163 165 167 168 166 166 162 160 158 159 162 167 171 173 173 169 167 165 163 165 175 181 179 179 178 177 185 191 196 200 199 197 193 186 181 183 183 180 176 182 187 187 184 184 183 184 187 189 194 193 185 176 169 168 177 185 183 179 179 181 185 187 187 186 182 179 178
236 199 194 192 189 185 181 175 171 171 172 173 173 168 163 161 162 163 164 163 161 161 161 157 150 143 145 153 157 160 158 157 162 169 175 180 184 183 180 180 180 181 184 185 181 177 174 172 171 172 175 181 186 184 183 181 178 174 175 174 173 174 174 168 164 163 163 169 170 169 168 164 160 157 156 159 163 168 170 176 180 180 182 182 184 182 181 180 177 168 160 154 151 152 154 154 163 175 178 178 176 179 173 159 151 142 142 146 151 157 163 169 174 178 180 181 178 176 175 176 178 182 182 182 178 174 172 173 174 176 178 180 178 178 178 176 170 166 166 169 170 171 170 167 166 164 162 160 159 159 161 163 154 146 136 117 99 91 92 103 105 98 101 124 144 147 144 151 157 164 169 170 169 167 163 164 167 167 167 165 160 152 142 137 141 149 155 157 159 162 165 168 168 168 166 163 162 160 159 161 166 170 170 170 167 163 163 166 170 179 186 182 177 178 176 182 189 198 203 201 200 195 187 180 178 174 172 170 176 182 185 185 182 179 180 185 189 192 191 183 173 170 170 173 175 173 172 175 179 180 180 182 184 183 179 178
237 201 196 193 190 185 180 176 172 172 173 175 174 168 161 157 157 157 157 156 154 153 155 154 151 147 147 152 154 156 158 159 163 168 175 182 186 182 176 175 177 179 180 181 180 177 174 172 171 173 177 181 184 183 182 180 178 175 176 179 178 178 174 168 163 163 167 172 174 172 170 167 161 157 155 159 163 166 166 172 179 181 178 180 181 181 180 180 176 167 156 148 145 145 144 146 159 170 172 174 175 178 175 164 156 150 151 153 154 157 163 169 174 178 182 183 179 178 177 177 179 182 182 183 180 176 176 175 174 176 178 179 177 177 177 175 170 167 168 170 171 171 170 168 166 164 164 164 166 170 171 168 160 155 146 124 102 91 92 105 113 107 106 125 143 139 130 144 157 167 170 169 166 165 166 171 175 176 175 173 170 165 158 148 145 149 154 157 160 163 168 170 170 168 167 164 163 161 161 162 166 169 168 168 166 161 162 167 172 181 188 185 176 174 174 177 185 195 203 203 202 196 187 180 178 172 167 168 174 179 180 181 177 175 179 187 190 187 186 180 173 174 174 172 170 168 170 171 174 176 174 177 182 183 181 178
238 201 190 187 186 186 184 179 174 175 175 176 175 170 165 159 159 160 159 158 157 155 154 156 155 150 150 152 152 153 155 159 164 169 175 180 183 176 173 174 176 178 178 179 179 178 175 170 172 174 177 180 179 180 182 181 180 178 178 178 176 175 174 169 167 168 172 174 175 175 173 170 164 159 159 162 165 166 164 168 174 175 174 177 179 180 179 178 176 167 158 151 145 142 143 148 159 166 167 170 172 175 174 165 157 152 154 154 155 158 163 167 172 177 179 180 179 179 178 178 180 183 183 182 181 179 178 178 177 177 177 176 177 177 177 175 173 170 169 171 171 171 170 167 164 163 162 162 167 172 173 169 165 160 151 134 109 95 100 117 124 119 114 122 137 137 132 144 159 170 171 171 169 167 169 175 179 178 177 175 172 170 168 160 156 154 155 157 159 162 169 172 170 168 167 165 163 162 164 163 165 166 165 165 164 161 162 167 171 177 183 183 175 171 169 172 178 189 201 207 205 198 186 178 177 172 166 167 175 176 176 174 171 170 173 186 192 187 185 181 175 175 176 174 170 168 171 173 172 173 171 173 179 182 181 181
235 197 190 187 187 186 184 180 176 177 177 178 177 174 170 165 164 163 164 161 159 156 153 154 155 151 152 153 151 154 158 163 171 174 177 181 180 175 174 175 177 177 179 179 179 176 172 170 170 172 175 176 176 181 184 183 182 181 178 174 172 173 172 171 170 173 177 176 175 175 174 172 169 167 167 169 167 166 165 167 170 170 173 176 179 180 178 176 173 168 162 156 147 143 151 159 163 167 168 170 172 175 175 167 158 154 156 156 157 158 161 165 170 173 175 178 178 178 178 180 182 184 185 183 179 178 178 179 181 180 178 176 176 176 176 177 175 172 171 170 170 169 166 164 164 165 163 163 166 171 172 171 171 167 159 145 120 107 120 132 132 126 122 125 136 145 145 151 160 171 174 176 175 173 171 175 178 179 178 177 174 173 171 164 160 159 157 155 157 163 168 172 170 169 168 166 165 164 164 165 165 164 161 163 163 161 161 164 167 172 177 178 174 173 169 168 171 182 196 204 202 196 186 176 175 173 169 168 172 173 173 172 169 166 168 180 190 192 188 184 177 175 174 173 170 168 170 175 175 173 170 174 180 185 183 186
233 191 188 187 187 185 182 181 180 181 183 182 180 181 179 173 170 169 171 168 164 162 158 154 155 156 153 150 150 156 164 172 181 182 182 184 182 183 180 177 177 178 179 179 179 176 172 171 170 172 174 173 177 182 184 182 181 184 181 175 169 170 172 174 176 178 180 177 176 176 174 175 175 174 174 174 171 168 167 166 169 170 174 174 176 180 182 181 176 173 170 165 154 153 162 167 167 168 169 169 169 172 171 165 160 156 156 157 158 159 158 163 169 172 174 176 178 178 177 180 183 184 185 184 179 177 177 178 179 180 179 176 175 175 176 177 177 174 172 169 166 161 157 158 162 166 164 161 165 171 175 175 176 175 168 157 137 128 142 147 140 136 134 135 145 156 159 161 165 171 176 177 176 175 174 174 176 178 180 179 176 174 170 166 164 164 159 154 156 163 168 172 171 169 167 167 166 165 166 166 165 162 160 161 162 160 160 161 163 167 171 169 169 171 170 168 169 178 188 194 192 191 184 176 175 176 173 169 170 168 169 170 168 165 165 173 185 193 189 187 181 179 178 176 172 172 175 179 183 177 173 178 183 189 194 197
232 185 181 184 185 184 182 181 185 188 190 190 184 185 189 184 183 180 179 173 167 165 161 156 156 157 154 150 151 158 168 175 181 180 180 181 182 188 185 181 179 179 180 182 181 176 175 172 170 172 174 173 175 180 182 181 182 186 184 178 172 171 173 176 180 182 183 178 173 174 174 176 176 176 176 176 173 170 167 166 169 173 174 176 179 182 186 185 180 180 177 171 165 163 168 171 171 172 173 168 164 167 168 166 162 159 158 160 161 161 162 164 169 173 174 176 175 176 177 180 183 183 183 183 178 176 175 176 177 175 175 174 172 174 174 176 176 174 172 168 162 155 151 155 162 166 166 161 162 170 173 177 178 178 176 167 157 154 161 161 153 151 149 150 159 165 166 167 168 173 174 174 174 175 175 175 175 178 180 179 178 176 171 167 165 164 160 156 157 164 171 174 171 166 165 165 165 166 166 167 166 163 159 160 162 160 157 156 159 161 164 164 167 170 169 167 168 178 187 190 191 189 182 179 176 175 174 171 169 167 165 166 167 165 165 171 180 185 185 187 185 181 180 177 174 177 182 183 189 186 180 183 188 193 201 207
230 180 175 180 184 183 182 184 187 190 192 192 185 185 194 198 195 187 183 174 168 164 159 156 158 159 156 153 156 164 171 174 176 177 177 177 179 189 189 184 181 183 185 187 184 179 176 174 172 173 174 174 176 177 179 182 184 186 185 181 178 176 177 179 184 187 183 177 173 172 174 176 178 180 179 177 175 172 170 168 168 170 174 178 182 185 187 187 184 183 180 178 175 174 174 176 179 179 175 169 167 170 170 170 166 163 163 164 164 165 165 167 168 172 175 176 174 175 176 177 180 182 181 180 176 174 173 173 173 172 172 171 170 172 173 175 175 172 168 162 157 153 153 156 162 165 166 164 165 170 170 174 178 180 181 175 169 167 172 172 166 164 160 161 168 171 172 171 170 170 171 172 171 173 175 175 175 177 176 176 177 176 173 167 166 164 160 157 158 163 171 173 167 162 161 160 159 163 166 168 169 164 161 163 163 160 156 153 152 154 159 162 167 173 173 168 167 177 186 192 192 188 182 178 176 178 177 174 169 166 163 163 166 171 172 173 175 179 182 188 186 181 176 174 177 182 185 184 190 188 186 189 192 193 202 208
229 180 175 180 184 182 183 183 185 186 188 187 181 180 187 192 191 186 182 175 171 165 159 158 161 165 164 161 163 168 169 171 171 176 178 177 179 187 191 188 183 185 188 189 186 180 177 177 176 176 175 175 178 178 181 184 186 184 184 185 186 183 184 186 188 185 179 175 175 172 173 177 182 184 181 179 179 174 169 168 167 169 173 177 181 184 185 186 188 186 184 185 184 182 180 182 183 182 178 173 173 176 175 171 167 164 165 168 168 169 169 169 170 174 177 177 172 171 172 175 177 180 178 176 173 172 172 172 171 169 169 166 166 169 172 173 171 167 161 155 152 150 155 159 163 167 168 169 170 172 171 173 177 180 182 179 173 172 177 176 171 169 166 166 171 173 174 174 172 170 170 170 168 170 173 173 174 175 175 175 176 176 173 169 167 163 159 158 159 165 170 172 167 161 160 156 151 157 163 167 169 166 163 164 162 158 154 151 150 147 155 160 166 173 174 171 169 175 185 192 194 189 181 178 176 179 177 173 170 167 162 163 169 180 181 176 172 172 177 185 185 177 170 169 176 183 187 187 188 183 181 185 191 194 198 201
232 185 177 180 183 182 184 183 184 184 184 181 177 177 178 177 178 180 179 175 173 166 159 158 164 173 176 174 172 171 170 170 170 175 179 178 179 182 186 184 180 183 187 188 184 179 177 178 177 176 176 177 180 182 185 187 185 181 180 186 189 188 188 189 187 182 176 174 174 174 176 179 183 184 182 181 180 174 167 167 167 170 172 175 179 183 182 183 186 186 185 187 186 184 183 184 187 189 187 184 184 180 178 175 171 169 169 169 171 171 172 172 173 177 181 180 171 168 170 173 176 177 176 172 171 170 171 171 169 166 164 161 162 168 170 170 168 163 157 152 149 150 157 161 164 167 168 169 171 173 171 172 176 179 181 177 174 175 178 178 175 173 169 169 171 173 176 176 173 171 170 169 168 169 171 171 173 172 173 173 175 175 171 164 162 163 161 158 157 160 166 170 168 163 160 156 148 151 162 167 169 168 166 165 163 154 147 147 146 144 149 157 165 172 175 176 175 179 185 193 195 191 183 178 176 178 176 172 169 166 162 164 173 188 185 171 166 167 174 183 182 173 167 166 170 175 181 185 187 182 176 178 186 193 194 196
234 189 181 183 184 186 187 184 182 182 182 179 178 177 175 173 172 176 178 177 172 165 157 156 161 172 176 174 171 170 171 169 168 171 174 177 178 181 183 182 180 180 182 183 181 177 176 178 177 174 174 176 181 183 186 188 183 178 181 184 186 186 187 186 184 181 176 174 174 177 180 182 183 182 180 179 177 169 164 166 165 166 166 168 171 176 177 178 181 180 181 184 184 182 182 185 189 194 193 191 188 183 181 179 175 171 170 171 172 173 175 174 176 179 181 181 174 170 171 172 173 175 173 170 171 169 169 169 166 162 161 160 162 169 171 169 167 164 160 155 152 153 159 162 163 167 171 170 172 173 171 170 175 177 177 176 174 175 176 178 178 174 171 172 173 176 177 176 173 172 171 172 171 171 171 171 169 168 168 169 171 171 166 154 153 155 155 154 153 154 160 169 171 166 162 159 151 149 163 169 170 169 168 167 163 153 143 139 140 138 142 152 163 174 180 179 181 188 189 192 196 194 184 178 177 178 175 171 165 163 163 166 174 185 179 166 164 168 174 183 182 174 168 167 167 168 172 177 182 183 178 177 183 192 196 200
238 200 193 193 194 194 192 187 183 184 186 182 181 177 174 172 169 173 177 176 169 162 156 154 158 165 168 164 162 162 165 164 167 172 174 175 178 182 183 183 181 181 180 180 180 177 176 178 176 174 173 175 180 185 186 185 182 181 182 184 183 183 183 183 182 180 178 175 174 180 183 183 181 179 178 176 173 166 162 163 162 162 158 159 162 166 170 174 176 175 177 180 183 184 186 188 192 195 194 190 187 187 184 180 177 170 168 170 173 175 178 177 176 177 179 178 175 174 172 171 170 172 172 169 170 170 169 166 165 164 163 164 167 171 173 169 163 161 161 159 157 159 160 161 163 169 176 175 174 172 171 170 172 173 174 173 175 175 176 178 178 176 174 174 174 175 175 174 173 171 172 173 174 172 171 167 163 161 163 164 164 162 158 149 146 144 141 143 146 151 159 168 172 170 168 165 157 152 163 170 169 168 167 166 163 151 139 131 127 125 133 144 159 175 186 182 181 187 189 192 196 195 184 178 180 177 173 170 165 162 161 163 168 175 173 166 166 170 174 181 182 175 171 170 168 167 165 166 170 174 176 181 190 198 202 204
237 208 208 207 199 196 192 186 186 187 190 186 183 178 175 172 167 167 170 168 164 162 161 161 160 162 160 155 154 155 159 164 170 175 178 179 182 184 184 183 180 180 180 181 181 179 179 179 175 172 172 175 180 184 185 184 180 181 180 181 181 182 180 182 182 181 181 180 179 181 183 182 181 179 179 177 173 167 163 163 158 156 153 153 155 159 164 170 174 174 177 181 184 188 190 192 192 193 192 189 187 185 182 179 177 172 169 171 176 179 179 178 177 178 179 176 174 172 170 168 169 169 169 168 169 169 170 168 167 167 169 169 172 175 174 168 162 160 159 160 163 162 162 164 166 171 176 176 173 170 169 169 171 169 170 170 173 174 175 177 180 179 176 176 177 176 176 174 172 172 170 170 172 171 170 161 156 155 156 156 155 152 150 146 143 140 135 138 146 154 161 165 169 172 173 172 164 159 162 167 168 168 169 168 164 152 141 130 121 115 120 133 152 171 182 182 182 185 190 193 194 193 187 182 181 178 174 171 166 164 164 163 166 171 172 168 169 173 175 179 179 175 175 174 170 167 164 163 162 164 171 180 193 200 203 202
237 206 206 207 198 192 187 183 184 186 189 187 183 179 174 171 166 162 163 164 162 164 166 167 164 162 159 153 154 157 159 164 169 174 178 181 183 183 183 182 180 181 183 182 182 181 180 178 173 171 171 173 178 183 183 182 180 180 180 181 181 181 181 183 182 182 182 184 185 184 183 184 182 180 178 176 172 168 165 162 156 152 151 151 153 155 161 166 169 173 177 183 188 189 191 191 190 190 189 188 189 188 185 181 177 172 171 173 177 180 179 178 177 178 178 175 173 170 167 167 169 168 167 168 170 170 171 170 169 169 170 171 173 176 174 168 164 162 159 160 163 162 162 166 170 172 175 172 170 169 168 166 168 166 166 169 171 172 173 177 180 180 177 177 178 177 176 174 174 172 170 168 166 166 165 156 150 150 151 152 150 146 143 142 140 141 138 142 151 158 164 167 170 175 174 172 169 166 163 163 166 168 171 169 164 153 142 135 128 120 116 126 146 164 176 182 185 187 191 190 191 192 191 188 184 182 177 171 168 167 168 168 170 174 175 173 173 174 175 177 178 178 180 179 174 171 168 166 165 166 172 177 187 196 199 197
238 204 196 197 194 188 184 180 181 183 184 183 182 178 175 171 166 161 161 165 167 166 170 173 170 164 159 155 156 158 159 163 167 171 176 180 181 183 183 181 179 178 180 181 181 181 180 177 173 170 169 169 174 179 180 180 179 180 183 185 185 185 185 187 185 183 184 186 187 188 187 187 185 180 176 174 171 167 164 158 154 148 150 151 151 152 154 159 164 172 180 187 190 191 191 189 187 187 186 185 186 188 185 180 176 172 172 173 176 180 179 178 177 176 176 173 171 168 167 168 170 167 166 166 169 171 173 172 172 171 170 171 173 175 174 170 168 166 163 162 163 163 163 166 170 172 171 168 167 168 168 165 165 160 158 163 170 172 173 177 182 181 179 179 180 178 177 176 175 172 167 165 159 157 159 154 148 148 150 149 146 142 138 136 135 137 137 143 152 160 166 170 173 176 177 174 170 167 161 159 167 171 172 171 165 154 144 138 135 125 118 126 143 158 171 186 190 189 188 190 190 193 197 193 189 184 178 172 168 169 170 172 176 176 178 177 177 178 178 179 180 181 185 183 179 178 174 170 169 168 172 175 183 191 192 191
237 201 190 187 186 184 181 178 178 177 179 179 179 178 176 174 167 162 162 167 171 171 173 176 171 162 157 156 159 161 161 163 165 168 173 177 178 181 182 180 177 177 178 180 182 184 183 177 173 171 169 167 172 178 178 179 179 184 189 192 193 192 192 192 189 187 185 184 187 191 192 191 186 180 176 173 170 169 164 156 151 146 146 149 147 147 148 153 160 170 180 188 191 192 191 188 186 186 186 187 190 192 189 181 176 171 172 174 176 180 182 180 175 173 174 172 171 168 168 168 168 166 165 165 168 168 170 173 174 173 170 170 170 172 172 172 169 168 168 167 166 164 167 168 168 171 170 165 163 164 165 165 165 159 157 164 172 172 173 177 182 182 179 181 182 179 176 173 172 169 166 162 156 152 152 151 149 151 151 146 144 141 137 132 132 136 140 146 152 161 167 171 173 176 178 175 169 166 163 163 171 174 174 173 168 160 153 147 142 130 123 130 144 153 165 184 191 192 188 191 193 197 201 197 196 192 186 178 175 175 175 176 179 179 182 182 181 181 182 182 181 182 185 184 181 182 180 178 175 172 175 180 183 183 181 184
236 197 189 186 184 182 180 177 175 174 177 177 177 176 174 173 169 166 169 174 177 174 174 176 168 157 154 157 160 162 164 165 165 167 171 175 179 181 180 178 175 177 177 179 183 186 181 174 171 169 168 168 171 176 177 176 177 183 188 194 195 195 196 197 195 192 188 185 188 192 193 193 189 182 176 173 171 169 163 156 147 144 145 149 147 145 145 151 159 167 178 186 191 195 194 190 186 186 188 191 196 197 191 184 177 172 174 176 177 182 182 179 175 173 174 173 171 170 170 169 169 167 166 166 168 168 170 172 173 172 172 170 167 168 170 172 169 168 168 167 165 164 166 167 168 170 167 163 161 162 164 166 166 163 163 168 172 174 175 178 183 185 182 184 185 180 176 172 172 168 163 159 155 149 147 149 151 152 149 145 145 144 139 135 134 137 143 147 152 159 166 169 171 174 177 175 171 169 170 170 173 174 173 173 172 168 163 156 150 137 128 134 147 154 162 182 190 191 191 191 192 197 203 202 198 194 188 182 180 178 178 180 179 179 185 185 184 184 185 182 181 181 183 184 183 185 184 182 179 177 179 183 182 177 176 183
236 197 189 186 184 183 181 177 173 172 173 175 175 173 170 169 169 171 176 183 184 180 176 172 163 155 156 163 165 166 168 167 167 168 172 177 181 182 179 177 175 175 176 177 180 182 177 171 169 168 167 168 171 175 176 175 176 181 185 192 195 197 198 201 201 194 187 184 186 190 192 192 189 183 177 173 169 168 164 157 147 142 147 151 153 150 145 148 156 163 174 183 189 195 196 191 186 184 186 189 195 196 192 186 177 173 174 176 178 182 182 178 174 174 175 173 171 171 173 172 171 169 169 169 168 168 169 170 168 168 168 168 168 169 171 173 169 167 166 165 164 162 162 165 167 167 165 162 159 159 163 164 164 166 169 172 172 175 178 181 183 186 187 186 185 182 176 173 172 169 163 159 152 146 144 147 150 150 148 146 146 146 141 137 136 138 144 147 152 158 163 165 169 171 174 174 173 173 173 168 169 172 174 172 172 172 171 165 157 144 132 135 147 152 160 177 187 191 191 191 191 196 202 202 197 192 187 182 182 180 181 180 181 180 184 186 185 184 184 183 181 181 183 184 186 190 187 185 183 182 183 183 182 179 181 185
236 196 188 187 185 184 182 178 172 170 171 173 174 175 171 169 169 173 179 183 184 182 178 174 169 164 165 172 175 175 175 171 170 173 179 186 190 187 181 179 176 174 174 175 175 174 172 169 168 169 169 169 172 176 178 177 175 181 186 189 192 197 199 198 192 183 179 181 184 188 192 191 187 183 178 173 168 166 166 162 151 147 151 156 161 156 148 148 156 161 163 173 182 188 190 190 185 181 180 182 189 197 196 188 178 174 176 178 179 182 182 177 173 173 175 173 172 173 177 177 174 172 170 169 167 168 166 163 161 160 163 167 169 172 174 173 169 167 166 164 164 160 160 164 166 166 164 161 158 156 161 164 165 170 174 175 173 174 178 182 184 186 189 187 185 182 177 175 172 168 164 159 151 145 145 146 145 144 145 147 145 142 139 137 137 139 145 149 153 158 161 162 164 165 167 169 170 173 171 162 165 172 174 171 171 174 174 172 164 150 137 137 145 148 155 174 185 189 192 190 191 196 202 202 197 190 186 182 180 180 181 180 181 181 182 186 185 184 183 182 180 180 182 186 189 193 191 189 188 186 185 185 185 187 190 191
235 197 190 189 187 185 183 177 171 169 171 172 172 176 175 170 170 174 177 179 181 179 180 180 178 175 174 178 184 186 181 174 172 176 182 189 192 188 182 180 178 175 174 175 173 169 169 170 170 170 171 170 174 178 181 180 176 182 186 186 188 194 195 187 176 171 172 178 181 186 191 190 185 181 179 173 168 167 166 165 159 156 156 159 164 162 155 151 156 160 158 167 177 185 189 189 186 180 178 183 194 201 196 186 177 174 176 179 180 182 182 177 172 172 174 173 176 178 179 179 177 173 171 168 167 168 166 161 157 158 161 165 168 173 175 174 171 168 167 165 162 158 157 162 166 167 163 160 157 158 163 166 169 173 175 174 173 173 175 179 182 187 189 187 185 181 176 173 170 167 164 159 152 148 147 147 143 139 141 143 141 136 135 138 139 142 147 150 153 156 158 159 160 161 163 164 169 172 170 165 166 169 172 171 170 172 173 172 165 153 140 136 144 147 154 172 183 187 191 192 192 197 201 202 197 190 186 184 182 181 182 181 180 182 182 186 187 184 182 181 181 179 179 185 190 194 193 191 190 189 190 189 189 191 193 192
236 200 191 188 187 185 182 177 172 171 172 173 172 173 173 170 172 176 177 180 181 180 179 181 180 181 181 183 190 193 182 174 173 176 177 181 183 183 182 181 179 178 177 176 173 169 168 171 172 173 173 173 174 177 182 182 179 180 183 185 187 191 191 180 170 166 171 178 181 184 188 187 184 181 179 177 173 172 170 169 166 162 159 160 163 163 159 155 157 160 160 168 176 182 187 189 189 184 181 186 195 200 191 181 178 175 177 180 181 182 182 178 174 173 174 175 179 180 181 181 179 174 172 169 169 168 167 161 154 154 158 163 166 170 173 172 169 168 166 162 158 157 156 159 163 165 165 161 159 158 164 170 172 173 171 170 169 171 174 177 181 185 186 186 185 181 176 172 169 166 164 161 155 150 146 144 142 140 140 141 137 131 132 135 138 142 146 148 149 152 154 156 157 159 161 163 169 171 169 168 166 165 168 170 169 168 168 168 164 156 147 141 145 148 153 168 177 181 189 192 192 196 201 202 199 192 190 191 189 188 187 184 181 181 184 189 189 186 184 185 184 179 177 182 189 194 193 191 191 191 192 193 192 195 193 192
237 201 193 187 184 183 181 177 175 176 178 177 176 175 174 174 177 179 180 183 186 183 180 178 179 181 181 181 183 184 178 173 173 172 172 174 174 177 181 182 182 180 177 176 173 168 167 169 172 175 175 176 177 179 184 184 180 180 183 186 186 190 190 180 171 169 174 180 182 183 183 184 182 182 182 183 183 182 180 177 174 166 161 159 163 167 163 158 158 159 164 171 176 181 184 188 189 187 185 185 187 189 183 178 177 176 179 183 184 184 184 181 178 176 177 177 179 184 185 184 183 179 173 169 168 167 167 164 157 154 158 163 166 169 168 166 165 168 165 158 154 154 154 155 159 163 167 165 161 160 167 173 173 171 168 164 166 170 172 177 181 185 185 186 184 181 177 173 170 166 164 161 154 147 142 142 142 143 142 141 137 128 128 134 137 141 145 145 145 147 149 155 157 159 162 164 168 170 169 168 164 164 167 168 167 164 163 163 163 158 153 151 151 152 155 164 172 178 183 187 192 193 197 199 200 195 193 194 197 195 192 185 182 182 185 188 188 185 188 192 188 181 182 188 190 193 193 192 192 192 191 193 194 201 199 195
238 202 193 189 185 183 181 178 177 177 178 178 178 178 180 181 181 181 180 182 185 184 181 179 179 179 178 175 173 173 172 173 176 174 173 174 174 176 179 182 180 177 175 172 168 164 165 170 173 176 175 177 179 179 181 180 176 178 179 182 183 187 187 180 173 174 179 180 179 181 184 183 181 181 181 182 186 186 183 180 174 168 160 157 162 167 166 161 162 164 167 173 178 182 184 187 188 188 187 183 180 180 179 179 177 176 177 181 182 181 181 179 176 177 177 179 181 184 185 183 180 178 174 171 168 168 169 167 163 159 162 165 167 168 164 160 161 165 164 158 154 153 152 153 155 159 164 165 164 164 169 174 173 170 166 163 164 168 172 179 182 184 186 184 183 181 178 175 173 168 163 158 153 146 142 141 140 141 140 141 138 132 132 136 137 138 140 140 141 141 143 150 153 156 160 164 168 169 169 168 164 165 169 170 169 165 163 163 163 159 155 153 155 157 159 165 170 176 180 184 189 192 192 192 199 200 197 197 200 199 195 187 184 183 184 186 187 187 188 190 187 182 186 190 193 196 197 197 198 194 191 191 194 204 201 196
237 202 194 190 187 185 183 180 177 175 174 173 173 176 181 184 188 188 185 183 183 184 182 180 178 178 177 173 169 168 168 173 179 178 176 177 177 177 178 180 178 175 172 168 163 160 164 174 177 178 177 176 178 177 177 176 174 176 178 179 180 182 182 178 175 174 177 178 175 178 183 182 181 181 181 181 183 184 183 181 173 168 161 156 159 165 170 170 167 169 170 174 178 182 184 186 187 186 183 182 183 181 181 183 180 175 174 176 178 179 179 177 175 176 178 181 184 184 184 179 176 173 171 171 171 169 169 169 167 164 163 163 163 162 159 157 159 163 163 158 156 155 154 152 153 158 163 166 166 168 170 175 175 172 167 164 164 170 177 181 182 182 182 181 179 177 176 176 175 172 165 160 153 148 141 136 136 137 137 138 140 137 136 138 136 136 135 134 138 140 140 144 149 152 156 162 166 167 167 167 168 169 171 171 169 166 163 164 164 161 156 154 157 159 161 169 174 178 181 184 187 189 187 187 195 198 199 201 202 201 197 193 190 186 183 184 187 189 190 189 186 184 183 186 196 203 204 207 205 198 194 194 198 206 205 204
237 201 194 191 189 186 183 179 177 175 172 170 168 171 176 181 186 190 190 186 183 184 186 184 181 178 178 174 169 168 168 171 178 178 176 177 178 180 178 178 177 174 170 166 162 161 166 177 181 181 180 178 179 177 175 175 175 176 179 178 177 178 179 177 175 175 176 177 174 176 179 180 180 180 179 179 180 182 183 181 174 171 165 160 160 167 176 176 171 171 172 175 179 183 185 186 184 183 182 184 184 184 186 186 182 176 172 172 175 177 177 174 173 175 179 182 186 186 181 176 171 169 168 170 173 172 170 169 167 165 162 161 160 159 156 156 158 161 160 158 157 156 155 153 154 158 164 165 166 168 169 172 174 172 169 168 168 173 181 182 183 181 180 176 173 174 175 176 176 175 170 163 155 148 141 133 131 131 132 135 139 138 137 138 136 133 132 130 131 136 137 140 146 149 154 161 165 166 166 167 170 171 171 170 167 163 163 164 163 161 157 155 157 160 164 173 177 181 184 187 188 186 182 180 184 190 197 201 202 202 198 194 192 189 184 184 189 193 192 188 187 185 182 186 197 207 210 210 209 200 195 194 200 207 206 208
236 200 193 191 189 186 182 180 177 176 174 170 167 168 173 176 179 184 189 189 183 183 186 186 183 179 179 176 174 173 171 173 176 177 175 175 175 179 177 177 177 174 171 167 163 162 168 177 182 183 183 182 178 176 174 173 173 177 179 179 175 175 175 177 177 178 179 180 179 177 178 180 180 180 178 179 179 179 180 180 177 178 174 168 165 171 179 180 174 172 173 177 182 184 185 185 185 185 182 183 182 183 185 185 181 175 171 170 172 175 175 173 172 176 180 182 186 185 179 174 168 165 166 171 174 176 174 170 167 164 162 160 159 157 154 153 157 159 159 157 156 157 156 155 155 158 162 163 164 167 169 171 173 173 172 172 173 177 182 184 184 181 178 172 168 171 175 178 178 177 174 165 156 150 141 132 127 128 130 133 135 135 135 137 136 132 131 129 127 130 135 139 145 150 154 160 164 165 165 167 170 171 171 169 166 163 163 164 161 159 157 155 156 161 166 174 180 184 185 187 191 188 178 173 175 184 193 198 202 203 199 193 192 191 188 185 191 195 193 188 187 187 190 195 201 210 213 213 210 201 196 193 199 208 207 205
237 200 194 193 191 189 186 181 177 176 175 171 169 170 172 175 179 182 185 185 185 185 186 185 183 180 178 178 178 176 177 175 175 176 176 174 172 176 180 179 177 177 175 171 167 166 170 179 184 187 187 183 179 175 172 170 172 175 178 175 172 170 173 178 181 183 184 185 184 181 181 182 182 181 181 180 179 179 180 179 180 180 178 173 170 176 181 182 178 175 175 177 182 186 186 184 183 181 180 180 180 181 181 181 178 175 172 171 172 174 174 173 176 180 182 181 183 182 179 174 170 166 167 172 175 177 175 170 168 166 162 159 158 156 153 151 155 159 157 156 155 157 158 158 157 158 159 160 161 163 168 173 174 175 176 178 180 181 183 185 184 182 180 174 171 172 177 179 182 181 176 170 161 153 144 134 128 128 133 131 130 129 129 136 135 131 132 130 126 127 132 139 145 152 158 160 162 162 161 165 168 170 170 169 166 163 164 164 161 155 152 149 156 164 167 175 181 186 186 187 189 186 178 170 169 178 189 196 203 206 202 194 195 195 190 187 190 193 194 190 190 190 195 203 208 211 215 219 212 207 204 198 200 209 212 208
239 205 199 197 197 196 189 183 179 177 175 172 170 171 175 179 183 184 186 185 187 187 188 185 185 182 178 181 182 180 179 175 174 177 178 176 173 177 180 180 178 177 178 174 170 169 173 178 183 189 189 185 182 175 169 169 171 174 174 172 169 168 172 176 180 182 184 186 186 185 184 184 184 183 183 181 180 179 180 181 181 182 181 177 174 178 183 184 180 177 177 177 181 185 183 182 181 179 179 179 180 180 180 180 178 176 174 172 172 173 173 174 176 180 182 181 181 180 177 176 174 172 172 175 178 179 175 172 168 165 164 161 158 156 152 150 154 158 156 156 157 156 156 158 159 158 159 159 160 162 167 175 176 179 180 182 183 183 183 183 184 183 180 175 170 171 173 180 184 185 181 173 164 156 148 138 131 131 132 129 128 126 127 129 129 129 130 130 124 125 130 138 144 152 160 159 158 158 157 160 166 169 169 168 166 163 163 164 159 152 146 142 151 160 163 174 183 188 188 188 187 183 177 169 168 176 188 197 207 211 206 195 193 195 192 187 188 193 194 190 190 190 196 204 208 210 213 214 212 210 208 205 206 210 211 214
241 211 207 203 201 199 192 186 182 178 175 173 170 171 177 184 189 189 190 190 190 189 189 188 187 184 180 179 180 181 179 178 180 182 180 179 179 184 184 182 180 180 181 177 173 172 175 177 182 187 186 184 182 178 174 173 173 173 171 170 167 166 171 176 180 182 185 187 188 188 188 187 186 185 183 181 179 181 185 187 186 183 184 181 179 181 183 183 179 178 178 179 183 187 183 182 180 179 178 178 178 178 180 181 180 178 174 173 173 175 173 173 175 177 179 180 179 178 177 178 177 177 177 178 180 180 176 171 165 162 163 161 157 156 154 151 155 159 158 159 158 154 153 155 159 158 158 157 158 162 168 176 178 181 182 184 184 183 183 183 182 182 178 173 170 171 171 177 183 184 183 176 167 157 149 140 134 134 133 129 126 123 124 125 125 126 128 127 123 124 130 139 147 155 162 158 153 153 154 158 164 168 169 169 166 162 161 161 158 151 142 134 139 151 159 173 181 185 187 188 188 182 176 170 167 173 183 193 203 206 202 195 194 194 192 188 189 192 196 194 192 190 194 202 204 205 206 206 207 206 205 209 212 211 212 218
243 216 213 210 204 197 191 188 183 179 177 174 171 171 177 185 191 191 193 193 193 190 190 189 187 183 180 177 177 180 180 181 186 187 186 186 187 194 193 192 189 186 184 181 177 176 177 176 176 181 181 182 182 182 179 177 174 173 171 170 167 166 170 176 180 183 186 188 189 190 190 188 187 186 183 181 179 182 189 191 189 186 186 183 181 182 183 182 179 178 178 180 184 189 185 181 179 177 176 176 177 178 179 180 179 177 175 174 175 176 174 172 171 175 179 180 179 178 178 179 178 180 179 179 181 180 176 172 165 161 160 160 158 157 154 152 156 160 160 161 159 155 152 155 159 159 157 152 153 161 169 176 178 181 183 184 183 184 185 183 182 182 178 173 170 172 172 176 181 184 183 177 169 158 149 141 138 137 134 128 125 123 123 124 126 125 125 124 123 126 133 143 150 158 163 159 151 151 152 157 163 166 168 168 164 160 159 159 156 151 142 134 136 146 155 172 178 181 184 187 186 177 171 168 165 168 177 187 197 200 198 194 193 192 192 189 190 193 195 197 194 192 197 206 205 201 199 200 202 203 202 208 217 218 217 219
241 214 210 207 202 197 194 190 184 181 179 176 174 173 177 184 189 191 191 192 193 191 189 187 184 181 179 176 177 180 181 183 188 191 190 191 192 198 199 198 195 189 184 182 180 178 177 173 171 174 177 181 182 182 180 177 173 171 170 171 168 167 170 175 181 184 186 188 188 189 190 190 189 187 183 181 179 181 186 189 189 187 186 183 182 185 183 182 180 179 178 179 184 188 184 178 175 175 174 175 178 182 182 180 180 181 179 177 176 176 172 169 169 173 177 179 178 179 180 181 180 181 180 181 180 180 176 174 169 162 161 160 160 157 154 152 156 159 158 159 159 157 153 156 160 160 155 149 151 160 170 176 179 182 185 184 184 184 187 186 183 180 176 171 169 170 170 173 177 180 179 175 168 159 153 146 142 140 135 127 124 124 124 127 129 126 122 122 127 132 136 144 150 157 164 161 152 152 153 159 163 165 166 165 160 157 155 154 154 151 145 144 142 144 149 166 175 177 180 182 182 175 171 170 167 169 174 183 192 197 197 193 190 190 192 191 191 191 193 197 199 197 197 203 202 196 193 196 196 198 200 205 217 223 223 218
238 204 198 195 195 196 197 192 186 182 180 178 176 177 181 185 190 193 194 194 195 191 187 185 183 181 180 180 182 185 187 189 192 193 191 190 189 194 196 196 192 187 183 183 182 180 174 170 170 173 178 183 184 183 179 176 174 173 172 171 170 170 173 177 182 185 186 187 189 188 190 192 191 188 185 182 180 180 183 185 187 187 185 183 184 187 187 184 183 179 179 181 184 185 182 175 168 168 171 175 183 188 186 187 185 184 184 180 176 174 170 166 168 171 175 178 179 181 181 180 179 177 178 179 179 179 177 175 172 166 163 162 162 158 155 153 153 154 154 155 155 155 154 158 162 161 158 154 155 162 169 175 178 181 183 183 185 185 184 183 181 178 175 170 169 170 169 171 175 176 173 172 167 161 153 145 139 139 134 126 124 127 130 132 133 128 124 126 133 138 139 142 149 157 164 163 158 155 155 160 165 167 164 160 156 152 150 147 151 152 151 152 149 147 147 160 171 176 178 178 181 180 178 175 172 171 175 182 190 194 195 194 189 187 189 193 189 187 189 196 204 201 197 197 196 192 191 192 194 196 198 204 217 222 222 217
235 198 191 190 192 194 196 191 187 182 180 178 178 180 183 185 191 194 194 193 194 190 188 185 184 182 181 182 185 188 191 194 199 198 192 188 188 191 193 190 188 187 185 183 181 180 176 171 172 175 180 184 183 183 180 179 177 177 176 174 172 173 176 180 184 188 189 189 189 189 189 191 190 187 186 183 181 181 181 182 185 187 185 184 185 188 189 185 182 178 178 181 184 186 183 175 167 166 170 175 183 188 190 193 190 187 187 181 176 174 170 167 168 169 171 175 178 180 180 179 177 177 178 180 179 179 175 175 172 168 166 164 162 159 156 152 149 149 150 148 148 151 153 157 161 160 160 159 158 160 166 174 178 181 183 181 183 183 182 181 179 177 175 172 172 172 172 174 177 176 172 171 168 163 154 142 136 134 131 127 127 132 135 137 138 132 127 129 136 140 140 143 152 161 167 166 161 158 157 158 164 167 163 157 152 148 148 148 152 155 155 154 151 151 150 162 173 177 180 180 181 185 185 180 176 174 176 181 188 190 194 197 192 188 188 192 189 186 189 196 205 203 196 193 192 189 190 192 195 198 198 203 215 217 217 213
234 195 188 187 187 188 190 188 187 184 181 178 179 181 183 185 191 193 193 190 190 188 188 187 184 184 184 184 185 187 190 191 197 196 191 188 189 190 187 185 185 186 184 182 180 180 178 174 173 177 180 182 182 181 181 180 180 180 183 179 174 175 178 181 186 188 189 188 188 188 188 188 188 185 184 182 181 181 180 181 184 187 186 184 185 189 188 184 181 178 178 181 184 186 183 175 170 169 172 174 179 183 188 193 193 192 189 181 175 173 170 168 168 168 168 171 176 177 178 178 178 178 179 180 178 177 174 174 172 167 165 162 161 159 156 150 144 144 145 141 140 146 150 155 158 159 160 162 158 157 163 173 177 180 182 181 183 183 180 179 179 177 175 173 174 173 173 176 177 176 173 171 169 164 156 144 134 130 129 128 131 136 139 142 142 139 133 133 138 142 143 147 153 163 169 168 162 162 161 159 164 166 163 157 152 148 149 150 154 157 158 155 153 156 154 163 173 178 183 185 184 185 185 184 178 179 178 179 184 188 193 200 196 189 188 190 189 188 191 198 206 204 197 193 191 187 189 194 198 200 198 201 206 208 209 208
234 194 185 184 185 184 187 188 187 184 182 180 180 181 183 187 191 192 193 190 186 185 187 187 187 186 185 185 186 187 187 188 191 191 189 189 189 189 186 184 184 185 182 181 180 181 181 178 176 177 179 180 180 179 179 181 182 185 189 184 177 176 179 181 184 186 186 185 185 185 188 187 185 184 183 181 182 182 181 181 183 185 187 186 187 189 188 185 182 180 181 182 184 185 180 177 176 174 174 173 176 179 184 187 189 194 192 182 175 170 168 169 167 166 165 168 171 174 175 176 177 177 178 178 178 176 174 173 170 165 162 159 157 156 155 150 143 143 144 139 138 144 148 152 155 157 160 162 159 158 162 170 174 177 180 179 182 182 180 180 180 180 176 175 176 175 174 177 177 177 175 173 172 169 162 149 135 130 131 132 135 138 141 143 145 143 138 136 140 144 146 153 158 164 170 171 167 168 166 164 166 168 165 158 154 151 154 153 153 157 159 157 154 156 158 162 169 175 182 187 187 183 182 180 176 179 180 180 183 184 188 195 193 190 189 189 187 187 191 197 204 203 199 195 190 186 190 193 198 198 195 195 196 197 202 209
233 192 183 181 183 185 188 189 186 183 180 181 181 181 183 187 190 190 192 188 184 184 186 188 189 188 186 187 187 188 187 187 187 188 188 187 188 187 186 184 182 183 181 180 181 183 182 179 177 178 179 179 178 177 177 179 181 185 190 184 176 175 177 178 180 182 183 182 181 183 187 187 184 183 182 182 183 184 180 181 182 183 186 186 189 190 189 186 183 181 181 182 184 184 179 177 175 175 174 175 177 179 181 184 186 194 193 182 173 168 165 167 166 165 164 165 168 170 170 171 173 175 176 177 178 176 174 172 167 163 160 158 156 155 154 150 145 145 148 144 142 143 145 150 153 155 161 161 159 159 162 166 170 174 178 178 182 182 181 181 181 179 176 176 176 176 176 177 176 178 177 176 174 172 168 155 140 135 134 135 137 139 142 145 146 143 139 139 142 144 146 156 163 167 171 172 170 170 169 168 169 170 167 161 155 151 154 152 152 156 158 157 155 155 158 161 166 170 177 183 185 183 179 173 169 172 178 182 184 183 182 186 188 186 186 187 185 183 187 193 200 202 203 196 189 187 191 192 196 196 191 191 192 190 197 209
233 191 181 178 180 185 188 188 185 182 178 178 181 181 181 185 187 186 186 184 181 183 184 188 190 189 189 189 188 188 188 186 186 186 187 186 188 186 186 184 181 182 180 178 179 182 180 178 177 178 180 179 179 176 176 176 177 180 183 178 174 172 173 174 176 176 178 178 178 180 182 183 182 181 181 181 183 184 180 179 180 182 184 185 188 188 188 187 182 179 180 182 184 185 181 179 176 176 176 176 178 178 179 180 183 189 187 180 170 165 164 164 162 161 160 160 165 166 164 166 168 173 174 175 179 177 173 168 164 161 159 157 156 155 153 150 148 148 150 149 146 145 145 148 152 155 159 159 156 156 159 161 167 172 177 179 181 181 178 178 179 176 176 176 176 176 176 177 178 178 177 177 176 175 173 163 152 145 140 137 137 139 143 146 146 145 142 142 144 147 151 158 164 169 172 173 171 169 169 169 170 171 170 164 158 154 154 152 153 155 157 157 156 155 156 157 162 167 172 179 185 184 178 169 161 162 171 181 186 182 177 179 180 181 181 181 181 179 180 186 193 200 204 196 186 184 188 190 194 197 192 188 190 190 193 202
233 192 181 177 178 183 187 188 183 178 177 179 181 181 181 184 185 182 182 181 179 180 185 190 190 188 190 190 188 187 186 186 186 186 186 186 188 186 187 187 183 182 180 177 178 179 179 178 178 179 181 180 180 177 174 174 172 169 171 170 170 170 170 170 170 170 173 175 175 176 177 177 178 178 178 178 181 184 180 179 180 182 181 185 187 187 187 187 182 179 180 181 184 186 184 181 178 177 177 177 177 178 179 180 182 185 183 176 169 165 164 161 157 156 156 159 162 163 160 162 164 169 172 175 179 177 173 167 163 162 160 157 157 155 153 152 151 151 151 152 152 151 150 151 153 157 159 157 152 149 150 158 164 171 175 176 178 178 177 177 177 176 176 176 176 175 175 177 178 177 176 176 176 177 175 168 161 156 151 146 143 142 145 146 146 145 145 145 144 149 152 156 162 169 172 174 172 169 168 170 171 173 172 167 161 157 157 157 156 155 158 157 157 154 153 155 158 165 173 180 185 184 179 171 163 160 164 171 177 176 171 172 174 176 176 175 175 174 175 181 188 196 201 192 182 180 185 187 190 195 193 188 190 190 188 192
233 189 179 176 177 181 186 186 180 177 180 185 187 185 183 181 181 180 180 178 177 177 183 189 189 188 187 189 187 186 186 186 187 187 186 185 185 186 189 190 187 184 181 178 177 177 177 178 179 180 181 180 178 176 174 172 167 163 163 165 166 167 168 168 168 168 169 171 172 173 175 176 176 177 178 179 181 185 182 179 180 183 184 186 186 185 185 186 183 181 183 182 185 187 185 182 179 177 177 175 174 175 179 181 184 186 183 175 168 164 162 159 155 154 154 157 159 161 159 161 164 168 171 176 180 179 174 168 165 164 160 157 159 157 153 153 154 154 153 154 156 154 154 154 158 160 161 157 152 149 148 155 161 168 173 176 174 177 175 174 176 176 176 176 176 175 175 177 178 177 175 174 176 178 176 171 168 164 160 156 152 148 150 149 147 146 146 147 148 148 148 153 162 169 173 173 171 167 166 170 172 174 173 169 162 157 158 161 160 158 158 156 155 152 148 149 154 163 174 177 180 183 181 175 168 161 160 162 167 168 168 168 170 172 172 172 172 172 174 180 186 192 197 190 181 178 182 186 188 191 193 191 190 189 188 191
232 188 178 177 177 178 181 184 182 179 182 187 189 187 185 182 179 178 178 180 180 182 191 196 194 191 190 192 191 189 187 187 186 185 185 185 184 186 188 188 185 183 181 177 176 176 177 179 180 182 182 180 177 176 176 174 169 163 162 165 167 166 166 168 168 166 167 168 170 170 172 175 175 175 176 177 178 180 179 179 181 183 185 186 184 184 185 185 182 182 182 183 187 188 185 182 180 177 176 174 172 173 177 182 184 185 180 172 167 162 160 157 154 155 154 155 156 160 160 163 166 169 171 177 181 178 173 171 169 166 161 158 157 156 155 155 157 157 157 159 159 158 157 159 160 161 159 155 154 154 155 157 160 164 171 174 174 175 173 172 176 175 175 174 174 176 177 178 177 176 175 176 178 180 179 175 174 169 166 162 158 154 155 153 151 150 150 152 149 145 147 153 159 164 168 171 169 165 164 168 171 173 174 171 165 160 161 164 163 161 157 155 153 149 143 142 151 160 169 175 181 183 182 177 169 160 158 159 161 160 159 165 168 170 171 171 170 171 173 181 186 189 193 188 182 181 183 186 186 187 193 194 190 188 188 194
234 191 182 179 177 174 174 178 180 179 179 182 185 184 185 185 182 179 180 186 190 195 203 207 204 197 195 197 196 192 189 187 184 183 183 183 184 186 184 181 179 178 179 177 177 178 179 180 181 181 180 180 180 179 178 178 173 166 164 167 166 164 164 166 166 164 164 167 167 165 166 170 171 171 171 173 172 172 173 175 178 181 183 185 184 184 185 185 182 179 179 181 186 186 185 183 182 180 179 176 174 175 178 179 181 182 178 173 170 166 160 156 155 155 154 153 155 160 163 165 168 170 172 176 179 177 174 172 170 166 162 158 155 155 154 155 158 160 162 164 163 161 161 161 161 159 157 155 154 156 159 162 162 164 170 174 176 175 172 172 173 173 173 171 173 177 177 177 177 178 178 180 180 182 181 176 173 171 171 168 164 160 158 155 151 152 153 151 144 141 142 146 150 155 163 169 169 167 165 167 170 173 173 174 170 166 166 167 167 164 159 155 153 149 143 139 146 155 164 172 179 181 180 179 172 165 161 161 161 157 156 164 170 172 174 172 172 174 175 181 184 186 190 189 185 183 185 186 185 187 193 195 190 186 184 193
235 194 184 180 174 170 170 173 176 177 177 179 182 184 186 187 186 184 184 190 195 200 205 208 204 198 196 197 195 191 188 186 183 182 182 182 184 185 182 178 175 174 176 178 180 180 181 180 181 181 180 181 182 182 180 179 174 166 164 167 166 162 161 163 162 159 159 162 162 159 159 166 166 168 169 167 166 166 168 172 175 178 180 182 183 184 187 186 180 176 175 176 183 187 186 183 182 182 181 180 177 177 179 180 180 183 181 180 180 176 166 161 158 157 155 155 157 160 165 169 170 172 174 176 177 176 174 172 170 165 162 158 155 155 154 156 160 164 166 168 169 166 164 159 160 158 156 155 156 159 163 165 164 166 171 175 177 176 173 171 171 172 172 170 172 175 176 176 177 178 180 181 180 181 181 176 173 171 171 170 167 163 159 156 151 152 151 147 140 135 136 139 142 148 159 168 171 169 169 168 170 173 173 174 174 172 169 168 167 166 159 156 154 153 147 140 144 151 160 169 176 177 180 182 180 172 165 164 164 164 163 168 176 174 172 173 176 180 180 181 183 185 191 195 190 184 183 184 184 186 193 198 192 184 180 185
235 194 185 181 174 169 168 171 174 177 177 179 183 186 188 188 189 187 187 188 193 195 198 197 193 190 190 191 190 188 183 182 181 182 182 184 185 185 182 179 177 175 177 181 185 185 185 181 181 182 181 181 180 182 181 180 173 166 166 169 168 164 160 159 157 156 156 156 155 153 156 163 163 164 168 170 170 169 170 172 172 173 174 176 178 180 184 183 177 173 173 175 181 189 188 184 182 183 183 183 180 180 181 180 180 183 185 188 187 180 171 166 163 160 157 156 158 160 165 169 171 174 175 176 176 176 174 172 170 166 161 157 156 157 157 160 165 169 172 175 175 173 169 163 164 161 154 155 156 159 163 167 166 167 171 175 177 175 174 173 171 172 172 170 169 172 176 176 177 178 178 179 178 179 179 174 170 170 170 170 169 165 161 158 152 149 147 144 136 132 134 139 143 151 162 169 171 171 171 168 170 173 175 176 175 173 170 166 165 163 160 158 157 157 152 142 144 149 158 166 172 174 178 182 182 173 167 164 165 169 168 169 172 170 167 170 175 180 181 179 180 183 193 201 195 183 180 180 181 182 190 199 198 188 182 184
233 194 184 181 176 171 169 175 178 179 179 180 183 185 188 188 188 187 185 185 190 192 192 189 186 184 184 184 186 184 182 182 182 184 183 185 185 185 182 179 178 176 177 183 187 190 187 183 183 184 183 181 181 182 181 178 173 169 169 169 167 165 162 159 158 157 157 155 152 150 154 161 163 163 166 171 176 173 173 173 171 171 171 170 172 174 177 177 175 173 172 175 179 183 185 182 182 183 184 184 182 181 181 182 181 181 184 185 183 177 172 168 166 162 159 159 159 161 165 169 171 173 173 174 176 175 173 170 168 164 159 156 155 157 158 162 170 174 175 177 178 176 175 172 171 164 155 154 156 159 163 168 168 168 172 175 176 174 172 172 170 170 172 169 169 172 177 177 178 177 176 175 176 178 177 170 167 168 168 169 168 166 162 159 153 146 142 138 132 131 136 144 150 158 164 168 171 170 170 169 169 172 174 175 175 171 168 164 162 160 158 157 157 156 152 144 144 149 157 165 171 173 175 178 179 171 168 166 165 168 169 164 164 164 164 166 172 178 180 178 177 182 191 203 199 185 179 179 180 180 184 194 202 198 192 193
235 196 184 183 184 180 179 181 182 182 182 184 185 186 188 188 187 187 183 182 184 186 187 184 182 181 180 180 183 183 182 181 181 181 182 184 185 185 182 178 178 178 181 186 188 188 185 182 181 182 183 181 179 180 179 177 172 172 171 169 167 167 164 162 159 156 156 153 152 152 155 159 161 162 162 167 173 174 176 174 171 172 170 168 169 172 174 177 175 172 173 176 178 179 180 178 178 180 182 182 181 181 182 186 185 181 180 177 176 175 174 170 165 161 158 158 159 161 165 169 171 172 170 170 173 174 171 167 165 161 158 158 157 159 160 165 173 176 177 178 178 177 176 177 176 168 159 158 158 159 164 169 169 171 173 175 176 175 171 170 170 168 171 169 169 173 178 180 180 177 175 175 175 176 174 169 164 164 167 168 166 166 164 160 153 142 135 130 126 129 140 149 156 160 166 171 171 168 167 169 170 172 174 174 175 171 166 163 161 158 155 155 157 158 154 147 146 151 159 165 171 173 172 174 176 171 168 166 163 165 167 164 159 158 161 165 171 177 180 177 177 183 190 202 202 189 180 179 178 178 180 187 199 205 205 206
237 198 188 188 190 189 192 189 184 183 184 185 186 187 188 188 188 187 183 181 182 183 183 181 179 179 177 179 181 181 180 180 179 179 180 182 185 185 182 178 178 179 183 186 186 184 181 178 178 180 181 180 179 179 178 176 173 173 173 171 169 168 165 161 158 154 151 149 152 154 156 159 160 163 163 166 171 174 176 176 174 173 171 170 171 171 175 178 175 172 173 175 178 180 179 176 176 177 180 181 180 180 182 186 185 178 176 175 173 175 174 169 163 159 157 157 159 162 166 168 171 171 169 168 171 174 171 167 165 162 161 161 160 162 162 167 172 175 176 176 177 176 175 175 176 171 164 161 159 160 165 169 171 173 174 176 177 176 171 170 171 169 172 171 170 174 179 180 180 177 176 177 174 174 174 169 164 163 166 167 166 166 164 161 154 140 131 127 123 129 142 152 157 162 168 171 170 168 167 168 169 172 174 174 175 171 167 164 161 157 154 155 157 161 159 151 149 153 163 170 171 172 172 172 173 172 170 166 162 164 167 166 160 157 158 163 170 176 180 178 181 188 192 199 200 193 184 179 177 177 179 182 190 201 208 212
237 197 189 189 188 190 195 194 188 182 181 183 186 187 189 188 189 185 183 184 183 185 184 180 179 178 177 179 180 180 179 179 179 178 179 180 184 185 184 180 178 178 180 183 184 182 179 175 174 177 179 179 180 179 177 177 175 177 176 174 172 170 164 157 155 155 150 148 148 153 159 161 162 163 165 167 170 174 176 177 176 174 174 173 171 171 174 176 174 173 173 174 177 180 179 176 177 177 178 181 182 181 182 182 179 174 174 176 175 175 172 166 160 157 155 156 159 164 166 168 172 173 172 169 170 173 171 171 169 167 167 166 166 166 166 169 172 173 173 175 175 174 174 174 175 173 166 164 162 164 167 171 174 174 175 177 178 177 174 172 172 171 172 174 176 177 179 177 177 177 177 177 174 174 173 170 167 166 165 166 166 165 164 159 152 139 134 130 129 136 146 154 157 163 170 171 171 171 171 168 168 171 175 174 174 171 168 165 163 157 154 155 159 163 162 157 155 158 169 175 174 173 173 170 169 171 171 168 164 164 167 168 163 160 161 164 169 176 180 181 186 193 197 199 198 195 190 183 177 176 178 179 183 194 206 214
235 194 185 183 184 186 191 191 187 180 179 180 183 184 187 187 187 183 181 184 184 183 184 182 180 178 177 179 179 179 177 177 177 176 176 178 181 185 184 180 178 179 181 181 181 179 176 172 172 176 177 177 179 180 179 178 178 180 180 178 174 170 163 155 153 153 152 149 149 153 158 163 163 164 166 168 171 175 174 175 175 176 177 177 176 176 176 175 173 172 173 174 176 179 180 177 176 175 176 179 183 184 185 184 179 175 174 174 173 173 171 166 160 156 153 155 159 164 168 169 172 175 173 169 170 171 173 173 174 170 169 169 169 169 170 172 174 174 174 173 173 172 172 173 174 173 168 167 165 167 169 173 176 177 177 179 178 177 177 175 172 173 174 177 180 180 178 175 174 175 175 177 174 172 172 173 172 168 167 166 164 164 164 159 153 142 140 140 140 145 152 158 159 164 171 172 172 173 173 171 170 172 174 174 176 173 171 167 164 159 154 155 159 162 161 163 163 165 173 177 179 179 175 170 170 173 174 171 167 167 169 170 167 166 165 166 168 173 177 180 186 193 200 202 202 201 196 187 180 176 178 178 180 188 200 213
232 189 177 173 175 177 180 182 181 178 177 176 179 183 188 189 189 184 181 181 183 183 183 182 180 178 177 179 179 177 176 176 174 173 173 175 177 181 183 180 178 179 181 180 178 175 172 170 172 176 175 174 178 182 182 182 181 182 181 179 176 170 162 157 152 149 150 151 150 152 157 162 164 165 168 169 172 177 177 178 178 180 182 183 183 182 180 177 175 175 175 176 179 182 182 179 177 176 177 181 185 188 191 187 179 171 171 174 173 173 170 166 163 159 156 157 160 164 169 171 173 175 174 172 171 172 174 176 177 174 171 171 171 172 172 173 175 175 175 174 172 172 172 174 176 176 172 173 171 171 173 177 179 181 180 181 181 181 181 179 177 177 178 180 183 182 178 174 173 173 174 176 174 172 172 174 173 172 170 166 163 164 164 161 157 147 146 149 147 151 157 160 161 163 168 172 173 174 175 173 172 172 175 177 177 175 173 170 165 160 158 159 161 164 165 173 174 174 178 182 185 183 177 172 170 172 174 175 175 176 173 169 168 168 169 168 168 171 176 179 181 189 200 205 208 206 199 190 183 180 179 177 177 182 193 208
228 184 170 167 170 173 175 176 176 175 177 176 179 182 185 187 189 185 181 180 180 182 182 181 180 176 176 179 179 176 174 173 171 170 171 175 176 180 183 181 178 179 178 178 177 174 171 170 173 179 176 174 178 182 182 183 182 184 181 180 178 171 163 159 153 149 147 150 152 151 154 161 164 167 169 171 173 178 180 180 181 182 185 189 189 188 184 180 178 179 179 180 183 184 183 178 177 177 179 181 185 188 191 185 177 170 173 177 177 174 169 165 163 162 159 159 162 164 169 173 174 173 173 173 172 173 177 179 178 175 173 172 173 173 173 174 176 176 177 175 172 172 173 176 178 177 178 177 176 176 176 177 180 182 181 183 185 184 183 182 182 181 182 184 184 182 181 177 176 175 174 173 172 173 173 173 174 173 171 167 164 164 165 162 161 154 154 154 152 154 158 160 162 164 168 172 173 174 175 174 173 174 175 177 178 176 174 173 168 163 161 161 162 165 167 179 182 182 184 187 187 184 178 173 170 169 172 176 181 185 180 171 169 169 172 169 169 173 178 182 180 183 194 202 207 205 200 193 184 181 179 178 177 177 186 200
228 179 166 164 172 176 178 179 179 178 179 179 181 182 184 185 187 188 184 181 180 179 177 176 176 174 174 174 173 169 168 168 169 170 173 177 178 180 182 181 183 181 178 177 176 175 173 174 176 183 179 173 173 174 177 181 182 183 181 178 174 169 162 158 156 150 145 147 151 147 148 157 163 167 172 174 176 180 181 181 181 182 186 189 189 188 187 185 182 182 183 183 183 181 179 175 173 176 179 179 179 180 182 180 177 176 178 181 178 173 169 166 165 164 159 159 164 167 170 173 173 169 169 171 171 172 177 180 179 177 176 176 176 175 175 174 176 177 176 175 173 172 174 177 179 178 178 178 179 179 179 180 182 183 183 185 186 185 184 184 184 185 186 185 185 184 182 181 178 177 174 172 171 173 173 172 174 172 169 167 165 165 166 165 164 159 158 160 157 158 162 164 167 170 173 174 175 175 176 177 175 174 174 173 177 177 176 175 173 169 166 163 163 164 169 181 185 185 186 189 188 184 180 175 170 166 168 174 181 187 186 178 174 173 173 172 172 178 185 186 181 181 189 197 204 205 202 195 186 180 177 177 176 177 182 194
229 177 165 166 175 181 181 182 182 181 180 181 184 186 186 186 187 188 185 182 181 177 174 174 174 175 175 170 164 162 161 163 167 171 175 179 181 182 182 183 186 184 181 179 178 177 177 179 179 185 180 171 166 164 171 179 181 180 178 175 171 166 161 158 155 150 145 145 148 147 146 155 162 169 174 177 178 179 180 182 182 183 185 187 186 186 188 187 184 184 183 182 183 180 177 173 171 176 180 178 175 175 175 175 176 178 180 183 178 175 175 173 168 167 162 160 163 167 171 172 171 167 167 168 169 170 175 179 179 178 177 177 178 177 177 176 176 176 175 173 172 173 173 176 177 176 175 176 178 180 181 182 182 182 182 183 184 183 182 184 184 187 188 187 186 185 184 181 180 178 175 172 171 172 171 171 172 170 168 168 167 166 167 166 164 162 163 164 164 164 165 168 171 173 177 176 176 177 178 179 177 175 172 171 172 175 176 177 177 173 169 166 165 168 171 183 186 185 187 188 186 184 181 178 174 167 166 172 180 185 187 184 176 175 176 175 175 182 189 189 183 183 188 196 205 209 203 194 185 180 178 177 176 176 179 185
231 181 169 172 179 183 182 184 184 181 178 180 186 187 186 185 185 185 185 184 182 178 176 175 175 176 174 166 158 156 159 160 165 169 173 178 182 183 183 184 188 187 184 183 182 181 181 180 181 183 179 173 167 163 166 174 177 174 172 169 165 162 157 155 154 148 144 145 149 151 150 157 162 170 176 179 180 179 181 183 183 183 185 187 187 187 186 185 184 183 182 182 182 180 178 176 176 180 183 180 175 173 172 171 173 179 183 185 182 180 181 179 175 173 167 160 158 162 168 169 169 167 167 167 169 171 174 178 179 178 178 178 179 177 176 175 175 174 174 172 171 172 172 174 176 175 174 175 177 179 181 181 181 181 180 181 184 182 180 181 181 184 186 187 186 187 187 183 181 178 176 173 171 173 171 169 170 170 170 170 168 166 168 167 165 166 168 169 169 169 169 172 175 178 180 177 175 177 180 180 179 176 172 172 173 175 178 180 181 177 173 170 168 168 172 181 185 184 186 186 186 183 179 177 176 171 166 169 179 186 189 186 179 176 177 175 177 181 185 188 186 184 187 199 208 207 199 193 187 184 182 178 177 175 175 176
233 183 172 175 181 184 183 184 183 180 177 179 183 185 185 184 184 183 183 184 183 181 181 179 176 174 169 164 157 157 161 162 165 168 173 177 179 184 185 187 190 189 186 185 185 183 183 181 181 181 178 173 169 165 166 169 172 171 167 164 162 160 157 155 154 150 146 145 149 152 152 157 162 172 179 182 182 183 183 183 184 184 186 186 187 188 187 184 183 183 181 182 182 181 179 179 183 186 184 180 175 173 171 170 172 178 183 186 186 185 181 180 183 182 172 160 155 156 164 165 167 168 168 168 170 172 174 177 179 179 178 178 179 177 176 174 173 173 173 172 170 171 172 174 176 175 175 177 179 180 181 181 181 180 179 180 183 182 179 180 179 181 183 185 186 186 186 185 182 179 176 174 173 174 173 170 169 171 171 171 170 170 171 170 168 169 171 172 172 173 172 174 178 181 181 177 175 177 180 180 179 176 173 172 175 178 182 184 185 181 175 171 168 167 172 178 181 185 187 185 185 181 177 176 176 173 168 169 183 194 193 187 180 176 177 177 180 183 181 183 185 185 188 200 208 204 195 192 189 186 181 176 178 176 174 171
233 185 174 176 182 184 183 182 180 177 175 177 181 183 184 183 183 181 181 182 182 182 183 182 177 174 168 162 158 161 163 166 169 171 174 177 180 182 183 185 190 189 186 186 186 185 184 181 181 180 177 173 170 166 166 167 168 166 163 160 158 157 159 158 157 155 151 148 148 153 155 160 166 175 181 184 183 183 183 183 183 184 186 186 187 186 186 184 183 183 181 182 182 182 179 179 186 188 184 180 177 175 172 170 170 175 180 185 187 186 183 184 187 185 176 163 154 153 160 161 164 166 166 168 170 173 176 177 179 179 179 179 179 177 176 175 174 173 171 170 171 171 172 174 178 178 177 178 180 181 181 181 182 178 176 177 180 180 177 178 177 180 181 182 183 183 184 185 185 181 176 174 174 176 176 171 169 170 172 172 172 173 173 172 170 171 173 175 174 175 175 176 178 178 176 174 174 176 178 179 178 177 175 174 175 179 185 187 188 183 177 174 169 166 170 177 179 183 186 185 185 184 179 175 173 174 174 174 186 196 195 186 182 179 179 181 181 181 181 179 182 186 190 198 201 197 190 189 189 184 178 177 178 176 175 175
235 186 175 177 180 182 180 177 176 174 174 176 179 181 183 183 182 179 179 179 178 179 181 182 179 176 170 162 162 164 166 169 174 175 177 179 182 180 180 182 186 187 186 185 184 182 182 182 182 181 178 175 172 168 166 164 163 161 158 155 153 153 158 159 159 157 154 151 151 155 160 165 169 174 179 181 181 181 181 182 182 182 183 183 184 184 184 185 185 184 182 181 182 181 177 177 184 188 185 181 179 176 174 173 172 176 181 186 187 185 185 183 184 185 180 167 157 153 156 157 159 161 162 167 172 176 177 177 177 177 178 177 179 179 178 176 174 172 172 171 171 172 173 176 179 181 179 178 181 182 182 180 179 176 174 175 179 179 177 177 178 178 179 179 180 182 183 184 184 180 178 176 175 177 178 174 172 171 172 172 174 174 174 174 172 172 173 174 175 174 175 176 177 175 171 170 172 174 176 177 178 178 177 176 176 181 185 188 188 182 176 173 170 168 171 176 178 181 184 184 187 188 184 177 172 176 180 180 188 193 190 187 187 187 187 186 184 180 179 177 178 183 191 196 196 192 188 186 185 182 179 179 180 178 178 177
236 186 176 177 179 180 178 174 171 170 172 174 178 181 183 184 182 179 178 177 175 175 178 180 180 177 173 166 166 168 173 176 175 176 179 181 182 177 176 179 183 185 185 183 182 181 181 181 181 181 179 176 172 168 165 162 161 157 154 153 151 151 153 156 155 154 154 153 154 156 162 167 171 174 177 178 178 179 180 180 180 180 180 181 182 182 184 185 185 184 182 181 182 181 177 178 184 188 184 180 178 176 174 175 176 179 183 187 186 183 183 181 180 182 179 166 157 153 153 153 152 155 158 163 170 176 177 176 176 176 177 177 178 178 177 176 174 173 172 172 172 172 174 176 179 181 179 179 181 183 182 179 175 173 173 174 177 176 175 176 178 179 179 178 178 181 183 182 181 177 176 175 175 177 179 175 172 172 172 172 174 175 174 174 174 173 173 175 175 176 174 175 175 170 166 166 169 172 174 175 176 178 178 177 177 180 183 186 187 182 174 172 170 168 169 175 179 181 181 183 186 188 185 180 175 178 182 185 190 191 186 187 192 195 192 188 185 181 179 175 175 178 187 193 195 191 189 186 184 182 180 178 179 179 179 177
235 185 174 175 178 177 175 173 169 166 168 172 177 183 184 185 184 182 180 176 174 174 176 178 180 180 177 172 170 172 178 179 176 177 180 181 181 174 173 176 180 183 184 183 183 182 181 181 183 182 181 177 173 168 164 163 161 155 151 153 153 152 152 153 153 154 155 155 156 157 161 168 171 173 175 177 177 177 179 177 177 178 179 181 181 181 182 183 183 183 182 182 183 182 179 180 185 187 184 179 177 176 175 177 179 182 185 188 183 180 180 181 179 176 170 161 156 154 153 151 149 151 156 163 170 174 176 176 175 176 176 176 176 175 175 176 174 172 171 171 172 172 174 176 178 180 181 181 182 182 181 175 169 167 169 172 175 174 173 174 178 178 178 178 178 180 182 181 178 173 173 173 175 177 178 176 175 173 172 172 175 177 175 174 174 174 173 175 177 179 176 174 172 167 162 162 166 168 171 173 174 176 177 177 177 180 182 184 184 178 171 169 167 165 168 177 183 180 177 183 189 189 187 184 180 180 184 187 190 188 184 189 196 196 192 190 188 183 178 173 172 173 180 187 190 190 189 186 185 181 179 177 178 179 179 175
233 182 170 169 173 172 172 171 168 163 164 169 175 182 186 188 190 189 185 178 173 173 175 178 180 183 181 176 173 174 178 179 176 177 179 177 178 175 176 177 181 183 186 186 185 185 183 181 185 184 184 180 176 171 167 166 164 157 154 157 158 157 156 155 155 157 156 156 157 158 161 167 170 173 174 176 176 176 176 174 175 176 178 179 178 179 179 179 179 180 185 186 186 186 184 184 188 187 183 179 177 176 177 179 182 184 183 183 180 179 177 174 172 167 164 163 163 159 154 151 148 150 154 161 168 172 174 175 175 175 175 175 173 172 172 174 174 170 168 169 171 172 175 177 179 179 180 180 181 180 180 175 169 167 169 171 174 173 173 175 177 176 175 175 177 179 181 181 175 170 170 172 173 175 177 177 177 176 173 172 174 176 176 175 175 175 175 178 182 182 178 175 172 166 159 159 162 166 169 171 172 173 175 175 175 179 181 182 181 174 169 165 160 161 169 183 186 178 176 187 192 191 190 189 185 184 186 188 185 183 185 191 194 192 191 192 190 185 179 172 169 168 174 180 183 187 187 189 187 183 177 177 178 179 177 173
233 182 168 166 169 166 165 167 165 160 160 167 174 181 186 190 194 193 187 180 175 172 174 177 180 183 182 177 175 175 176 175 176 178 178 178 178 178 181 183 185 184 186 186 188 188 185 182 184 186 185 182 177 173 170 169 167 163 160 161 161 162 159 157 157 157 156 158 158 160 162 165 167 171 172 174 176 176 176 174 175 176 176 176 176 178 179 178 178 180 185 187 186 185 185 186 188 186 182 179 177 177 176 178 183 183 181 179 178 177 173 171 170 170 170 174 177 172 158 152 149 149 153 159 166 170 172 173 173 173 173 173 173 172 172 173 172 169 168 169 171 173 176 178 179 179 180 181 182 181 180 177 175 170 168 172 175 175 175 177 177 175 175 175 176 177 179 183 176 168 169 170 173 175 178 179 179 178 175 174 174 176 178 175 175 176 177 180 184 184 179 177 174 167 160 159 162 164 167 169 172 173 173 173 174 177 179 182 180 173 169 162 155 157 168 182 186 182 179 188 192 191 191 191 189 188 189 190 185 183 183 190 192 189 192 194 192 187 181 173 167 166 171 179 182 187 187 189 189 185 180 178 178 179 177 174
234 189 177 173 171 168 164 161 158 155 156 162 169 177 184 188 189 188 186 180 174 173 175 178 180 181 181 179 178 176 175 176 177 179 181 182 184 184 187 189 188 189 186 186 188 190 186 183 183 184 185 183 179 177 174 172 168 168 166 165 164 162 159 157 157 157 156 157 157 159 159 161 163 168 172 174 174 174 176 175 174 174 172 171 174 175 177 179 180 182 185 186 184 184 183 185 185 185 182 179 176 176 174 174 178 181 178 174 176 178 175 174 174 173 175 181 186 178 162 155 152 152 154 158 160 162 168 171 172 170 170 170 171 172 173 173 172 170 169 169 171 173 175 177 177 178 181 183 184 183 182 178 177 173 172 175 180 182 182 182 179 175 173 173 176 178 180 182 177 171 170 172 175 178 180 180 181 180 179 178 177 179 179 177 176 179 182 184 185 184 182 178 174 170 165 163 163 165 167 168 169 170 171 171 173 177 181 181 178 172 167 160 153 153 162 180 189 188 187 190 191 192 191 191 194 196 197 195 184 180 180 185 193 193 194 195 194 190 185 175 166 166 174 181 186 191 191 190 190 188 185 184 183 181 176 173
235 191 182 180 177 173 170 163 157 156 159 164 170 176 183 188 186 182 183 179 173 173 175 177 179 179 179 178 177 176 175 176 178 180 183 185 186 186 188 191 191 192 189 187 188 190 185 182 182 182 184 183 180 178 175 171 168 169 169 167 165 163 163 160 159 159 157 156 158 161 158 159 162 167 171 173 173 176 179 177 174 172 171 170 172 174 174 176 179 182 183 184 183 183 182 182 182 183 181 178 176 175 173 173 176 178 175 173 174 176 177 176 172 172 177 180 179 177 166 158 155 156 157 160 158 158 166 171 172 171 170 170 171 172 172 173 172 171 171 170 171 172 174 176 176 178 182 185 186 186 184 179 177 175 175 177 182 185 187 186 181 176 173 173 177 180 182 181 179 177 177 178 179 181 182 182 183 182 180 179 179 180 180 179 179 181 184 185 186 184 182 178 174 172 168 165 165 165 166 168 168 169 169 169 173 178 181 179 176 171 167 160 151 151 158 178 188 190 192 192 190 192 190 190 197 202 205 200 184 172 172 180 190 195 194 192 192 190 186 177 169 166 174 183 190 195 193 193 194 190 186 186 185 183 179 173
235 191 182 181 179 175 172 167 163 165 167 170 172 175 180 185 185 183 183 177 173 176 176 176 178 177 177 176 174 175 175 176 178 181 185 187 186 185 187 189 191 192 191 189 188 189 185 180 180 182 184 183 182 178 175 171 169 171 171 171 168 165 166 164 161 161 160 158 158 163 163 161 162 167 170 172 173 175 180 179 177 176 172 170 171 172 172 172 176 179 182 183 182 182 181 180 180 181 181 178 177 175 173 172 174 172 170 169 171 174 178 177 169 169 174 172 167 169 167 160 157 159 160 163 162 161 167 173 175 173 171 172 172 172 172 173 172 173 173 171 171 172 174 175 175 177 182 184 186 187 185 180 176 174 174 176 178 181 186 186 182 176 174 176 181 183 185 184 183 182 181 181 181 182 182 183 184 183 181 179 178 178 178 179 180 182 185 186 185 184 181 178 177 175 171 167 165 164 164 168 169 168 167 168 174 179 179 176 174 169 166 160 152 152 158 176 184 187 188 186 187 190 191 190 196 202 205 198 180 166 165 175 184 192 193 190 191 188 184 178 170 168 176 185 190 196 196 195 194 188 183 182 182 180 178 174
234 192 183 180 179 175 173 171 168 170 172 175 175 176 178 182 186 186 181 175 175 178 178 178 178 177 177 175 174 174 175 175 177 180 184 186 185 184 185 187 188 190 190 189 188 188 185 181 181 183 184 184 181 180 177 175 172 173 175 176 173 167 165 165 163 163 164 162 159 162 166 163 163 167 171 172 173 177 186 187 184 181 174 166 164 165 167 171 173 175 177 180 180 180 179 178 179 182 182 179 177 175 172 170 170 165 161 162 167 172 178 176 168 167 169 166 162 163 166 163 160 161 164 166 167 167 169 174 177 176 175 174 173 173 173 173 173 173 173 173 173 173 172 173 173 175 180 181 184 185 183 178 175 172 172 173 174 176 183 184 181 177 176 178 184 187 186 185 185 183 181 181 180 182 183 183 182 182 179 179 178 176 175 177 178 181 183 184 183 182 179 177 176 175 171 168 165 165 165 167 168 169 167 170 173 177 176 174 172 170 167 161 154 155 160 173 180 182 183 185 184 186 190 189 192 200 202 193 175 161 159 166 173 183 190 190 192 189 184 178 172 173 180 186 188 194 197 192 189 188 185 182 180 178 176 173
234 192 184 181 179 176 174 174 173 174 174 177 177 177 176 178 180 182 181 178 177 179 178 179 178 177 178 176 173 173 175 175 177 177 180 183 184 182 184 183 182 184 187 186 185 187 185 181 180 182 184 182 181 180 180 178 177 176 177 176 171 166 164 166 165 165 164 162 158 160 165 165 166 170 171 173 174 179 187 188 184 178 170 160 157 160 165 169 169 169 170 175 178 178 174 174 179 184 185 181 176 175 171 168 167 162 158 160 166 170 171 168 165 164 165 166 165 162 164 164 163 162 164 167 170 170 172 176 176 177 178 176 175 175 174 172 173 172 172 174 175 173 171 169 171 174 178 180 182 184 183 178 176 173 171 171 171 173 180 181 179 179 179 182 186 187 186 183 183 182 182 181 180 182 183 182 182 179 178 176 177 176 176 177 178 179 179 180 181 179 177 175 175 174 170 166 164 165 166 167 168 169 169 170 173 175 174 173 172 170 167 162 155 156 159 171 176 175 176 181 184 183 185 185 192 198 198 184 168 160 157 155 163 174 184 189 193 191 184 178 175 177 182 185 188 191 191 188 188 188 185 181 178 174 172 172
234 193 185 182 179 179 178 179 178 178 178 179 179 179 176 175 176 177 178 178 177 178 179 179 177 177 178 177 172 170 172 173 177 178 179 181 181 180 179 178 180 181 184 184 185 186 185 179 179 180 182 182 181 182 182 180 177 174 175 170 165 164 164 165 164 164 163 161 159 161 166 168 170 171 172 174 176 177 179 181 178 172 162 153 152 157 163 168 166 165 167 172 176 176 174 173 178 184 183 181 176 174 171 168 166 162 158 160 165 166 163 161 160 159 159 159 160 160 157 156 160 162 164 166 167 169 172 175 177 179 180 179 177 175 174 172 173 172 172 174 176 174 172 169 170 173 177 178 181 184 183 178 177 174 171 168 169 172 176 178 178 177 178 182 185 186 183 182 182 183 182 181 181 183 182 181 181 177 174 174 175 177 177 177 180 179 178 179 179 178 176 174 173 171 170 167 165 165 166 169 169 168 168 170 171 171 170 169 170 172 171 164 159 158 159 171 173 171 172 178 181 183 181 180 186 192 188 175 165 162 159 152 158 168 178 187 191 190 185 182 180 180 182 183 186 188 188 187 187 188 185 181 176 172 171 172
235 192 185 182 182 182 182 181 181 182 181 181 180 180 179 177 176 176 177 178 178 178 179 179 178 178 179 179 172 170 171 173 175 175 176 180 184 182 182 180 177 178 181 185 186 188 187 180 179 179 181 181 182 182 181 179 177 174 174 169 165 165 167 166 165 163 163 162 161 163 169 171 173 173 174 176 177 177 177 177 175 168 157 146 144 151 160 168 166 166 167 172 175 174 175 175 177 183 182 181 179 176 172 170 168 163 160 160 160 161 159 162 160 157 154 153 154 157 156 155 156 159 165 167 165 166 172 176 178 182 182 179 177 174 172 171 173 171 171 171 174 175 174 172 172 173 176 178 181 184 183 178 177 174 171 168 167 169 172 175 175 175 176 178 181 182 180 179 182 182 181 182 184 183 181 182 180 176 172 171 173 174 175 176 179 179 178 178 179 179 178 177 175 173 171 170 167 166 168 170 170 169 169 169 169 168 165 165 168 171 170 167 164 164 164 168 171 173 176 179 181 180 177 177 179 182 180 172 166 163 160 153 158 164 172 183 188 188 187 188 186 182 181 182 183 186 184 183 184 187 186 182 176 173 173 174
236 194 186 184 184 184 185 183 183 186 186 184 182 182 183 182 179 179 179 180 181 181 180 180 180 179 177 177 171 169 169 171 173 171 172 178 186 185 181 176 173 174 175 182 189 190 185 179 177 178 179 180 181 181 182 183 181 177 176 173 169 169 169 168 168 165 164 163 163 166 171 174 175 175 176 178 179 180 179 179 176 169 156 145 144 151 161 169 168 170 170 174 176 171 172 174 176 181 181 184 185 179 173 172 170 165 160 159 158 157 158 161 161 157 154 153 156 160 160 159 157 160 167 168 166 165 172 177 179 182 181 178 175 173 170 169 171 171 171 171 173 176 176 176 176 175 177 179 182 183 184 180 177 173 170 167 165 166 170 171 172 173 173 175 178 179 177 177 179 181 181 182 184 183 182 181 178 175 172 171 172 174 175 177 179 178 176 176 178 180 180 179 177 175 173 172 170 168 168 168 170 169 168 168 167 165 163 161 166 169 168 167 167 166 163 166 169 175 182 185 185 181 178 176 175 173 172 168 165 165 163 158 159 161 168 178 185 185 186 190 189 185 182 180 180 182 181 181 184 187 187 183 178 175 177 176
236 195 187 186 187 187 186 183 183 186 187 185 184 184 185 183 182 181 182 180 183 184 184 181 181 180 178 173 168 167 167 169 171 172 173 176 181 184 176 170 168 167 168 176 186 187 180 176 176 177 178 180 181 181 184 188 187 183 182 179 175 173 172 171 170 169 166 163 165 169 174 176 178 178 179 181 183 183 181 179 178 172 163 153 151 156 165 170 170 172 171 174 175 168 169 171 172 177 180 183 186 181 176 174 173 168 163 160 159 158 158 159 159 158 157 158 160 164 166 163 160 164 170 172 169 168 172 177 179 181 180 178 175 171 170 169 170 171 171 171 173 176 176 177 178 178 176 180 182 182 183 182 177 173 169 166 164 165 168 170 170 171 172 173 177 176 171 173 176 180 181 181 183 182 180 179 177 173 172 171 171 174 176 179 180 178 175 175 177 179 181 180 177 175 173 173 171 169 168 168 169 168 166 165 165 162 160 161 165 167 165 166 166 165 162 165 167 175 185 192 191 185 182 178 174 168 166 164 165 167 164 159 158 157 163 172 180 185 186 188 188 186 183 180 179 178 180 182 183 186 187 184 181 177 177 175
237 195 188 188 190 189 187 184 184 185 186 188 187 186 185 185 185 183 182 182 183 185 186 184 182 182 178 175 172 168 168 170 170 174 176 176 178 180 175 169 166 167 166 169 176 179 177 175 175 176 176 178 181 182 185 187 186 187 186 183 179 176 175 174 174 174 171 166 166 170 175 178 179 180 182 184 186 185 183 181 179 175 169 163 161 164 170 172 171 169 168 169 169 169 169 169 173 178 181 182 181 181 179 177 176 174 168 163 161 158 157 157 159 159 155 155 162 167 169 168 167 169 172 174 173 172 173 177 177 179 179 177 174 172 170 169 171 171 171 173 173 176 174 176 177 175 175 178 180 181 181 181 178 172 169 167 166 164 166 170 168 169 171 173 175 172 167 169 172 176 178 180 183 183 180 179 177 173 172 171 171 174 178 181 181 179 175 174 175 177 178 177 176 174 174 174 174 172 170 169 169 167 164 162 162 161 160 162 166 167 164 166 168 168 167 166 167 173 184 190 191 189 184 179 175 167 163 163 163 166 165 160 157 155 161 170 178 185 191 191 190 188 185 181 180 179 179 181 183 185 186 185 183 179 177 175
235 192 184 184 185 186 184 184 185 185 187 188 188 186 185 186 186 184 182 181 182 183 184 183 183 182 181 178 175 173 172 171 171 174 176 178 178 179 176 172 170 171 168 169 173 174 173 173 174 173 173 175 178 180 182 184 183 185 183 180 177 177 178 178 177 175 172 168 169 172 173 175 178 178 180 182 183 183 184 183 180 176 172 168 166 169 173 173 170 167 165 161 164 168 170 172 177 181 183 184 183 182 182 180 179 176 172 167 160 155 154 156 158 155 147 148 165 176 176 174 172 173 174 174 174 175 176 178 177 176 176 175 171 168 167 166 170 173 174 173 175 175 173 173 174 171 172 175 177 178 178 178 177 174 172 169 168 164 163 167 168 168 170 172 172 169 163 165 167 171 175 178 181 181 179 178 177 175 174 172 172 176 178 180 180 180 178 174 174 176 177 176 175 174 176 175 175 172 170 169 168 166 164 161 159 158 161 164 167 168 166 163 167 175 178 173 173 176 183 187 188 185 180 172 170 167 166 163 161 162 162 161 159 157 163 168 175 185 192 194 190 189 189 186 185 183 182 178 180 184 187 187 184 182 179 174
235 192 183 180 180 182 183 183 183 184 186 186 187 184 182 184 185 183 181 181 182 183 184 184 183 183 182 179 176 175 173 170 170 172 175 178 180 179 177 175 174 174 172 171 172 172 169 170 170 170 170 171 175 178 179 182 184 183 183 180 178 178 179 179 178 176 174 172 171 172 173 174 175 176 178 180 180 180 182 182 179 175 172 168 168 171 173 173 171 168 161 158 162 169 173 176 179 180 182 183 185 184 183 181 179 175 172 168 161 156 155 157 157 151 142 145 165 180 180 178 178 178 178 175 175 176 176 177 175 173 174 172 169 164 164 165 169 172 173 174 174 175 174 174 174 171 170 171 173 174 174 178 177 174 172 170 168 165 164 165 164 164 168 171 171 167 161 161 165 170 173 176 179 178 178 176 174 174 173 172 172 174 179 180 178 177 177 176 176 176 176 175 175 176 176 175 174 172 170 167 166 165 162 159 155 156 159 163 167 170 169 165 167 177 183 181 179 178 181 184 183 179 171 163 164 168 169 164 162 161 163 161 159 159 163 167 170 178 186 188 185 188 190 191 190 187 185 179 180 182 184 187 186 183 181 176
235 193 185 181 180 181 183 181 180 181 183 185 183 181 180 182 183 182 182 182 183 183 185 185 184 182 180 178 177 176 173 171 171 172 175 178 181 179 179 177 174 174 173 172 170 169 167 168 167 167 168 170 173 176 180 181 183 181 181 180 180 180 181 181 180 178 178 175 173 173 173 174 174 175 176 178 179 178 180 181 179 175 171 167 167 170 172 172 170 168 165 162 165 170 175 179 180 180 182 184 186 184 182 180 178 175 173 170 166 161 159 157 155 148 140 146 161 173 177 180 183 183 183 181 179 176 175 174 172 173 174 171 168 164 163 165 169 170 171 173 173 174 174 174 175 172 169 169 171 172 173 177 176 174 172 171 172 170 164 162 159 160 166 170 171 167 161 161 165 171 174 176 177 177 176 174 174 174 173 173 172 173 177 178 178 177 177 178 177 175 172 173 174 175 175 174 174 172 171 167 166 163 160 157 154 155 158 163 168 170 173 170 170 180 186 188 184 179 183 186 181 172 163 154 158 169 171 166 163 167 167 162 161 160 163 165 164 167 174 177 179 184 189 193 192 190 188 183 182 182 182 184 183 183 181 177
237 195 187 183 183 184 184 183 183 183 181 181 179 179 180 182 181 182 184 184 183 183 185 184 185 185 183 179 177 176 173 173 173 174 176 178 181 179 179 177 174 172 173 170 169 169 166 166 166 166 167 170 173 176 182 182 180 179 178 180 180 182 184 183 183 181 178 175 175 175 175 174 174 175 176 178 179 178 180 181 179 175 169 165 165 168 170 169 167 168 168 169 169 175 179 180 180 180 181 183 185 184 181 179 178 177 173 171 167 162 159 156 154 148 140 148 158 165 175 187 194 189 187 188 185 179 174 172 172 173 173 171 168 165 165 166 169 170 171 172 171 171 171 172 173 172 169 169 169 171 173 175 176 173 173 173 174 172 164 157 154 157 162 166 170 168 163 163 165 171 174 174 174 172 173 171 171 173 172 172 173 173 173 176 178 176 177 177 175 173 169 169 172 173 173 173 173 171 169 168 164 161 157 156 154 155 158 166 172 176 182 179 178 184 191 196 190 184 184 184 180 168 157 148 151 166 172 168 167 174 172 164 163 163 164 164 161 160 161 165 173 179 185 193 192 187 185 185 184 183 183 181 180 181 184 181
237 196 189 186 187 190 188 186 186 186 184 185 184 182 182 183 182 181 183 182 180 183 184 183 184 185 183 180 178 176 174 176 176 176 178 179 180 178 178 177 175 174 175 173 169 168 167 167 166 165 166 170 173 178 187 186 180 178 177 177 179 181 182 184 185 184 180 177 175 175 175 174 174 175 176 178 179 178 179 180 178 174 169 165 165 168 169 167 166 165 167 170 173 177 180 181 179 180 180 181 182 181 181 177 178 177 175 172 168 162 159 157 156 148 140 148 158 164 176 190 199 193 187 189 188 183 175 173 172 172 170 171 169 166 166 169 169 167 169 170 170 168 168 169 170 172 169 169 168 169 170 172 175 174 173 173 174 171 163 157 153 155 159 163 168 170 167 166 168 171 171 170 170 169 168 166 166 167 167 168 170 171 173 176 175 173 174 176 174 169 165 166 169 172 173 170 169 168 168 166 164 160 154 154 152 155 161 170 179 186 190 187 186 192 194 197 192 186 184 183 179 167 155 143 146 161 171 175 176 179 175 166 164 167 168 165 159 156 155 157 166 176 184 192 194 188 182 185 186 186 186 184 183 185 187 184
236 194 187 185 189 191 188 187 187 187 189 193 190 188 186 184 184 184 184 182 179 180 182 184 185 185 182 179 178 178 176 177 178 178 180 179 179 178 179 179 177 176 178 175 171 169 168 169 170 169 168 168 172 178 189 194 185 179 177 177 177 179 181 183 186 186 181 177 174 173 174 175 175 176 176 177 178 176 176 177 175 172 168 166 166 167 167 167 166 166 168 171 173 177 179 180 179 179 181 180 179 179 179 177 178 179 178 175 170 165 162 159 155 147 141 150 159 165 174 186 193 191 186 185 186 184 177 173 171 170 169 169 168 168 168 169 168 166 167 168 169 168 168 170 169 170 170 170 169 170 170 172 173 170 171 173 175 172 165 159 156 156 159 159 165 171 171 170 170 172 171 169 168 165 162 159 159 160 161 163 167 171 173 176 175 173 175 176 173 168 163 165 168 170 171 169 166 167 167 166 164 158 153 152 153 156 165 177 186 192 193 192 193 200 199 196 191 185 182 183 180 170 158 142 141 158 171 177 183 184 179 170 166 168 172 169 160 154 152 156 166 174 180 189 195 190 183 186 190 188 186 187 186 186 190 188
234 189 181 180 184 187 186 187 189 189 194 197 194 196 197 194 190 186 184 182 179 177 179 183 185 185 184 181 179 178 178 178 180 180 180 178 179 179 182 182 180 179 178 176 174 171 170 172 174 174 171 171 173 178 188 195 190 179 178 177 177 177 178 182 185 183 179 176 174 174 174 174 174 174 174 173 172 171 172 173 172 168 168 167 168 169 169 170 169 169 169 171 174 176 177 178 177 176 180 179 176 178 178 177 178 181 180 176 172 168 164 158 152 146 143 152 160 166 172 180 188 191 186 183 181 181 179 174 171 169 169 167 167 167 167 169 167 165 165 169 170 168 168 170 170 170 169 168 168 168 168 171 170 167 168 172 175 172 168 163 160 159 159 158 161 169 173 173 174 173 172 169 166 161 158 155 152 153 155 159 166 171 173 177 176 175 175 175 172 166 161 163 164 165 169 167 166 166 165 165 163 157 152 150 151 157 167 184 194 195 196 198 201 203 201 196 190 184 181 181 181 174 163 149 147 159 167 172 182 187 184 175 168 166 169 170 162 154 154 159 166 170 177 186 193 190 185 186 191 191 187 187 187 189 191 189
234 187 178 177 181 183 183 186 190 190 191 192 192 195 199 197 193 191 190 186 181 177 177 180 183 185 184 181 178 178 178 180 180 181 179 180 181 183 186 185 182 181 178 177 176 174 171 173 177 176 175 172 175 179 184 188 186 181 180 178 177 177 176 178 180 179 176 175 174 174 173 173 170 170 168 165 163 164 164 166 167 166 166 168 171 171 172 172 172 171 169 171 175 175 176 175 172 173 177 177 176 178 180 180 181 182 179 175 172 169 164 158 148 140 139 151 161 165 169 174 181 187 182 178 178 179 180 175 169 168 168 164 161 161 165 169 169 165 165 168 170 169 168 171 172 169 167 167 165 163 163 167 168 169 169 171 172 171 167 165 163 161 160 157 159 166 172 175 176 175 173 169 162 156 155 153 151 150 153 158 163 168 172 176 176 176 177 175 169 162 159 160 163 165 166 167 167 165 164 163 161 154 149 148 150 158 170 188 200 200 199 200 202 204 204 197 192 186 182 182 186 181 172 162 158 162 165 169 177 185 186 179 171 166 164 168 163 153 157 163 168 171 177 188 196 193 186 185 188 191 190 188 188 190 192 191
232 185 179 177 181 181 182 183 185 187 188 188 189 191 191 191 191 192 192 189 184 178 179 182 184 186 185 181 178 178 179 180 180 182 182 183 183 186 189 187 182 181 178 178 178 174 172 173 176 177 177 175 178 181 182 184 182 182 181 179 177 176 177 176 175 175 175 174 175 175 172 169 167 166 165 162 161 162 163 164 166 166 166 169 172 173 174 174 173 172 170 170 172 174 172 171 171 173 176 176 175 178 180 183 184 183 180 176 172 167 161 155 146 137 135 146 158 166 169 170 173 175 174 174 177 180 180 176 171 167 166 161 154 154 161 168 170 168 167 168 169 170 171 171 172 167 165 166 163 158 156 166 167 168 170 171 166 166 167 167 166 164 161 157 158 163 171 176 177 175 172 166 158 154 154 152 150 150 153 158 163 167 171 173 174 175 176 173 167 161 156 156 160 163 164 167 167 163 163 161 158 153 148 147 150 160 172 187 195 201 203 204 202 204 202 194 192 188 185 186 190 187 180 176 169 164 164 168 176 183 185 179 172 166 164 166 163 156 158 167 172 174 178 190 201 196 187 185 186 188 190 188 188 189 191 191
229 182 177 178 179 180 182 183 184 187 189 189 190 189 187 187 188 189 190 188 183 180 180 183 188 193 192 186 182 181 181 181 182 185 186 184 184 188 189 187 184 183 180 178 177 176 173 174 176 177 178 179 181 185 185 183 181 181 180 179 178 177 176 175 174 174 173 172 169 168 169 169 167 166 166 165 166 165 165 163 165 166 165 168 172 174 175 175 175 174 171 170 173 175 173 172 171 174 176 177 176 178 179 182 184 182 179 175 170 162 154 149 145 138 134 142 155 166 170 170 170 173 175 178 180 181 182 180 175 168 166 162 157 158 164 169 171 169 169 171 172 171 170 170 170 162 158 162 164 159 159 168 169 169 170 166 162 163 166 169 170 168 162 159 158 162 170 175 176 174 172 165 157 153 152 153 151 151 154 159 163 166 169 172 172 173 174 171 165 159 155 152 155 160 163 165 166 163 161 160 155 151 149 148 152 161 173 182 187 196 202 204 203 200 195 187 187 187 187 188 190 188 185 185 179 170 168 169 175 181 183 178 171 168 167 169 166 162 161 167 173 175 175 183 199 200 188 186 187 189 190 187 188 188 189 192
230 181 175 177 178 179 181 183 185 188 191 191 190 189 189 190 190 191 191 187 182 181 182 184 191 200 203 194 185 186 185 184 182 185 186 185 186 187 185 185 184 182 180 181 180 178 176 175 175 180 182 181 184 187 188 187 183 182 181 180 180 180 176 174 175 176 175 169 153 159 169 171 168 167 166 167 169 173 169 154 159 166 167 171 175 175 176 176 177 173 165 166 174 178 178 176 175 174 175 178 177 178 179 183 183 179 177 174 168 157 148 143 143 138 134 140 152 164 169 172 174 177 179 182 182 184 185 183 178 174 172 170 165 166 167 171 172 171 171 172 173 171 168 169 167 159 154 155 163 164 164 170 173 172 169 163 159 160 164 169 170 168 164 159 158 161 166 172 174 173 171 167 162 157 155 155 156 157 160 161 162 165 168 171 172 171 172 170 165 158 151 146 148 156 161 163 164 163 161 158 152 148 150 152 155 161 170 176 183 192 198 203 203 198 190 186 186 186 188 188 187 184 185 186 183 174 171 173 174 178 181 178 172 170 172 171 167 160 157 158 165 167 169 174 188 201 195 189 190 192 194 190 188 186 185 188
230 181 173 175 178 179 181 183 185 187 190 192 189 189 189 190 191 192 191 188 184 181 180 182 188 197 200 193 184 184 184 183 183 185 186 185 186 185 185 185 184 182 181 181 180 179 178 175 176 179 179 182 184 188 189 189 187 183 183 182 182 181 178 176 175 176 175 167 144 157 174 173 168 164 162 164 168 173 165 141 150 167 168 172 176 175 177 179 179 172 154 161 175 178 180 179 178 175 176 178 175 167 173 183 181 179 178 174 167 156 147 142 137 140 140 141 148 157 165 170 173 178 177 175 181 186 186 183 180 179 177 175 171 171 168 168 171 171 170 170 170 170 168 168 166 163 156 153 160 166 168 173 175 172 167 163 159 160 165 169 168 168 166 161 159 162 167 171 174 174 170 167 163 159 157 157 158 158 160 160 160 163 166 167 169 169 170 170 166 158 151 145 147 154 158 160 162 164 162 157 153 150 152 156 159 164 168 175 182 188 195 198 199 195 189 186 186 186 186 186 187 183 182 184 183 176 174 177 178 178 181 178 175 171 171 173 168 162 158 157 160 163 167 170 182 198 197 192 190 192 194 192 190 187 185 186
231 181 172 174 178 182 182 184 183 185 187 188 188 188 189 189 192 193 191 188 187 182 180 180 184 188 190 187 182 182 183 183 181 182 182 183 183 183 184 184 182 182 181 178 178 180 180 179 179 178 178 182 187 190 189 190 188 185 183 183 183 183 182 179 178 177 175 167 143 158 181 178 172 164 159 160 162 166 158 135 149 168 170 174 176 174 176 179 179 170 143 156 178 181 182 182 179 177 177 178 170 153 163 184 182 178 178 176 171 162 154 141 128 139 147 141 143 150 162 168 171 175 167 156 167 180 183 182 180 180 178 177 178 171 160 164 169 168 168 168 168 167 166 168 164 161 159 155 158 167 170 174 176 173 168 165 162 163 164 166 165 166 164 161 160 162 168 171 174 172 171 168 165 161 158 159 159 159 160 160 160 162 163 162 163 165 168 169 166 161 154 147 147 153 156 159 163 165 164 160 156 155 156 161 166 169 170 176 183 187 192 193 193 192 187 185 184 185 185 184 185 181 180 183 183 179 178 181 180 181 180 178 177 171 169 173 172 169 166 165 165 169 171 172 181 196 199 192 187 188 190 192 192 191 189 190
233 184 173 175 180 182 183 183 182 184 186 187 188 189 189 190 192 193 193 191 190 185 181 181 182 182 184 183 181 181 181 180 179 179 179 180 180 179 182 180 179 179 178 179 179 180 181 182 182 179 179 183 187 190 189 191 189 186 185 185 185 184 184 183 181 180 176 168 142 154 176 180 175 162 155 156 160 164 154 134 151 168 170 173 174 173 175 177 178 169 143 155 178 182 181 180 178 176 176 176 167 149 162 182 180 180 180 178 176 170 163 143 125 140 152 142 138 145 159 168 172 173 158 141 156 171 176 179 179 179 180 180 183 166 147 157 167 167 166 167 168 166 166 167 157 148 155 156 156 164 168 172 174 172 170 162 156 163 165 165 164 164 161 160 160 162 166 167 171 172 171 169 165 161 161 160 160 160 159 158 160 161 160 157 157 162 167 168 165 161 157 150 149 153 157 159 162 165 164 162 160 159 162 166 174 177 177 181 187 190 191 190 188 189 188 184 183 184 185 184 183 181 181 183 185 182 181 183 183 183 181 178 176 173 173 177 178 176 174 172 172 174 176 176 185 199 199 190 186 186 187 188 191 193 192 190
234 187 176 176 180 181 183 182 181 184 187 189 188 188 189 191 192 194 196 195 191 186 183 181 182 182 184 183 182 182 182 180 179 178 177 179 179 178 179 178 177 179 177 178 180 181 182 183 184 183 184 184 187 189 191 192 190 187 187 187 187 185 185 186 184 181 178 170 143 154 172 176 170 153 144 151 159 164 153 132 154 172 172 174 169 166 170 174 174 163 141 153 177 179 178 175 172 173 173 174 166 147 160 179 178 179 178 175 174 171 163 142 125 138 154 142 136 142 157 167 172 172 156 138 153 167 174 180 180 179 178 181 181 162 141 156 167 166 166 167 169 167 166 166 150 135 152 156 156 164 167 170 172 171 170 154 143 162 166 166 165 164 161 159 159 162 158 153 166 172 170 168 165 161 161 163 164 157 153 158 161 159 157 155 157 160 164 165 163 159 156 152 150 152 155 158 160 163 163 163 162 162 166 170 178 181 181 183 188 191 190 187 185 187 188 184 183 183 185 184 183 181 181 183 184 183 180 183 184 183 181 177 175 175 176 179 180 180 178 177 177 177 178 180 191 202 198 189 186 186 186 186 189 193 195 187
235 189 179 178 184 187 187 184 182 184 186 187 187 187 189 190 190 193 194 193 190 188 187 185 183 183 182 182 182 185 186 183 179 177 176 177 178 176 176 176 177 178 178 178 180 181 182 183 184 186 186 185 186 188 191 190 188 187 188 190 191 188 186 186 186 185 181 171 145 154 172 173 166 141 129 147 158 161 153 132 155 176 175 176 154 146 164 171 170 159 138 151 172 174 174 161 157 165 169 171 162 144 156 175 173 175 166 161 167 166 162 138 121 136 155 143 136 139 151 162 170 169 151 134 149 164 171 176 181 181 175 173 175 162 143 156 164 165 164 167 168 168 166 165 147 131 150 158 160 163 165 167 168 169 168 148 137 162 170 167 165 166 164 160 158 159 150 136 162 171 169 168 165 162 161 167 165 148 136 155 159 160 160 159 157 156 159 160 162 158 154 152 151 150 151 152 155 159 162 163 163 165 171 175 180 183 183 183 183 184 186 182 180 184 187 185 184 183 184 185 184 183 184 185 185 181 180 182 181 180 180 177 174 174 177 180 180 177 178 183 184 182 180 182 190 197 190 184 185 187 187 186 185 186 191 186
234 188 180 182 190 196 191 185 183 182 184 187 186 185 186 188 188 190 190 190 189 187 188 187 185 183 181 181 182 184 185 184 181 177 174 175 175 175 174 174 175 176 177 178 178 180 182 183 184 185 186 185 185 186 189 188 187 187 188 191 191 190 187 186 186 185 183 172 141 141 152 153 149 131 122 136 145 148 143 127 146 163 165 166 143 137 155 163 162 152 131 144 166 169 169 150 146 161 168 170 161 140 153 172 170 169 150 147 168 169 163 142 123 139 157 147 141 131 141 163 169 170 153 132 148 163 168 170 167 171 176 173 175 161 143 156 165 165 162 162 164 168 165 164 146 131 149 155 159 160 158 163 166 166 166 149 138 163 171 168 166 166 166 161 158 161 150 135 159 168 168 166 166 163 161 162 161 144 132 153 159 158 158 158 156 154 153 156 158 157 153 149 149 147 147 149 151 155 158 160 160 166 172 176 182 186 184 178 176 176 178 178 178 181 184 185 182 181 182 183 183 183 185 187 187 179 175 178 179 178 178 177 174 175 178 181 179 175 175 180 185 183 179 179 183 187 185 182 183 186 188 191 187 183 188 184
235 191 183 183 192 200 193 188 185 183 187 189 186 182 183 184 185 187 187 187 188 188 187 184 184 185 183 184 185 184 183 183 180 177 174 172 173 177 176 173 173 176 179 179 177 180 182 183 184 185 185 186 186 186 186 185 186 189 191 192 190 189 186 184 183 183 183 175 135 109 110 110 106 99 95 101 105 107 108 104 116 125 130 133 122 118 128 136 135 130 120 131 146 151 151 139 136 148 154 158 153 136 147 162 161 158 137 135 160 162 159 143 125 140 155 149 145 125 135 162 169 174 155 134 148 160 162 161 150 154 171 171 175 159 140 153 162 164 160 148 152 164 164 163 141 126 145 153 155 152 144 151 163 165 165 149 138 162 168 167 164 160 162 163 162 162 148 133 156 166 167 166 165 161 158 159 158 140 128 152 157 155 154 154 151 149 149 152 155 154 150 146 143 141 143 146 149 152 155 155 157 163 169 175 181 182 180 174 170 171 174 176 177 179 181 182 181 180 181 183 183 183 184 188 187 176 170 172 173 173 175 176 175 178 180 179 178 175 173 175 180 180 179 178 178 180 180 181 184 187 190 194 187 181 181 177
237 193 184 183 190 196 191 189 186 184 190 192 186 181 182 182 182 184 185 184 186 187 186 183 184 184 184 185 186 186 185 183 180 178 175 173 173 179 180 176 173 177 184 184 178 179 180 183 184 185 185 186 187 188 185 185 185 190 192 191 188 186 186 184 182 181 180 177 147 117 108 105 101 98 93 89 87 87 89 91 93 93 93 95 91 86 85 86 90 89 87 93 102 107 107 103 102 106 108 113 113 107 111 118 117 119 110 109 121 124 125 118 111 121 130 130 129 117 125 144 151 156 143 127 134 141 145 146 134 140 163 163 164 147 130 147 157 161 156 136 139 160 163 160 138 124 143 154 156 145 130 142 161 165 164 147 137 161 166 167 158 145 151 163 163 161 146 132 154 163 166 164 152 154 156 158 153 134 122 146 150 149 150 149 148 146 146 149 153 151 149 144 139 138 141 145 148 151 153 153 155 160 168 174 177 178 176 170 167 166 169 171 175 180 183 181 181 180 181 183 184 182 183 186 184 173 168 168 169 169 172 175 176 179 179 177 176 173 172 174 174 175 177 177 176 176 179 185 193 197 195 192 186 181 178 171
235 190 181 180 188 194 189 189 187 186 190 192 186 182 182 181 182 184 185 185 187 189 187 184 183 181 181 184 186 187 186 183 181 182 180 176 176 178 183 180 174 179 185 184 178 178 180 183 184 185 185 187 187 188 186 185 186 190 192 191 187 185 185 184 181 180 180 179 173 167 162 157 152 146 139 134 133 133 134 135 134 132 127 121 114 107 101 100 103 101 96 98 104 106 105 106 104 100 98 97 94 94 95 94 90 91 91 91 89 88 89 87 87 88 90 90 91 90 97 106 110 114 107 99 99 101 105 111 107 111 126 127 127 118 111 126 136 140 136 125 126 140 143 142 125 115 134 143 145 135 121 134 154 157 155 141 133 155 161 163 149 132 145 163 164 160 146 132 152 160 162 154 133 143 153 155 151 133 121 139 142 142 144 145 146 145 145 148 151 149 147 143 136 136 142 145 147 151 153 153 154 158 167 174 176 177 175 171 168 167 169 170 175 182 185 181 181 181 182 184 184 182 182 182 182 175 169 168 166 168 170 174 175 175 174 173 176 173 171 170 167 169 177 179 178 178 181 186 196 202 197 190 184 179 175 167
232 184 176 176 186 194 190 189 186 187 191 194 188 184 182 182 182 186 188 188 188 191 193 186 182 177 177 180 182 182 182 182 184 184 182 179 178 177 179 177 175 176 180 178 177 179 181 183 185 185 187 188 189 190 188 186 188 191 194 194 190 187 186 186 181 179 179 178 179 178 175 172 167 165 159 157 159 161 165 167 169 170 166 160 154 150 146 145 148 146 140 142 145 146 149 150 149 145 143 138 132 133 131 129 126 124 123 122 117 112 111 108 106 105 104 100 97 96 98 100 102 103 99 93 89 88 91 94 90 88 91 93 94 92 91 98 104 104 101 97 96 99 101 99 92 89 98 104 107 104 101 110 120 125 124 115 113 129 133 136 128 118 129 142 147 146 136 128 141 144 148 140 121 128 142 147 145 128 119 135 137 137 138 140 143 144 146 146 146 144 141 139 138 138 144 149 151 154 156 157 156 158 163 170 173 175 176 173 172 171 172 173 178 184 187 181 180 182 184 184 183 180 178 178 181 182 175 167 164 166 168 172 169 167 169 171 174 175 175 170 164 167 178 183 182 181 182 183 188 195 194 189 183 178 174 163
232 181 172 173 182 190 189 187 183 184 188 193 190 185 181 180 179 185 189 191 189 195 199 191 184 182 181 180 180 179 179 182 183 183 183 181 178 175 174 174 173 173 174 175 177 179 181 183 184 184 186 188 189 190 189 189 190 191 193 194 191 189 189 187 184 181 180 180 175 177 175 173 167 163 160 161 163 163 167 172 175 176 173 166 163 165 163 162 165 165 162 162 163 164 169 171 172 174 172 169 167 168 168 167 168 167 164 161 158 154 154 153 152 153 153 149 145 141 140 141 142 142 140 135 130 129 130 128 122 120 122 120 121 119 120 124 124 119 112 106 103 100 97 92 87 86 84 84 84 83 84 85 85 88 88 83 82 87 86 87 85 85 88 93 97 100 98 98 102 98 102 101 90 93 102 107 108 104 113 135 136 135 135 140 144 146 145 143 141 139 136 134 138 144 148 152 154 157 160 160 157 156 160 166 170 174 176 174 175 175 175 177 181 185 188 183 180 180 183 183 180 175 173 174 177 183 178 168 164 165 167 168 165 165 168 168 172 179 181 177 169 169 181 186 185 183 181 183 184 188 189 186 183 178 173 161
233 182 173 173 180 187 187 186 182 183 187 190 188 183 181 179 179 183 189 195 199 203 205 197 188 188 187 184 185 183 182 183 182 182 183 181 178 176 173 173 173 175 175 176 177 179 179 181 182 182 186 189 189 190 191 192 192 191 193 194 192 190 188 186 185 183 182 177 154 154 168 154 143 139 150 157 145 152 164 167 170 171 173 170 169 170 169 167 168 168 166 165 164 165 168 170 173 176 175 173 174 174 172 172 172 172 169 166 162 160 160 158 160 164 166 166 161 157 158 159 159 161 164 164 163 163 160 156 154 160 168 167 164 166 171 175 175 168 160 156 153 150 147 141 136 131 125 123 120 118 117 117 114 113 110 108 107 105 99 97 95 97 96 95 94 95 97 97 96 88 86 84 80 77 78 80 79 84 112 135 135 136 138 142 145 146 144 140 136 135 134 133 140 147 151 153 155 159 161 161 157 155 158 164 170 174 177 175 176 177 177 180 182 184 187 184 181 180 181 180 174 169 168 170 175 181 177 166 163 164 166 165 164 165 168 167 171 181 188 185 176 177 183 187 187 184 180 183 184 185 187 186 182 175 168 158
233 184 177 175 180 184 186 185 181 181 183 185 181 177 180 181 178 182 187 195 203 206 209 207 198 192 188 186 187 184 185 186 182 181 181 182 181 178 176 176 176 177 177 178 178 178 178 178 179 180 184 188 189 190 193 193 193 193 193 194 191 188 185 186 187 186 185 178 128 115 139 116 106 98 116 133 105 130 166 168 168 169 171 173 174 174 173 171 172 171 167 164 163 163 165 168 172 175 175 174 174 173 172 173 171 170 165 161 160 158 158 161 160 163 166 166 162 157 158 158 156 158 163 168 167 164 160 155 158 164 172 173 172 175 177 178 179 177 172 171 173 171 169 168 164 160 156 154 153 153 153 152 152 152 150 148 149 147 143 141 141 141 142 140 140 139 140 138 135 130 126 124 119 114 113 112 109 111 128 141 139 139 142 147 148 146 144 140 137 136 135 137 143 150 154 157 160 162 163 162 158 156 158 165 172 178 181 178 178 179 180 182 182 185 184 182 179 179 180 176 171 167 165 166 171 177 175 166 163 165 167 167 166 167 167 166 169 180 190 193 187 185 183 185 185 181 178 181 185 188 189 186 181 171 165 152
234 186 179 178 181 183 184 184 181 180 181 180 176 173 176 180 178 178 182 187 191 195 200 204 200 197 190 183 180 179 183 187 181 180 180 183 183 180 179 179 179 179 180 180 179 178 177 176 176 179 184 186 190 191 192 193 195 194 193 191 189 188 187 187 188 187 186 176 121 100 112 95 95 82 93 106 80 121 167 170 165 166 170 175 176 177 176 176 176 175 169 164 160 160 165 169 172 173 176 176 170 168 171 171 170 166 159 155 155 155 157 160 161 161 164 168 165 160 159 155 153 158 165 171 170 166 162 160 163 167 172 174 174 177 175 173 172 172 171 172 174 175 173 171 168 163 157 156 155 155 156 156 155 157 157 154 155 153 151 150 150 153 154 156 158 157 158 161 158 158 156 156 153 151 153 153 151 149 148 146 143 143 146 150 150 148 147 145 141 140 143 147 154 158 160 161 162 163 164 161 157 155 160 167 174 179 184 182 181 182 182 181 183 186 185 179 178 180 179 176 169 165 164 165 166 172 174 171 169 172 171 169 167 168 167 165 168 178 188 194 191 187 181 179 180 180 179 182 187 192 194 190 181 170 164 135
234 186 180 180 180 182 184 184 182 180 179 176 173 170 173 175 177 176 177 181 183 185 187 191 192 193 189 179 175 175 180 184 181 180 181 184 183 180 179 180 180 182 183 181 179 178 176 174 175 178 185 188 189 191 192 190 191 192 190 188 187 187 187 186 186 185 186 175 126 118 129 110 104 93 108 118 93 127 165 168 164 166 169 174 177 177 177 178 177 175 169 161 156 158 166 171 173 173 176 175 165 163 166 166 163 158 153 149 147 146 150 155 158 161 163 167 166 161 159 156 155 159 165 169 171 169 165 163 166 171 175 175 176 175 173 168 165 165 167 170 173 176 175 173 170 165 157 156 154 154 154 154 153 154 154 152 152 151 148 147 147 149 150 152 155 158 160 162 159 159 158 158 155 156 158 157 155 152 150 149 146 147 148 153 153 151 150 150 147 147 152 159 163 162 163 164 164 164 165 161 156 156 162 170 175 180 184 185 183 182 184 184 184 184 184 180 181 181 179 175 170 165 164 164 164 170 174 177 178 177 175 169 167 167 168 164 167 176 183 186 185 183 179 176 177 181 182 183 186 192 196 193 185 177 171 122
234 187 181 180 182 183 185 184 182 179 177 175 172 170 173 174 177 178 178 179 180 181 183 185 185 185 184 179 175 175 178 180 181 182 182 184 183 179 178 179 180 183 184 181 178 177 175 173 175 179 187 192 190 192 192 186 184 187 186 186 185 185 185 185 185 184 184 173 126 133 156 125 108 102 132 144 108 133 165 167 165 167 169 173 175 177 178 179 176 173 167 159 154 157 167 173 174 169 170 168 160 159 162 160 156 152 148 147 142 138 142 150 156 162 162 164 164 160 159 157 157 157 159 164 169 170 163 162 167 173 176 176 177 175 172 167 162 163 166 168 173 176 177 175 172 166 160 158 158 156 154 154 153 150 151 151 150 151 147 145 145 145 144 145 150 157 161 161 158 158 157 156 155 156 156 153 149 148 150 150 147 148 151 154 155 155 153 155 154 153 158 165 166 161 163 165 164 164 164 162 159 161 164 171 179 182 183 184 184 183 185 185 185 184 183 181 181 183 180 175 171 166 164 164 166 173 180 187 188 182 177 171 169 170 169 165 167 175 178 181 181 180 178 178 180 183 184 185 187 191 195 192 186 181 175 108
234 184 180 181 182 183 185 182 180 179 178 175 172 170 174 176 180 181 181 179 179 180 181 182 183 184 182 179 176 176 179 179 181 182 184 184 184 180 178 179 180 184 185 181 177 175 173 172 174 179 189 193 190 192 190 183 178 179 180 182 182 182 182 183 182 181 181 170 127 136 162 128 106 102 141 155 113 134 167 169 167 168 168 168 173 178 179 178 177 173 167 160 155 157 165 170 170 164 163 162 156 155 156 154 149 145 143 144 142 137 139 146 152 161 163 163 165 162 155 152 151 152 153 159 165 165 163 164 170 174 179 179 177 174 172 168 161 158 161 168 172 174 176 175 170 166 161 163 167 166 159 155 152 151 151 149 149 149 147 145 146 146 141 140 146 156 162 161 159 159 159 157 158 157 154 149 146 147 149 150 148 148 151 154 154 155 155 156 157 156 160 165 164 158 158 163 164 163 165 166 163 162 167 175 181 181 180 181 184 185 185 185 184 182 180 180 181 182 180 175 170 166 165 164 170 178 186 195 194 186 180 175 173 174 174 172 172 175 177 181 181 179 180 182 183 185 185 188 189 192 195 192 183 175 156 78
234 179 174 179 181 182 181 179 179 180 180 180 177 173 176 180 182 183 182 181 181 179 179 181 184 184 183 180 177 178 181 181 182 184 186 186 186 183 180 181 183 186 185 181 176 174 172 171 174 181 188 188 188 193 190 178 173 173 174 176 177 178 180 181 180 178 177 164 122 135 161 127 106 104 142 155 114 134 167 168 166 164 164 165 172 176 177 176 175 173 168 162 158 158 160 165 166 162 161 157 152 149 150 146 142 139 140 143 144 141 143 146 152 160 165 167 168 163 151 147 145 148 151 157 161 163 166 168 173 176 178 179 177 174 171 169 163 156 156 164 170 172 174 173 167 162 162 164 172 176 168 158 155 156 152 147 144 144 143 144 148 147 140 137 142 153 160 160 160 161 162 161 161 159 154 146 142 144 148 149 148 149 152 155 156 155 153 154 156 158 161 163 162 159 158 162 165 164 166 168 166 167 173 180 184 181 177 179 184 186 184 183 183 181 178 179 181 182 180 175 168 165 166 166 172 179 184 190 192 187 180 178 176 176 178 179 180 180 179 181 181 181 182 185 185 185 184 187 190 192 193 191 181 163 121 45
231 174 167 171 175 178 179 177 177 178 179 183 182 176 176 180 182 182 181 182 179 179 179 182 184 184 185 181 179 180 183 183 183 185 185 185 183 181 180 182 185 188 188 184 180 177 175 173 175 179 185 183 184 193 188 175 168 169 170 174 174 173 177 176 175 174 175 164 124 138 164 131 110 109 143 154 114 136 168 165 165 160 159 162 168 172 174 174 173 173 169 164 159 157 156 161 163 159 159 154 150 150 150 145 143 140 140 142 144 145 148 151 155 160 167 168 166 160 149 146 147 149 153 157 160 163 166 168 173 181 180 178 175 171 168 167 166 161 158 160 166 171 171 170 164 159 159 161 171 177 174 162 160 163 158 147 137 136 137 142 147 148 140 137 142 151 158 159 160 161 165 165 163 159 153 145 139 141 147 151 148 149 151 153 156 154 150 151 153 157 159 160 161 163 162 164 166 166 167 170 172 174 179 185 186 179 175 176 181 184 184 183 183 181 178 180 181 181 178 174 169 167 169 169 173 178 180 185 186 182 180 178 178 178 180 184 187 187 183 183 184 183 182 185 184 183 183 186 188 189 189 188 180 157 97 27
228 168 163 166 170 173 177 176 175 178 180 184 182 177 176 178 180 180 180 183 181 178 179 182 184 184 186 183 180 180 182 183 183 183 184 182 179 178 178 180 185 188 189 187 184 181 178 176 175 179 182 181 183 187 182 175 169 169 171 176 175 172 171 170 170 172 174 167 145 152 168 150 138 136 155 161 135 150 168 166 165 162 158 158 163 168 171 173 173 174 169 163 157 153 155 158 159 155 152 150 151 154 154 150 146 143 141 142 145 151 153 155 158 160 166 166 160 155 149 148 152 156 157 159 162 163 163 166 172 180 183 177 174 171 168 166 167 165 161 160 164 169 171 167 162 157 157 160 167 175 178 168 167 171 165 149 134 130 134 141 143 143 139 140 145 150 156 159 161 167 170 169 165 161 154 145 139 140 147 151 147 145 145 149 153 150 147 148 150 152 154 154 158 161 163 166 167 167 168 173 177 180 184 187 185 178 175 175 178 182 184 184 184 184 181 181 182 181 178 175 171 169 171 173 174 177 178 180 182 182 180 178 178 179 181 187 188 187 186 186 190 188 183 184 182 180 182 185 186 185 184 183 175 142 74 19
227 163 159 167 171 175 180 179 179 184 186 185 183 178 176 176 180 182 184 187 186 181 182 183 184 186 187 183 182 182 182 182 182 181 181 180 178 176 177 181 186 189 189 188 186 183 179 178 178 180 182 182 183 183 179 177 174 174 176 179 179 174 169 170 170 172 173 168 164 169 173 173 171 171 172 172 167 170 170 167 166 163 158 155 158 163 168 171 172 171 166 160 154 150 152 155 156 152 148 149 154 160 161 157 153 150 144 142 149 156 158 157 159 161 162 162 159 157 154 154 159 161 160 161 165 164 162 166 170 176 179 178 173 172 169 166 167 165 162 163 166 169 170 167 162 160 159 160 164 172 175 172 172 172 168 153 138 130 131 137 137 136 136 144 150 151 155 159 164 173 178 172 166 164 157 148 140 140 144 147 144 140 139 141 145 146 144 146 149 148 150 152 153 156 162 167 168 170 171 176 179 184 187 185 182 180 179 180 181 180 183 183 184 184 182 182 182 180 179 178 175 173 173 173 174 174 177 180 182 183 183 181 179 179 182 186 184 183 185 189 194 194 188 185 184 183 182 181 181 180 178 177 165 110 43 12
227 165 160 168 175 181 185 181 182 191 192 188 186 181 178 177 181 186 190 193 190 185 184 185 186 188 189 186 184 184 183 183 183 183 182 180 177 176 179 183 189 191 189 187 185 183 180 178 180 182 184 185 185 184 181 180 177 176 178 181 180 175 170 169 170 172 173 166 164 170 175 178 178 178 176 177 175 172 170 168 166 162 159 155 156 161 166 169 170 169 164 160 153 148 150 153 153 150 149 151 156 160 163 159 159 158 150 144 149 156 159 158 158 159 159 160 161 159 156 156 162 163 162 162 166 166 166 168 171 174 177 175 172 171 169 167 168 166 164 164 166 168 169 166 163 161 161 161 161 167 172 171 172 173 170 158 145 135 131 132 134 135 136 145 153 154 156 159 166 175 176 171 168 166 161 151 145 142 142 145 143 140 138 137 139 142 145 148 150 148 147 149 151 154 162 169 170 172 173 175 180 186 188 185 183 182 183 183 183 182 183 182 183 184 183 182 182 182 181 180 179 177 175 175 174 174 176 179 180 181 182 182 181 178 180 185 185 184 186 188 194 199 193 188 185 182 180 179 178 175 172 173 151 82 27 12
229 169 164 171 176 179 182 181 182 192 193 187 183 182 184 183 184 188 194 197 192 185 185 186 188 190 191 189 187 185 184 184 184 182 180 179 177 180 184 187 192 189 186 184 182 180 178 179 182 183 184 186 185 186 183 181 179 178 179 180 178 173 167 165 165 168 170 168 169 172 177 180 180 181 180 178 175 170 169 165 164 160 157 155 156 159 163 166 166 167 164 161 155 149 152 155 151 148 149 151 155 158 162 159 161 159 151 146 146 150 153 154 155 157 157 156 160 160 158 158 161 166 165 163 164 164 168 169 170 174 178 174 173 171 168 169 169 166 164 164 165 168 169 168 164 159 159 159 160 163 168 169 170 174 171 162 148 139 134 132 132 133 137 144 153 156 157 162 167 173 174 173 170 168 162 156 151 146 140 140 141 140 137 135 138 143 146 149 150 145 142 144 149 153 160 167 170 172 174 174 178 185 188 186 184 185 186 186 186 184 183 183 183 184 184 185 185 183 181 180 181 179 177 177 176 175 177 178 179 181 183 182 180 178 180 183 184 182 183 186 192 199 197 192 187 183 179 177 175 171 167 166 127 51 15 11
232 175 170 173 175 175 173 176 179 185 186 181 179 179 181 182 184 188 192 194 190 185 186 188 190 192 192 192 189 185 183 183 181 181 181 180 178 183 185 188 191 186 184 182 178 177 177 178 182 183 183 184 184 185 183 181 181 181 180 178 175 167 159 157 157 160 166 172 175 176 179 181 179 181 180 177 175 169 166 162 159 156 156 157 155 157 159 161 161 162 162 161 157 153 156 157 153 150 150 149 150 155 161 158 160 157 150 145 144 144 146 148 152 157 155 152 158 161 160 160 161 163 164 164 166 168 170 169 169 174 177 174 175 172 166 168 169 166 164 164 165 169 171 168 163 158 155 155 159 162 166 169 171 172 170 163 150 140 137 134 132 132 138 144 152 155 158 164 168 173 175 176 174 170 164 158 155 148 139 135 135 137 135 134 139 144 146 147 145 139 137 140 145 151 156 162 168 172 174 173 178 185 186 186 186 188 189 189 188 186 184 185 184 184 185 187 188 185 182 181 181 180 179 179 177 177 176 176 180 182 183 182 179 178 180 180 178 175 175 179 186 194 196 191 187 184 178 175 172 169 166 158 96 27 10 10
232 174 170 172 174 172 167 170 176 182 183 180 176 174 172 175 179 184 188 190 190 187 186 190 193 192 190 191 188 185 183 183 178 180 183 182 180 183 187 186 187 185 182 179 176 174 176 179 181 182 182 183 184 184 184 183 182 181 181 178 173 164 154 149 149 153 162 171 176 178 179 181 180 180 180 179 173 169 166 162 157 152 153 156 155 156 156 156 157 159 158 158 155 154 156 157 155 153 152 149 148 151 155 157 157 153 148 144 144 144 145 145 150 158 156 158 166 168 164 163 164 164 165 168 170 172 172 170 169 170 170 169 173 170 166 168 169 166 166 166 166 169 172 169 164 160 154 154 158 162 165 169 170 168 166 162 152 145 143 138 134 133 138 147 153 155 158 164 168 174 178 177 173 167 163 157 153 149 141 132 133 135 135 134 138 141 142 143 140 136 136 136 142 148 153 159 165 169 171 173 177 181 182 183 185 188 190 192 192 187 185 185 184 183 183 188 187 186 184 182 181 179 179 179 176 175 174 174 179 182 182 182 181 180 180 179 175 171 170 175 183 189 193 189 185 182 178 173 172 169 165 148 72 16 12 11
229 168 164 165 168 170 167 165 171 178 180 179 176 172 169 169 173 178 182 185 187 188 189 192 194 190 187 187 186 184 182 181 177 177 180 181 185 192 197 191 187 185 181 177 175 172 174 180 180 180 180 181 182 182 182 182 183 181 181 179 174 165 155 148 150 157 164 172 174 176 178 179 178 178 180 179 172 168 165 162 156 151 151 155 156 157 157 157 159 161 161 160 156 156 158 159 158 155 153 150 150 150 152 153 152 150 149 148 149 151 153 153 157 164 165 167 174 173 166 167 165 162 164 167 168 168 168 171 168 168 166 164 166 167 168 170 169 167 167 167 168 171 173 169 166 164 160 158 159 164 167 168 168 167 165 161 155 152 149 143 139 141 145 150 154 156 161 166 169 173 176 175 170 164 157 153 150 148 140 130 131 133 136 136 136 137 137 138 135 133 131 133 139 146 153 158 163 166 168 173 174 177 179 181 183 185 188 191 192 188 187 186 184 182 182 187 188 187 183 180 180 177 177 176 173 172 172 174 178 181 181 181 182 183 182 178 173 170 171 175 181 185 188 186 183 180 176 172 173 169 160 122 45 13 13 11
228 164 157 157 164 171 167 161 166 173 176 178 175 171 168 168 169 172 176 180 184 189 193 194 192 188 186 187 186 185 182 181 176 173 173 176 184 194 200 199 189 186 183 177 175 173 175 181 180 178 178 180 180 178 177 178 180 181 181 179 177 169 161 157 159 163 167 169 172 175 177 178 177 176 179 179 174 169 165 161 157 153 153 153 155 158 159 161 165 168 169 169 167 166 167 169 168 164 159 154 154 155 154 153 151 150 154 156 157 158 160 165 171 177 174 172 173 170 165 164 163 161 161 162 162 162 165 169 170 169 165 164 165 168 170 171 169 166 165 165 168 172 174 170 167 165 164 162 161 164 167 170 169 168 167 164 159 157 153 146 146 154 156 155 156 158 163 168 170 173 175 173 167 160 154 149 147 147 141 130 129 133 135 135 134 132 132 133 129 126 127 131 139 148 156 162 164 163 165 169 170 173 177 179 181 183 185 187 188 185 186 185 185 185 185 186 186 185 182 179 178 175 174 173 170 168 170 174 177 180 180 180 180 182 181 178 174 170 171 176 181 184 186 185 183 180 175 172 171 166 146 88 25 16 14 11
228 161 153 153 162 174 170 162 162 167 171 175 174 170 168 168 169 172 176 179 184 188 191 191 188 186 186 187 187 186 182 181 176 173 171 171 177 186 193 196 191 188 181 173 175 174 177 182 181 177 176 178 178 177 175 175 176 180 182 180 178 172 166 163 163 166 170 172 174 175 177 177 174 174 179 179 175 170 165 161 158 157 156 155 157 159 160 164 169 172 174 175 175 176 177 179 179 174 165 158 159 160 157 155 152 150 157 163 163 165 171 176 183 187 183 178 173 169 164 163 163 163 162 160 158 158 163 168 170 168 164 162 166 170 171 171 167 164 162 163 168 171 174 172 168 165 164 163 163 164 167 171 171 169 168 165 161 160 155 151 154 163 162 159 159 160 164 169 170 172 173 172 167 158 152 146 146 149 146 134 130 132 135 135 133 126 124 128 127 126 128 131 138 148 158 164 165 163 163 165 168 171 176 176 178 182 183 183 183 182 183 184 185 186 185 184 182 181 181 179 175 173 172 172 168 166 168 173 175 177 180 180 180 182 182 179 176 172 173 178 182 185 185 186 184 181 178 175 173 162 124 62 21 22 18 12
226 159 149 151 160 172 173 164 160 163 167 170 171 172 171 173 175 177 179 181 182 184 187 187 186 184 183 184 185 184 183 181 179 177 176 174 174 179 184 186 184 183 178 175 176 175 178 181 180 178 178 179 178 177 175 175 173 176 176 176 177 174 169 167 167 171 177 179 178 180 180 177 173 173 177 177 175 171 168 165 162 160 159 159 162 161 163 167 170 172 172 172 170 172 175 177 176 172 165 160 162 164 161 158 156 157 161 164 165 167 172 177 182 182 179 174 172 170 165 163 165 165 165 162 158 157 160 166 169 169 167 166 168 171 172 170 165 164 164 164 165 170 172 172 171 169 166 168 168 169 171 174 172 169 165 162 161 161 159 160 163 168 167 163 163 164 167 169 169 172 173 172 167 160 153 151 150 153 150 139 133 132 136 135 130 120 117 121 129 133 135 138 142 147 155 159 159 160 161 164 168 172 173 173 174 179 179 178 179 179 180 181 184 185 184 181 179 178 178 178 174 173 172 172 170 168 169 173 175 176 178 180 179 179 180 179 177 176 177 179 181 184 186 187 187 185 182 178 177 156 96 41 25 26 21 13
226 153 147 152 156 164 168 163 160 163 166 168 169 171 173 176 180 180 183 186 184 185 187 189 187 185 185 183 183 183 182 181 180 180 180 180 179 178 180 179 177 177 177 179 179 178 179 180 179 179 180 180 179 177 177 176 173 171 170 171 172 173 174 175 173 173 176 178 178 181 184 179 176 178 180 178 178 177 173 167 164 164 162 161 164 166 167 169 169 169 168 167 163 163 165 167 166 163 161 159 160 163 161 159 159 160 160 159 159 161 164 167 170 170 167 163 166 166 165 165 166 168 168 164 160 159 161 167 170 171 169 168 168 171 173 171 166 166 166 166 165 169 170 172 173 171 170 172 173 173 173 175 173 168 164 160 159 160 164 169 172 172 172 167 165 166 166 166 166 168 171 170 168 164 158 153 151 153 148 139 133 133 138 134 126 117 113 115 128 136 137 140 143 145 148 151 153 158 162 167 170 173 171 171 172 173 173 172 173 177 178 179 181 182 182 178 177 175 175 174 174 173 174 174 174 173 174 175 176 177 179 181 179 178 180 179 178 178 179 181 183 186 188 188 189 188 185 178 175 142 68 24 23 25 21 15
224 148 148 152 154 161 167 166 164 166 170 171 172 173 177 180 184 185 187 190 189 190 191 192 190 188 188 186 186 186 185 184 184 184 184 185 184 181 180 179 177 177 179 181 181 181 180 180 176 178 181 180 179 177 177 175 173 171 171 172 172 172 176 180 178 176 177 179 182 184 190 186 180 182 184 181 179 181 177 169 166 168 167 165 168 170 170 169 170 169 168 168 167 164 164 163 162 161 161 162 162 163 163 162 161 161 160 157 157 158 160 163 166 167 165 164 167 167 164 165 168 169 169 167 164 164 167 169 172 171 169 168 169 172 174 173 170 169 170 170 169 171 172 173 174 173 173 173 173 174 174 177 175 171 166 163 163 166 172 176 178 177 174 170 169 168 167 167 166 168 168 168 169 166 162 156 152 153 150 142 136 137 140 137 129 125 120 120 128 137 139 143 147 147 148 149 155 162 167 171 174 175 172 171 172 173 172 171 172 176 179 180 181 181 181 179 176 174 173 173 175 174 173 174 176 177 178 179 180 180 181 180 179 179 181 180 179 179 181 185 188 188 190 190 191 189 185 178 168 118 44 14 17 20 20 13
