208 85 69 69 69 69 69 82 132 181 200 196 195 197 196 196 197 196 196 193 191 189 187 187 192 194 192 193 195 195 194 193 184 173 166 172 183 186 185 184 187 192 196 196 193 196 201 204 207 208 206 204 203 201 201 199 197 201 203 205 204 204 207 209 208 205 201 197 197 197 197 196 197 199 200 202 202 199 196 194 193 193 192 194 197 197 193 194 198 202 204 205 205 206 207 208 207 208 208 210 210 208 207 205 203 200 200 199 194 190 189 190 193 196 189 187 192 195 192 197 201 202 204 205 204 202 204 206 206 206 208 207 205 204 205 204 203 203 203 204 202 200 204 210 210 208 208 208 209 210 211 211 208 205 202 199 200 199 199 203 205 205 200 197 197 198 198 201 201 203 205 204 204 206 208 209 211 212 212 214 215 215 215 217 217 214 211 210 208 210 208 208 207 207 209 209 209 208 208 207 208 209 210 212 210 206 204 204 206 211 212 211 210 210 212 210 209 208 205 203 202 200 195 190 185 182 184 186 187 189 188 184 184 176 168 169 173 175 178 181 176 147 96 66 66 66 66 66 66 66 65 65 64 64 65 64
195 28 9 12 10 10 12 47 118 166 183 181 180 179 178 180 181 180 178 174 170 166 164 166 172 176 174 175 178 179 177 172 162 147 140 146 157 164 163 162 164 170 176 177 173 177 185 189 193 192 190 189 187 186 186 183 179 182 186 186 187 188 193 195 194 189 186 183 182 181 181 179 179 182 185 186 185 182 177 174 173 171 172 174 178 179 177 179 182 185 187 188 188 189 190 192 192 193 195 196 196 195 194 191 189 187 186 184 176 169 168 170 174 176 166 163 171 175 173 179 184 187 189 191 189 186 188 192 191 190 191 189 187 187 189 190 188 187 187 188 186 185 188 194 196 193 193 192 193 193 193 193 190 188 186 183 184 181 179 184 189 190 183 177 179 183 184 186 185 187 188 187 188 191 192 192 193 194 196 198 200 200 200 202 202 200 197 194 192 194 192 190 189 191 193 193 193 192 191 191 191 191 192 194 191 189 188 188 190 196 197 195 194 194 196 196 195 194 191 185 184 180 177 172 162 159 163 167 169 171 171 167 163 153 145 146 149 152 157 165 162 136 71 13 2 4 4 4 4 4 4 4 3 2 2 0
195 31 11 15 13 11 22 81 147 178 185 185 181 180 179 180 184 184 183 177 170 166 167 171 176 179 177 178 181 183 177 170 160 144 134 144 156 163 166 166 164 167 169 173 174 178 185 191 194 194 192 191 188 188 189 185 179 181 182 184 187 189 192 194 194 191 186 184 184 183 183 181 180 182 183 182 184 181 177 174 170 167 172 173 177 179 179 181 183 185 185 187 187 188 190 193 193 194 196 196 195 196 195 192 191 190 189 184 174 169 168 170 172 170 163 159 168 177 175 178 182 185 187 189 188 187 190 192 191 191 189 186 183 185 187 190 188 186 187 189 186 186 190 195 195 194 195 194 192 191 191 190 189 191 188 184 184 182 179 179 184 188 184 178 181 185 186 186 186 187 188 187 188 190 191 191 191 193 195 199 200 199 198 200 200 199 198 195 193 194 191 189 190 192 194 194 194 194 194 193 192 191 191 192 190 188 189 190 192 195 196 196 196 197 198 198 199 197 192 187 186 184 182 179 165 156 161 170 173 173 175 172 164 156 154 158 157 157 166 176 175 165 116 39 6 6 6 6 6 8 6 6 5 4 3 4
196 31 12 14 12 14 47 115 161 178 180 179 178 177 175 179 184 187 185 179 171 166 167 172 180 183 180 178 181 182 178 171 159 141 129 142 157 162 166 165 160 161 159 161 170 180 188 192 193 195 194 192 189 189 187 184 178 178 180 184 186 188 190 193 193 190 186 183 182 182 184 184 182 182 183 183 182 178 177 173 166 166 169 172 175 178 179 181 182 184 185 185 184 184 188 192 194 195 196 194 195 196 195 192 191 190 189 184 174 171 170 170 170 166 162 161 166 173 175 178 183 185 185 186 188 190 191 191 190 191 190 186 184 184 184 186 186 186 187 189 185 184 189 193 191 192 194 195 194 191 190 192 193 195 191 188 188 187 183 178 179 183 184 182 184 187 186 186 187 188 187 185 187 189 190 191 193 195 197 199 200 198 196 197 199 200 198 195 193 194 192 192 192 193 194 195 195 196 196 195 194 193 193 194 194 191 191 191 190 192 193 195 197 199 200 199 199 196 193 191 190 189 188 184 171 164 169 174 177 178 180 177 170 164 164 168 165 168 179 184 182 177 148 73 16 5 7 8 7 6 7 7 6 6 4 4
196 31 12 14 13 25 81 144 165 170 170 168 169 173 175 177 184 187 184 181 176 170 167 172 183 187 181 176 179 181 179 173 160 141 128 142 161 167 166 162 155 155 155 157 166 178 187 192 194 195 193 191 192 188 184 182 177 177 181 185 186 184 184 188 191 191 188 184 179 178 184 186 185 184 185 183 181 178 177 171 163 163 168 172 174 177 180 180 182 184 185 184 181 179 187 193 195 197 197 196 196 196 195 194 192 192 189 184 177 172 172 173 173 169 165 166 169 172 177 181 184 185 185 185 187 190 190 190 189 191 192 189 186 185 184 184 185 186 187 188 184 183 189 192 190 191 192 193 193 190 189 191 194 194 190 190 192 191 188 183 181 183 184 186 187 188 188 188 190 190 188 187 188 190 191 192 193 196 196 196 198 195 193 195 197 199 198 195 193 194 192 192 192 193 194 195 193 195 195 194 196 194 192 192 192 190 188 186 185 188 191 192 195 197 197 194 192 191 192 192 190 189 188 186 179 177 182 183 181 182 183 182 177 172 171 170 165 175 187 186 182 172 154 105 38 7 6 6 8 6 8 7 6 6 4 4
196 31 11 14 15 44 113 159 168 167 165 161 163 167 174 179 183 186 182 179 179 177 174 177 184 186 178 175 178 180 178 173 162 143 129 143 162 173 169 161 151 148 152 158 165 172 180 186 188 191 191 190 190 187 183 180 178 179 182 185 183 179 178 182 187 190 190 186 180 178 182 184 186 185 182 180 179 177 173 168 160 159 165 169 173 177 180 181 182 184 183 182 178 177 185 191 194 195 195 195 195 194 194 194 192 191 188 184 179 174 174 178 179 176 172 171 173 175 179 182 180 180 180 181 185 187 188 189 188 190 192 190 188 186 185 184 184 185 186 187 183 178 186 192 189 189 192 193 192 190 190 191 194 194 193 192 191 191 189 185 187 190 187 187 188 188 188 189 190 191 190 189 190 190 189 191 194 193 193 194 196 195 193 195 197 199 198 195 193 195 194 192 192 194 196 194 194 197 198 197 197 194 190 189 188 189 188 184 184 189 192 192 192 194 196 195 193 192 192 192 189 188 188 188 183 183 187 187 184 183 183 183 180 176 174 171 169 178 188 187 177 168 159 136 71 18 5 4 8 7 7 7 6 6 4 4
195 30 11 13 26 76 135 159 166 165 160 155 155 156 166 176 182 185 183 182 183 185 186 186 188 188 179 174 176 178 179 175 166 149 135 145 162 176 173 164 148 140 146 159 166 170 178 183 184 186 189 188 187 187 184 180 177 183 184 184 183 180 178 180 185 189 192 192 187 183 183 185 187 184 180 178 178 177 171 166 159 160 166 167 173 178 182 183 183 183 181 179 178 179 184 190 193 194 193 193 195 193 193 194 193 190 187 184 182 179 179 182 184 182 179 176 177 178 181 181 178 178 177 178 182 184 187 190 190 192 194 192 190 188 187 187 186 186 187 189 184 179 184 190 190 190 193 192 191 191 191 192 194 195 196 194 192 192 189 188 193 197 193 190 189 190 190 188 189 191 192 191 189 189 190 193 195 194 192 195 196 197 196 197 199 200 197 194 194 196 197 194 194 195 197 195 195 200 201 199 195 192 189 187 186 187 189 184 184 188 191 190 189 190 194 197 196 195 192 188 185 186 187 187 186 185 188 187 186 186 186 186 185 182 179 177 177 179 183 186 178 170 166 162 118 48 9 6 8 7 7 7 7 6 5 4
194 30 11 15 43 99 140 153 160 161 155 148 148 150 160 171 180 185 186 187 186 188 190 191 192 189 181 175 176 177 178 177 168 152 141 148 162 173 171 162 145 137 146 161 170 176 183 185 185 185 186 186 186 186 184 178 174 180 184 183 183 183 182 182 186 190 192 194 193 188 185 186 186 182 181 179 176 174 172 166 158 163 167 167 172 180 182 184 183 182 178 176 177 179 184 187 190 191 191 191 193 192 191 192 190 189 187 185 183 182 183 185 184 183 182 179 180 183 183 180 178 178 177 177 180 181 185 189 189 190 192 190 189 190 190 188 187 186 186 187 185 182 183 188 192 192 193 192 191 191 192 192 194 195 196 194 193 192 190 188 193 199 194 193 192 191 191 189 188 190 190 190 189 189 191 193 194 194 195 196 197 197 198 199 200 199 197 194 194 196 198 197 194 195 196 195 193 197 198 194 194 192 188 186 184 186 190 188 186 190 191 190 188 188 192 195 195 195 191 187 184 184 186 186 186 185 184 185 185 188 189 190 190 188 186 185 184 181 180 184 182 177 174 173 151 80 18 4 7 8 6 6 6 7 5 4
195 32 12 21 69 117 140 153 159 157 151 145 145 153 162 168 176 183 187 187 185 185 188 190 193 192 185 179 179 178 179 179 170 156 144 150 163 170 167 155 145 144 156 168 173 177 183 187 186 185 185 186 185 185 185 177 172 177 182 184 184 185 183 183 187 190 192 194 194 191 188 187 186 181 180 178 175 174 171 167 161 164 169 167 170 176 180 182 184 182 177 173 174 178 183 185 187 188 188 191 193 192 190 188 188 187 186 184 184 184 185 186 185 185 183 181 182 185 182 180 179 177 177 177 177 177 181 185 185 188 191 191 191 191 190 186 187 186 186 186 186 187 188 190 193 193 192 193 192 192 193 194 193 195 196 194 194 193 189 188 194 197 192 191 192 191 192 192 194 193 190 189 189 190 191 193 195 195 195 196 197 197 199 200 200 198 197 195 194 196 200 199 196 196 195 193 192 193 193 192 194 192 189 186 182 183 189 193 192 192 191 190 190 189 190 191 193 193 191 190 187 186 186 187 187 184 182 185 187 189 190 191 193 194 192 191 189 184 180 182 182 183 182 180 169 115 38 7 8 8 6 6 6 7 5 4
196 32 14 39 105 139 150 158 158 156 154 147 144 155 165 167 174 181 185 185 184 183 186 188 193 195 188 184 183 182 184 185 176 159 146 151 162 171 169 158 152 159 167 173 176 178 179 182 184 186 186 187 187 185 185 181 173 176 182 185 185 184 184 185 185 187 190 193 194 192 190 188 185 180 175 173 173 174 170 167 163 167 169 170 170 172 178 182 185 183 177 173 174 177 179 182 183 184 187 192 194 193 188 185 187 186 185 184 185 186 187 187 188 188 187 185 186 186 182 177 179 179 179 178 176 174 177 181 183 186 191 192 193 193 190 186 187 187 186 186 185 188 191 192 193 193 193 193 193 193 193 193 193 194 194 193 193 193 189 190 195 197 192 191 192 192 192 194 198 197 192 188 186 188 190 191 192 190 191 193 195 195 199 201 199 198 197 196 195 197 201 201 199 197 195 192 192 192 190 191 192 192 190 189 183 183 189 196 198 193 190 191 192 190 190 191 192 193 192 192 191 188 186 187 188 184 183 186 190 190 189 192 195 197 195 193 190 186 184 184 182 184 185 184 178 152 74 17 8 8 6 6 6 7 5 4
197 32 22 69 136 153 160 160 155 155 160 153 146 156 168 173 176 180 183 184 183 183 184 185 191 194 188 185 183 182 184 184 178 162 147 150 161 172 173 164 159 166 172 175 176 176 176 174 180 186 187 186 187 184 183 182 179 178 183 186 184 182 182 183 183 183 187 191 192 190 189 189 184 178 168 167 170 175 172 165 162 168 169 172 174 173 176 180 185 184 179 177 177 175 175 179 181 182 185 190 192 192 187 185 186 185 184 182 183 185 187 186 188 190 190 188 189 186 181 175 177 181 181 180 177 174 176 179 181 187 191 190 191 192 191 187 186 185 184 184 183 185 190 190 191 192 193 192 192 192 191 191 191 193 192 191 190 191 190 192 196 196 192 191 191 190 190 190 195 197 191 189 186 187 188 187 187 186 188 190 192 194 197 199 197 196 196 195 196 198 199 200 200 198 196 193 191 190 189 189 191 190 192 193 188 185 189 196 198 195 191 191 191 191 192 195 195 193 192 192 194 190 186 188 189 188 186 188 190 188 187 193 197 197 195 192 188 186 186 187 188 188 191 186 181 172 114 36 10 7 7 6 6 7 6 5
197 36 39 106 149 151 156 159 154 153 158 153 149 164 175 179 181 183 184 184 184 184 184 185 188 190 189 187 182 182 182 180 177 167 151 149 160 172 176 168 161 165 171 175 173 169 170 169 177 183 186 186 188 185 183 184 183 181 183 185 184 181 180 182 181 181 184 186 188 190 189 190 184 174 160 160 168 174 172 165 160 165 167 174 179 177 176 179 182 184 184 182 180 176 173 177 182 184 185 186 187 188 188 187 187 187 184 180 179 182 183 185 188 189 190 192 192 188 184 179 180 184 185 184 180 176 177 179 180 186 191 189 188 188 188 187 187 185 184 183 182 182 187 186 189 192 193 192 190 189 188 188 188 190 190 189 188 191 194 198 197 195 194 194 191 188 188 188 191 192 190 192 190 187 186 188 187 186 187 189 191 193 193 194 194 194 194 194 195 196 196 197 196 197 198 195 190 189 190 190 191 190 192 194 189 188 191 196 198 195 192 193 193 193 195 197 197 193 193 195 196 193 191 191 192 192 190 190 189 188 189 196 200 198 193 191 188 185 187 192 193 195 196 189 184 182 151 66 16 8 8 6 6 8 6 5
196 44 67 137 153 147 148 157 156 153 153 150 153 170 179 181 184 186 185 184 183 182 182 185 189 190 189 186 182 182 182 180 177 168 153 149 158 170 176 169 159 164 168 173 171 161 161 165 175 183 186 189 189 187 186 186 184 182 183 184 184 180 180 182 181 180 183 181 183 189 189 189 184 176 160 159 168 173 170 166 164 162 165 174 180 177 176 178 182 184 185 183 178 176 175 177 184 187 187 186 187 187 184 186 188 190 186 181 178 181 182 183 186 189 190 194 193 189 186 184 186 187 189 188 184 178 177 178 179 186 190 188 187 187 188 189 187 185 185 183 183 184 186 185 188 191 193 191 189 189 188 186 188 189 190 189 188 190 196 200 197 194 193 193 191 188 188 188 188 189 190 193 192 190 188 187 187 185 185 185 188 189 190 192 192 192 193 194 195 195 195 196 196 197 199 195 190 188 190 191 192 191 192 194 190 191 193 197 199 197 193 192 194 196 198 199 197 196 197 199 199 195 195 193 193 193 192 190 189 189 192 198 200 197 191 190 187 187 189 192 195 198 197 190 185 189 177 105 34 7 8 6 6 6 6 5
197 61 98 151 156 153 156 160 156 152 151 152 161 175 181 183 184 185 184 185 184 182 184 186 189 189 186 183 183 183 180 179 176 168 155 148 155 165 172 167 157 164 169 173 171 161 155 161 175 186 190 191 188 186 189 189 186 181 180 178 181 180 179 180 181 181 181 176 180 188 191 189 186 181 169 164 169 172 168 167 167 162 165 176 182 180 176 176 180 185 186 182 175 173 175 178 182 185 184 188 191 188 180 181 187 193 190 183 179 181 181 180 183 187 191 195 196 192 189 187 189 189 190 189 186 181 178 178 181 186 189 187 185 186 187 187 185 185 185 186 187 187 186 185 187 190 193 190 190 189 188 183 185 189 190 190 188 190 193 193 195 196 193 190 189 189 188 187 187 188 190 191 193 192 190 187 186 184 182 182 185 185 187 193 194 192 192 192 193 194 196 195 196 197 200 198 191 188 190 191 192 193 193 193 192 193 195 196 200 199 196 195 195 198 198 201 199 199 200 202 201 197 196 195 196 196 196 195 193 191 194 194 193 192 188 188 187 191 195 195 198 198 196 191 188 192 188 144 66 14 7 7 7 7 8 7
202 85 123 155 161 162 164 163 159 153 151 157 168 178 183 185 184 182 182 186 186 185 187 187 187 186 184 184 184 182 181 180 178 170 157 149 152 161 165 160 157 167 172 175 176 169 160 161 177 190 194 192 189 188 191 191 188 183 179 172 174 179 180 179 180 182 183 181 184 189 193 191 188 184 176 172 172 170 166 165 166 163 166 177 183 182 179 177 181 185 184 182 174 171 173 176 177 177 178 184 190 186 178 178 185 193 193 188 183 183 178 177 179 184 189 194 198 195 192 190 190 189 189 187 184 183 180 178 180 184 188 186 185 186 185 184 183 185 186 188 190 190 189 187 187 190 191 191 191 190 187 181 181 186 189 189 188 188 188 188 191 195 194 189 188 188 186 185 186 188 190 190 192 192 191 187 184 183 180 180 183 183 186 195 196 194 192 192 193 196 199 197 195 196 201 197 192 190 191 191 192 192 193 193 194 195 196 197 198 197 196 194 194 196 198 199 200 200 199 198 199 199 198 196 197 198 197 197 195 193 192 190 189 191 190 189 188 192 196 199 200 201 198 195 192 195 196 174 105 30 6 8 6 6 6 6
211 117 138 157 164 166 166 166 164 157 152 158 166 176 184 187 185 181 181 185 187 187 187 185 184 184 184 185 180 179 184 185 183 176 164 153 151 156 158 152 158 168 172 177 180 179 172 167 178 190 193 195 192 190 191 190 187 183 179 171 172 177 179 181 181 183 185 187 189 192 195 194 191 186 179 177 176 172 166 164 166 165 167 176 180 182 181 180 183 185 183 181 173 168 170 171 170 169 170 175 181 180 174 174 182 191 195 192 187 187 182 176 177 182 188 194 198 197 194 191 190 191 190 186 183 182 180 178 178 182 186 186 185 186 186 185 184 184 186 188 190 190 189 188 187 188 189 190 191 190 187 182 179 182 187 189 189 186 186 188 187 190 190 190 190 189 186 184 184 187 189 190 192 194 192 190 187 185 180 179 181 182 186 192 194 193 192 191 192 195 200 197 196 196 197 195 191 190 190 191 192 193 194 195 197 198 197 197 198 197 198 194 189 190 194 197 198 198 195 194 196 200 200 198 197 196 193 193 192 193 194 191 190 192 191 190 188 188 192 197 204 205 201 194 190 197 201 193 147 57 8 6 7 5 4 4
221 146 151 158 164 169 167 167 167 160 153 153 156 168 181 186 186 181 181 184 184 184 185 183 182 182 182 184 180 180 184 188 188 183 171 156 150 152 152 151 162 168 172 178 182 183 180 176 180 187 189 196 195 191 190 189 185 181 179 174 174 177 178 180 182 184 186 188 191 191 194 193 191 187 181 180 180 177 169 163 168 171 172 177 179 181 182 182 184 185 182 180 173 168 170 168 162 161 162 162 168 170 169 172 177 187 192 191 187 188 184 176 175 179 187 194 198 198 194 190 190 191 190 186 183 182 179 178 180 180 184 184 184 185 185 185 184 184 185 187 188 188 189 188 187 187 188 190 191 190 187 185 182 183 186 187 189 188 185 186 186 187 187 189 190 189 185 183 183 185 188 189 190 192 193 191 190 186 180 177 179 184 187 190 193 194 194 191 190 193 198 196 196 195 194 191 189 189 189 190 192 194 194 195 198 199 196 196 196 196 195 194 190 191 193 195 196 194 193 195 197 199 199 198 196 195 194 192 191 192 193 192 190 190 187 187 187 187 189 194 200 201 199 194 193 195 203 204 179 95 20 6 7 5 4 3
224 161 161 167 170 174 172 170 167 158 151 151 150 160 177 185 188 184 182 183 182 181 182 182 181 181 181 182 181 182 186 189 188 185 175 159 149 147 147 151 162 168 170 177 182 180 181 180 181 183 186 193 196 192 189 186 183 179 179 175 174 177 178 181 183 184 186 188 191 191 192 191 191 188 183 181 181 181 174 168 173 180 180 180 179 181 184 185 184 183 181 180 176 172 172 168 161 159 157 153 154 156 161 168 174 184 187 184 181 181 176 170 172 176 182 191 196 197 192 189 191 190 189 187 186 183 178 178 182 181 182 183 185 185 185 184 182 180 179 182 184 186 189 189 187 188 190 191 193 192 190 187 185 186 187 187 188 189 186 184 186 186 186 189 190 188 185 184 184 185 187 188 189 193 193 192 191 188 182 177 179 186 188 189 192 194 195 194 192 193 194 194 195 195 193 190 189 189 189 190 191 192 192 193 197 197 194 194 194 195 195 195 194 194 194 198 197 194 193 196 198 196 198 199 196 194 195 193 191 190 190 190 189 190 185 184 186 188 188 191 194 196 194 197 199 200 208 207 193 127 39 6 5 6 3 3
228 170 167 173 177 179 175 171 165 156 152 155 157 166 178 184 187 184 181 182 182 182 183 183 182 181 181 180 179 184 188 189 186 182 176 162 150 141 142 147 157 165 167 175 179 177 179 181 177 174 179 190 194 190 188 186 182 180 177 171 170 174 179 184 184 184 186 189 193 194 191 190 190 187 183 181 183 184 178 174 176 181 182 182 181 183 186 186 185 182 180 180 178 176 176 171 165 162 156 146 140 142 151 163 171 179 180 177 175 172 166 166 170 175 178 186 192 192 189 187 190 189 189 188 186 182 177 179 182 183 181 183 186 186 185 185 183 178 175 178 181 184 189 190 188 188 190 192 193 192 191 187 185 186 186 185 187 187 185 183 184 184 184 187 189 188 187 188 187 186 187 188 189 193 193 192 192 190 185 180 181 186 188 189 190 190 191 193 192 191 190 190 193 194 194 192 189 187 188 188 188 190 192 192 195 195 194 195 195 197 198 198 197 195 195 197 198 196 195 195 197 195 196 198 197 195 194 192 191 190 188 187 190 191 185 181 183 187 188 191 192 193 191 198 204 205 207 204 199 156 68 14 5 5 4 3
230 174 172 178 184 184 179 174 167 158 158 165 172 179 183 182 183 183 182 183 184 184 186 186 185 182 181 178 179 185 189 186 182 177 174 164 151 139 137 139 150 162 166 171 177 175 176 181 176 164 172 187 190 187 186 187 186 182 177 170 168 170 179 187 187 185 187 190 195 196 192 189 187 185 184 183 183 182 178 176 174 175 178 180 181 182 185 186 184 181 178 178 179 177 177 174 170 167 159 146 139 138 145 157 167 173 174 175 175 169 168 173 175 175 177 182 187 188 188 188 189 189 188 188 185 180 179 180 182 180 179 182 185 187 187 188 187 182 177 178 180 183 188 189 188 187 189 191 190 190 191 187 185 185 184 184 186 185 183 182 182 183 183 185 188 188 188 188 187 186 186 187 189 193 193 193 193 193 189 184 183 185 187 188 186 187 188 189 190 189 189 189 191 194 195 193 190 189 189 189 189 191 193 190 188 189 192 194 195 198 198 198 197 197 198 200 201 197 194 194 196 195 193 194 196 195 192 191 190 189 186 183 189 192 187 180 181 187 187 189 191 191 190 197 201 203 201 198 196 178 110 38 7 6 4 3
232 176 174 181 187 187 184 180 173 165 166 174 181 185 185 182 183 184 184 185 185 186 187 187 185 184 183 179 180 186 188 185 179 176 173 166 154 141 134 134 148 162 165 169 176 175 173 178 176 165 173 187 188 185 185 186 186 184 181 177 172 170 179 187 189 187 187 190 194 196 192 190 186 182 183 184 182 180 175 172 170 171 173 177 181 183 184 185 183 179 176 175 177 177 176 174 173 171 162 145 140 142 147 155 162 167 171 176 177 176 178 182 178 175 177 182 184 187 190 192 190 188 187 186 183 179 178 180 181 180 179 180 184 187 188 188 187 183 179 178 179 182 188 188 189 187 189 188 187 188 190 187 185 184 184 184 186 185 183 182 182 182 182 185 188 188 188 188 185 185 185 186 189 192 192 192 193 192 189 187 187 184 185 186 184 186 188 188 189 189 188 189 189 190 191 190 188 187 188 190 191 193 193 188 183 186 191 193 196 198 198 198 197 197 199 199 199 196 194 194 196 195 193 193 194 195 193 190 187 187 186 183 187 189 188 184 184 186 187 188 191 190 190 197 200 200 196 192 190 182 139 63 9 4 3 3
232 179 178 184 189 190 189 185 178 171 173 181 186 190 188 185 184 183 185 188 188 187 188 185 183 183 183 182 180 183 185 182 177 175 172 169 163 147 138 139 152 164 169 172 176 177 175 176 174 172 181 185 186 184 183 184 184 186 185 184 180 178 182 188 192 191 189 191 193 193 192 190 187 181 181 182 180 175 167 163 163 166 169 174 179 183 184 185 183 178 173 172 173 176 175 175 174 172 159 144 142 148 155 161 164 168 172 178 180 182 185 186 181 178 179 181 184 186 188 191 190 186 185 183 181 176 174 177 181 180 179 180 184 187 187 186 183 182 179 179 179 181 187 188 190 189 188 185 184 187 188 187 184 183 183 183 185 185 184 182 180 179 180 183 188 188 189 188 185 185 185 186 189 191 190 190 191 192 190 188 188 186 184 183 183 186 189 188 186 188 189 189 189 188 187 186 186 186 188 191 192 193 192 188 186 188 193 192 197 198 197 198 197 197 197 195 196 195 195 197 197 195 196 195 194 193 193 190 187 187 186 183 184 186 189 187 186 187 186 188 188 189 192 198 201 198 193 189 184 177 156 94 23 3 4 3
232 181 178 183 189 191 191 187 181 176 173 181 185 187 188 189 187 185 186 189 188 186 186 186 184 184 183 184 181 178 177 176 175 174 169 170 170 158 149 150 160 169 176 179 178 182 180 177 173 177 183 183 184 185 185 183 184 186 186 188 188 186 188 191 192 192 192 190 191 191 190 191 189 184 182 181 178 171 162 157 154 160 165 171 175 179 182 181 181 178 174 173 173 172 172 173 171 166 155 142 144 155 165 169 171 173 176 179 183 185 187 185 184 183 183 183 184 183 184 189 190 187 186 182 178 176 174 178 180 180 180 181 183 185 187 186 182 177 176 177 178 181 185 186 187 189 190 184 183 184 185 188 187 185 184 184 185 187 186 183 179 174 174 181 186 187 188 189 187 186 187 187 187 189 189 189 192 192 191 190 189 187 186 186 187 188 188 188 186 187 188 190 191 189 188 187 189 190 190 189 188 188 190 189 189 192 193 193 195 197 197 197 196 195 196 194 191 193 197 197 197 196 197 197 196 193 192 192 190 189 186 184 183 184 187 186 185 188 190 190 188 190 194 199 199 194 190 188 185 178 168 126 44 4 4 2
232 181 177 181 187 190 190 188 184 178 173 177 182 182 186 190 190 187 187 190 189 185 185 185 184 182 182 183 182 176 172 173 172 171 165 166 168 163 159 161 166 172 178 182 182 183 180 179 177 179 183 183 183 188 190 187 184 186 188 189 189 190 192 190 190 191 191 190 190 188 190 192 190 185 182 182 179 172 164 159 152 155 161 167 171 174 178 179 180 180 175 173 170 166 168 169 163 157 151 143 146 160 170 174 175 176 175 179 184 187 188 185 183 183 183 183 183 183 184 188 191 189 187 183 180 177 178 179 180 180 178 180 182 185 186 186 180 175 175 178 180 182 183 183 183 188 190 187 186 187 188 189 190 189 188 187 187 187 185 182 179 173 170 177 183 185 186 187 186 186 187 186 187 189 190 190 190 192 191 191 190 188 188 189 189 189 190 188 185 186 188 189 190 189 187 187 190 193 191 186 184 186 189 189 190 192 192 191 193 197 197 197 196 195 197 193 192 194 198 197 196 196 198 200 199 196 192 190 190 189 187 184 185 184 185 185 185 188 191 191 188 191 195 198 196 192 189 189 189 183 175 151 72 11 4 2
234 183 177 181 186 190 190 187 185 180 175 177 183 182 186 191 190 186 186 189 188 185 184 184 182 181 181 182 182 174 165 167 168 168 165 165 167 167 169 173 174 178 182 183 182 183 180 181 182 183 184 185 184 187 191 189 184 186 190 190 190 191 193 190 190 190 188 189 190 189 190 192 191 185 182 182 181 175 168 163 155 152 157 163 169 172 176 178 179 180 175 171 165 160 162 162 155 153 151 149 153 163 171 175 176 175 175 179 184 187 187 185 183 183 184 185 185 184 184 187 188 190 190 189 185 181 181 179 178 179 177 178 181 184 186 187 182 177 177 180 181 183 183 181 183 188 190 188 187 188 189 190 191 190 187 188 189 188 183 180 178 173 169 172 180 184 186 186 185 186 186 185 187 189 191 190 189 191 191 191 191 190 190 191 189 189 191 189 185 185 188 189 190 189 187 187 189 191 189 185 184 186 189 191 193 194 192 191 193 194 195 194 192 191 193 192 193 196 198 197 196 197 200 201 200 198 195 193 192 190 188 186 189 188 186 185 186 188 190 190 190 191 194 198 196 191 191 194 194 191 186 176 109 30 5 2
235 187 180 182 187 191 191 187 185 181 180 183 188 189 190 190 188 184 184 187 186 185 185 182 181 181 180 182 181 174 162 161 163 164 164 167 173 173 176 180 182 186 188 186 183 184 183 184 185 186 187 188 187 187 188 187 184 187 191 191 192 194 194 193 192 187 183 184 187 190 192 193 192 188 183 183 183 179 173 168 161 153 155 160 165 169 173 178 178 178 173 166 160 156 158 155 148 149 153 158 162 164 167 169 170 172 177 181 183 186 186 187 186 186 187 189 187 185 183 182 182 185 188 192 191 187 182 178 176 176 177 178 181 184 186 186 184 180 180 182 184 183 183 180 180 186 188 187 185 187 189 188 189 187 184 184 187 186 180 179 179 177 173 174 180 184 185 183 183 184 186 185 185 187 190 190 189 189 191 191 189 191 191 192 192 192 194 192 187 186 188 189 189 189 190 188 188 187 186 185 186 187 189 191 191 194 195 194 193 193 193 191 189 188 189 191 194 195 196 198 198 198 198 198 197 198 199 200 196 192 191 189 189 186 186 188 190 191 189 189 191 192 193 198 197 194 193 197 201 200 194 191 146 57 11 3
235 187 180 181 186 190 190 186 183 180 184 188 193 193 194 191 187 185 184 185 184 183 184 183 181 180 178 180 179 173 163 160 162 163 164 172 182 180 180 184 187 190 191 189 187 186 185 186 187 190 191 189 189 189 188 186 184 186 190 193 195 194 195 194 192 186 182 180 180 187 193 193 192 189 185 183 183 181 175 171 165 155 155 158 161 165 171 176 176 175 171 164 160 157 157 154 147 152 159 166 167 163 163 164 162 168 178 181 182 184 187 188 187 187 189 190 187 184 180 177 178 180 183 189 192 190 184 179 176 174 176 177 180 185 186 184 182 180 181 182 183 184 183 178 177 181 182 183 183 184 185 188 190 186 182 181 183 184 179 178 179 178 177 176 179 182 182 180 180 183 185 184 185 187 188 188 188 189 190 190 189 190 190 191 194 195 195 193 189 188 189 190 190 190 190 190 189 188 187 186 186 187 189 190 190 193 195 193 193 195 193 191 190 191 191 192 193 193 194 198 200 200 198 196 196 196 198 200 198 194 192 189 184 179 180 188 191 193 191 190 191 193 195 197 193 193 196 201 203 201 195 192 165 84 22 3
234 188 180 182 184 190 194 191 185 183 185 189 192 194 192 191 189 186 184 182 181 181 182 181 178 176 175 177 177 173 167 165 168 169 170 178 187 187 186 188 195 198 195 190 189 190 190 190 191 193 194 192 193 191 189 187 186 187 189 191 195 197 196 194 192 188 182 173 177 188 193 193 193 190 185 184 184 179 174 171 165 160 156 156 161 165 167 172 175 173 169 164 159 158 158 158 157 163 169 171 171 166 163 163 164 169 176 182 183 185 190 190 188 189 190 190 186 182 177 175 176 180 183 187 189 190 187 185 180 177 178 179 181 183 181 178 179 182 183 182 184 184 181 179 179 182 179 178 179 178 181 189 190 187 184 181 183 183 179 178 180 179 178 176 175 175 174 176 177 179 183 183 186 189 190 190 190 189 188 188 187 188 189 190 193 196 194 193 193 193 191 191 193 191 190 191 191 190 189 188 187 188 187 186 188 192 191 190 192 193 193 195 195 193 194 194 196 195 194 197 200 197 196 196 197 197 196 194 193 191 191 184 175 173 181 188 191 193 194 195 197 198 198 196 194 195 202 204 200 195 191 190 177 119 44 6
234 188 182 185 185 191 195 193 187 183 183 185 190 193 191 192 191 188 187 183 180 178 179 179 177 175 175 175 177 175 171 172 174 175 175 179 183 186 188 190 198 200 195 189 188 190 191 190 191 194 194 192 191 191 189 187 186 186 188 191 194 196 196 194 192 189 182 173 179 189 194 194 192 190 186 185 185 182 178 174 165 160 155 155 163 166 166 170 172 173 169 166 161 158 160 162 166 171 173 174 173 168 166 165 168 174 179 183 184 186 190 191 190 190 191 191 187 181 176 175 177 181 184 187 189 190 188 187 181 178 179 180 182 183 178 174 178 182 183 183 183 184 181 177 177 181 179 175 175 175 180 190 191 188 186 186 185 183 181 179 180 179 179 177 174 171 169 173 175 178 183 184 187 190 191 192 191 190 189 188 186 186 188 189 191 193 194 194 195 194 193 193 194 192 190 191 192 191 190 189 186 186 186 186 187 190 187 185 188 191 193 195 193 192 194 197 197 194 194 197 195 193 194 195 196 196 196 194 192 191 191 184 177 178 185 188 190 193 196 201 204 202 198 196 195 197 202 203 199 195 192 190 182 148 75 13
234 189 183 187 188 193 196 194 189 183 180 180 185 190 192 195 194 191 189 184 179 176 178 180 176 175 174 175 178 176 175 175 175 176 178 183 183 185 189 190 197 198 193 188 188 189 189 189 191 194 194 192 191 191 190 188 186 184 185 188 193 195 196 195 193 188 182 178 183 189 191 192 192 190 186 184 184 183 181 178 168 161 156 157 164 167 165 167 171 172 171 169 164 160 161 167 172 177 176 176 175 173 171 171 175 181 184 184 185 189 190 191 190 190 191 191 188 181 177 178 178 180 182 185 188 190 190 188 183 178 179 180 182 182 177 174 178 181 182 182 182 184 181 177 176 178 176 172 172 173 178 189 192 188 187 187 186 183 182 179 177 179 181 178 173 170 171 174 176 179 183 184 187 190 193 194 191 190 190 188 185 185 187 188 188 191 194 196 196 196 194 193 195 194 192 192 192 191 190 189 187 186 185 185 188 189 186 184 187 189 192 192 190 190 194 197 197 194 192 194 191 192 193 195 196 196 196 195 193 192 192 186 183 185 189 189 190 195 197 200 203 200 196 195 194 196 198 203 201 196 192 189 183 164 104 26
236 191 185 188 188 192 195 193 189 185 179 178 182 187 191 194 195 194 190 185 180 177 179 181 178 176 175 174 176 175 175 174 174 176 179 183 185 185 188 188 192 194 189 185 188 188 189 191 193 195 196 194 195 193 192 190 187 183 183 186 190 191 192 193 192 188 184 185 188 191 190 190 190 187 182 179 179 179 180 179 171 162 158 159 163 163 163 166 171 172 171 170 168 166 166 170 176 181 180 179 179 178 177 178 182 183 183 183 187 191 190 189 188 189 189 190 187 182 180 179 179 179 181 185 187 189 189 188 182 176 177 179 181 179 178 177 180 182 183 183 182 183 183 178 176 178 175 171 170 171 176 185 189 185 184 184 184 182 181 178 177 178 178 177 172 170 175 177 178 181 184 184 185 188 191 193 193 192 192 189 186 186 187 187 187 190 193 195 195 194 191 191 194 196 195 195 194 191 189 188 189 187 185 186 190 190 187 186 188 190 190 189 189 190 192 193 194 193 192 191 191 193 193 195 196 197 199 198 196 195 195 190 188 187 188 186 190 197 196 196 197 196 193 193 192 192 196 201 201 195 188 184 178 168 128 44
236 192 187 188 188 189 191 191 190 186 180 178 180 183 185 190 195 194 190 185 181 180 181 182 181 179 175 172 171 172 173 174 176 178 180 183 185 185 186 186 188 191 188 184 187 188 191 194 194 196 198 198 198 196 193 191 188 185 183 185 186 185 187 189 189 188 186 188 192 192 190 189 187 182 175 172 173 175 177 176 168 160 158 160 160 159 161 166 171 173 171 171 172 172 171 173 178 184 184 183 182 181 181 183 184 182 180 182 188 190 189 188 185 186 188 189 187 185 182 179 178 179 181 185 187 188 188 186 181 176 177 180 181 177 177 180 182 182 183 183 182 183 183 180 177 178 176 171 169 167 170 177 178 176 178 181 183 182 181 179 179 178 178 177 173 172 176 177 177 181 184 185 184 185 187 191 195 194 192 189 188 188 188 188 188 190 193 194 191 190 190 191 194 196 195 195 193 191 189 188 188 187 186 187 188 188 185 186 188 190 190 189 189 190 191 190 191 192 192 193 192 193 193 194 196 197 198 198 196 193 194 192 191 188 188 186 190 196 194 193 196 195 191 191 192 192 196 199 197 191 186 181 176 166 146 68
235 193 188 188 188 189 191 190 190 186 181 179 182 181 181 186 191 192 189 184 180 181 182 183 182 180 177 172 168 171 173 174 177 179 180 183 186 187 187 187 188 190 188 184 183 187 191 193 194 197 202 203 199 195 194 192 189 187 186 184 182 182 184 186 188 188 187 188 191 192 190 189 185 176 171 168 168 172 174 173 166 156 155 158 159 157 162 170 175 176 172 171 172 173 175 177 179 184 186 184 182 181 180 183 183 178 174 180 186 189 189 187 185 185 186 188 187 185 183 180 180 182 183 187 189 188 187 186 179 176 177 179 179 176 177 180 182 183 184 183 182 183 182 180 179 176 173 169 166 166 166 168 169 167 168 176 181 182 181 182 180 179 180 181 178 176 175 175 175 180 183 187 188 188 187 189 193 193 192 191 188 189 188 188 188 190 189 189 188 188 190 191 192 191 193 192 191 191 188 186 187 186 186 186 187 185 181 186 192 193 192 191 189 191 191 190 190 190 192 192 192 191 192 195 195 194 197 196 193 190 190 191 190 190 193 192 192 194 194 193 195 194 192 191 191 192 195 198 197 192 189 188 180 169 158 95
236 192 186 188 189 189 190 189 189 188 184 182 185 184 183 186 189 190 188 184 181 182 185 185 183 180 178 173 168 172 173 174 177 180 181 182 187 191 191 190 191 191 189 184 183 185 188 190 193 198 204 206 202 194 191 191 188 185 184 182 182 181 183 185 187 188 188 186 189 190 191 189 182 174 170 166 168 167 168 169 163 153 154 159 160 160 166 173 179 179 175 172 172 175 175 179 180 181 185 186 184 179 180 180 180 178 176 180 184 187 188 188 184 183 184 187 189 187 185 181 182 183 185 189 188 187 185 183 177 175 174 173 175 177 178 181 182 183 184 184 182 181 179 179 180 178 171 166 164 164 165 163 166 164 164 172 178 182 183 184 184 182 181 182 181 176 172 170 172 178 181 185 187 188 188 188 190 192 192 190 189 190 190 188 188 189 189 189 186 185 188 190 191 189 190 189 188 189 188 186 186 185 186 186 186 184 184 187 193 197 198 195 192 192 193 191 190 189 192 194 191 192 195 195 192 191 193 194 191 188 188 190 191 193 197 196 195 196 194 193 193 194 193 192 192 193 195 199 200 196 195 194 186 177 168 122
236 192 186 188 189 188 187 188 188 189 187 187 188 189 188 189 190 190 188 186 185 184 185 184 180 177 177 173 171 174 176 178 180 184 181 179 184 190 193 192 193 195 193 188 185 186 188 190 193 198 204 207 203 194 192 192 188 185 183 183 183 182 182 184 187 189 187 186 187 187 189 187 181 174 170 166 168 164 160 162 161 154 154 159 162 165 170 175 179 181 177 175 177 178 176 177 180 180 182 187 184 179 178 179 180 181 181 183 184 185 186 187 184 181 182 185 189 188 186 183 182 182 184 188 189 188 188 183 178 172 168 170 172 176 177 181 183 183 184 184 179 177 176 179 180 178 171 166 164 165 165 164 167 167 166 172 175 179 184 185 187 184 182 183 183 178 175 172 174 179 180 181 182 184 185 187 189 193 193 190 188 190 191 190 190 189 188 189 185 182 184 187 190 189 189 187 185 188 191 187 187 185 186 187 185 184 185 186 192 200 203 200 195 193 194 189 188 188 191 193 192 195 197 193 187 188 191 194 191 188 187 189 192 196 199 197 195 195 193 192 192 195 194 195 195 194 194 197 201 198 197 194 189 182 172 146
236 193 187 189 189 185 183 185 187 188 189 189 190 191 190 190 189 189 188 188 187 186 182 181 179 177 177 175 175 179 181 184 186 188 184 181 184 191 194 193 191 195 195 191 189 189 189 191 194 197 203 206 203 196 195 193 187 185 183 184 184 183 182 183 187 189 188 188 188 188 187 185 180 174 171 169 172 165 156 156 160 159 157 160 164 168 172 174 179 182 179 177 178 180 179 178 180 180 182 187 185 181 180 180 180 181 181 182 183 186 187 187 185 182 182 185 187 189 187 184 184 183 184 185 187 189 192 185 178 165 152 158 170 175 177 180 181 181 184 184 179 176 176 178 179 178 174 169 166 167 169 167 169 171 171 172 172 176 182 184 187 186 184 184 182 182 181 179 178 179 180 179 181 180 180 184 189 194 195 190 188 189 190 190 190 189 188 188 185 182 181 186 190 191 190 187 184 187 190 189 187 186 187 186 183 184 187 187 190 198 204 202 197 193 193 187 186 186 189 190 191 195 196 191 186 188 192 194 191 188 187 188 190 194 198 196 195 194 193 192 193 196 196 195 194 194 193 195 197 196 194 193 187 179 171 159
236 193 188 189 187 183 181 184 185 188 188 189 190 190 190 189 188 188 189 189 188 184 179 178 180 179 179 179 179 181 184 187 191 191 189 187 187 191 192 193 193 195 196 192 191 191 191 192 195 197 203 206 202 196 194 193 189 186 184 185 187 185 182 182 186 188 188 187 187 185 184 182 178 175 173 173 176 166 157 156 161 162 161 163 164 170 176 179 180 183 181 178 178 181 182 181 181 180 183 186 186 182 181 180 182 182 182 183 184 187 186 186 185 184 184 186 188 189 188 186 186 186 185 184 184 187 191 185 179 159 137 145 169 177 179 179 179 180 184 185 181 178 176 178 179 176 176 172 170 170 170 169 169 173 174 173 171 174 182 184 187 187 187 185 184 184 185 183 181 180 181 180 181 181 179 183 186 193 196 190 187 188 189 189 190 189 187 187 185 183 182 186 191 192 189 188 187 187 187 187 187 186 186 185 181 184 189 191 192 195 198 200 197 194 194 186 185 187 188 188 191 195 196 194 190 190 193 194 192 189 188 188 190 193 196 196 195 194 194 193 194 196 196 194 193 192 192 192 194 195 193 193 188 178 173 166
236 191 185 185 183 179 179 182 183 185 186 189 188 188 188 188 188 187 186 186 185 184 179 177 179 180 180 181 184 185 186 189 194 194 190 189 190 191 191 192 194 196 194 190 193 195 193 194 196 198 199 200 198 194 194 194 191 188 186 187 189 188 184 185 188 188 185 183 181 177 178 177 175 176 175 176 177 166 160 162 164 166 165 165 168 171 178 181 180 182 181 177 178 183 185 185 183 183 184 185 185 183 180 181 183 185 185 184 183 184 185 185 186 186 186 187 188 190 188 186 186 187 186 183 183 186 189 184 178 162 146 152 172 179 181 181 179 181 185 185 182 180 177 177 179 176 176 174 171 168 168 170 170 172 174 172 170 173 182 183 186 189 189 186 183 184 187 186 183 181 181 181 182 183 182 182 185 190 193 188 185 186 187 190 189 188 185 185 186 184 183 184 188 189 188 186 188 185 182 184 186 187 185 181 178 183 190 194 194 193 194 195 194 192 191 186 186 188 188 189 193 196 197 196 193 191 193 194 194 190 191 192 191 193 194 195 194 192 192 193 193 194 196 193 193 194 192 192 193 196 194 192 190 186 179 170
236 191 184 182 177 174 176 179 181 183 186 190 188 186 187 190 189 185 181 181 184 185 181 179 179 179 179 181 185 186 188 191 194 194 191 191 192 193 194 194 194 194 193 190 194 196 195 193 194 195 196 195 195 194 197 198 194 187 185 190 192 189 187 188 187 185 183 180 178 175 176 175 174 173 175 178 177 164 164 173 177 170 164 165 169 174 180 182 181 183 182 180 180 183 188 189 188 186 185 186 186 184 181 180 184 187 186 185 183 183 185 187 186 186 186 187 191 190 186 183 183 184 184 183 184 186 188 184 176 169 164 168 178 181 182 181 182 185 188 185 181 181 180 177 176 178 178 176 171 169 170 171 173 172 171 171 170 174 180 180 185 188 189 186 184 185 185 187 184 180 179 179 181 182 183 185 186 187 190 187 186 185 186 189 190 187 185 185 187 185 183 184 187 189 188 187 187 185 182 185 186 186 182 179 179 183 190 196 193 191 191 191 191 189 189 187 189 191 191 192 196 197 194 195 194 194 195 194 194 193 194 195 192 191 192 192 191 189 191 194 196 194 194 193 194 193 192 191 195 199 197 194 194 193 186 174
236 191 184 182 177 172 172 178 182 185 187 189 187 186 185 188 188 184 176 176 185 186 181 181 181 180 178 179 183 184 186 189 191 191 192 193 194 193 194 195 194 194 191 190 192 194 195 193 193 194 194 194 193 195 199 198 193 187 185 189 191 187 187 188 186 182 182 180 179 177 177 176 174 173 174 176 175 165 165 177 185 176 165 163 167 174 180 184 183 184 183 181 181 184 186 190 191 187 186 187 186 184 181 181 186 191 190 187 183 183 185 187 187 186 186 188 192 191 186 182 183 184 184 184 185 185 187 185 177 171 173 177 179 179 180 181 182 184 185 184 182 183 182 178 177 179 179 176 173 173 175 174 174 173 171 171 172 175 179 180 182 186 189 186 185 186 186 185 183 181 180 180 182 182 183 185 187 188 189 187 184 184 184 187 188 187 186 186 188 187 184 185 187 189 189 189 188 186 185 184 185 183 181 179 180 184 189 193 191 190 190 190 189 189 189 188 189 191 191 192 194 195 194 194 192 193 194 193 195 197 196 193 192 190 190 191 190 189 191 195 195 193 193 193 193 192 192 194 197 198 199 198 197 193 188 174
237 191 184 182 181 178 176 178 182 186 188 188 187 185 183 185 188 189 183 181 186 185 181 182 184 182 179 178 180 183 185 188 190 189 191 194 195 193 194 196 195 194 192 192 192 192 192 195 194 194 193 191 191 191 194 194 190 184 182 184 187 186 187 188 186 183 182 183 182 182 181 177 176 176 175 174 172 170 170 175 182 177 170 164 164 168 176 184 185 186 185 183 184 185 186 190 191 188 187 187 186 182 182 184 186 190 191 189 186 184 185 188 187 187 186 188 189 188 185 182 181 183 183 183 184 183 184 183 177 173 175 177 177 178 179 183 184 183 183 184 185 184 183 181 181 182 182 180 176 175 176 177 176 175 171 172 175 178 179 180 182 184 187 187 187 187 187 185 183 183 183 184 184 183 184 185 186 187 187 185 183 183 183 186 187 186 186 186 186 186 186 186 187 187 189 188 186 184 183 181 181 181 179 178 180 185 187 188 189 189 189 189 188 189 190 188 189 191 192 192 192 193 193 193 191 191 192 190 193 196 195 192 191 191 190 191 191 193 196 199 198 196 197 197 198 200 198 199 198 196 197 199 195 188 183 173
236 191 184 183 179 177 177 179 180 184 186 187 187 184 180 182 188 190 188 186 184 183 181 183 185 183 180 179 180 181 183 187 189 188 189 193 194 194 196 197 196 195 195 193 191 188 190 194 195 194 193 192 189 185 185 189 189 180 180 181 184 185 187 188 188 187 185 185 184 185 185 179 178 178 177 172 167 172 176 176 178 175 171 166 162 161 169 182 187 187 188 185 185 187 187 191 192 189 189 188 185 181 183 185 184 186 189 190 188 186 186 187 188 188 187 185 187 186 184 181 179 183 183 182 182 181 180 178 177 176 177 176 175 177 179 184 186 185 186 187 187 185 182 182 183 183 182 182 179 178 179 181 178 176 172 174 177 179 179 181 181 183 185 188 188 187 185 186 185 185 185 185 185 185 185 185 185 184 183 183 184 182 182 185 188 186 184 184 185 187 187 187 186 184 186 186 185 184 183 182 180 178 178 176 181 185 185 186 187 188 188 189 188 188 190 189 190 193 193 193 191 190 189 190 191 192 190 188 189 191 192 192 191 192 193 195 196 197 199 200 197 196 198 199 200 205 203 200 199 197 197 198 193 186 182 173
236 193 185 181 173 169 173 178 178 182 184 186 189 184 181 183 186 187 187 183 180 180 180 181 186 184 180 178 182 184 184 186 188 188 189 194 196 195 195 194 193 192 194 193 189 187 189 193 193 192 192 191 189 182 181 185 186 179 179 181 184 186 188 190 190 188 188 186 185 186 185 181 180 180 179 173 166 169 177 179 178 175 170 164 161 162 168 179 186 188 191 187 186 189 190 192 193 192 189 188 185 182 183 184 185 185 187 191 190 188 188 188 187 187 186 183 185 186 183 181 179 181 181 182 181 180 176 175 176 179 178 176 175 177 179 183 185 185 187 189 187 184 182 183 184 183 182 182 181 181 183 186 180 174 170 171 175 178 179 181 182 183 186 187 187 186 185 186 187 188 187 186 184 184 184 182 182 180 179 181 183 183 183 185 185 184 184 184 185 186 185 185 183 182 183 184 186 187 186 184 183 181 179 175 177 181 184 186 186 186 185 186 185 190 191 194 194 193 192 192 192 191 188 190 191 192 190 188 187 186 189 190 191 192 196 200 201 201 199 199 193 192 193 192 193 199 202 198 201 200 200 198 193 188 185 177
237 192 186 184 176 168 173 179 180 180 182 184 187 184 181 183 185 187 185 181 180 180 180 183 188 188 184 182 191 191 185 183 185 190 191 194 197 194 192 192 192 191 192 193 190 187 188 192 191 189 189 190 188 182 179 181 186 184 181 183 187 188 186 188 188 187 187 186 185 185 187 186 183 181 179 174 166 167 175 179 176 171 167 164 164 168 174 179 183 190 192 189 189 189 191 194 195 193 190 188 188 185 184 185 185 186 186 189 191 191 186 185 185 187 187 185 186 187 182 178 175 178 183 185 182 178 174 172 174 178 180 178 176 178 179 182 183 182 185 188 187 186 184 184 185 184 185 182 181 182 185 187 180 173 166 166 169 172 176 181 183 185 185 184 185 184 184 186 186 187 187 187 184 182 180 177 177 173 174 178 182 184 184 185 184 184 184 185 186 188 186 185 183 182 182 183 187 192 189 183 183 181 177 172 171 176 182 186 187 184 183 184 185 190 193 195 196 193 191 191 192 191 187 187 190 192 190 187 185 183 186 191 192 192 196 201 203 198 194 192 190 189 187 186 188 196 201 200 200 198 200 198 190 187 187 183
235 190 184 186 182 177 179 184 182 181 181 184 185 183 181 183 186 188 185 182 183 183 184 185 187 187 188 192 198 195 186 184 186 191 193 193 195 191 190 191 192 191 191 192 191 190 190 192 190 188 188 189 187 182 179 181 186 184 184 186 188 186 185 186 187 186 186 185 184 184 184 186 185 182 180 177 171 169 175 178 174 167 164 165 169 175 179 181 183 191 193 190 190 190 192 195 196 195 192 189 189 187 187 186 185 185 186 188 190 192 186 183 185 187 188 189 187 187 180 175 172 178 184 187 184 178 174 173 175 179 181 179 178 179 181 183 182 181 184 188 189 188 186 186 185 184 186 184 182 183 182 183 179 173 169 167 167 166 170 178 183 183 184 184 185 184 182 181 184 186 187 188 185 181 178 175 174 174 175 178 182 184 185 185 184 184 185 186 187 188 188 189 189 186 184 185 187 190 187 182 182 180 176 173 172 176 181 185 186 184 183 182 185 189 191 192 194 193 192 191 191 192 190 188 190 194 193 189 186 184 187 191 193 193 195 199 199 194 189 190 189 188 186 187 192 197 199 201 200 197 198 197 189 187 189 187
233 186 182 183 182 182 183 186 185 181 182 185 184 184 183 185 188 188 185 184 185 185 185 186 184 184 189 197 199 195 187 185 188 191 192 193 193 190 189 190 192 192 190 191 192 191 191 190 188 187 187 188 187 183 181 183 184 182 185 188 188 185 184 184 185 186 186 186 185 184 183 185 184 183 183 181 177 175 177 178 173 167 163 165 173 180 183 183 187 192 193 192 190 190 193 196 197 196 194 190 189 188 188 188 186 186 186 187 189 191 188 185 186 187 188 189 189 188 183 176 173 179 185 187 182 177 174 175 177 181 180 181 180 178 182 183 181 181 184 187 189 189 188 185 183 183 184 184 182 181 181 186 182 175 172 171 171 165 165 174 181 181 181 181 183 184 182 179 182 185 187 187 184 180 179 174 173 175 177 180 182 184 185 186 186 186 187 188 188 188 188 191 193 191 188 188 188 186 184 181 181 179 176 176 176 179 181 184 185 185 181 180 183 187 192 194 196 194 191 189 190 191 194 192 194 195 191 188 187 187 189 190 194 194 193 194 197 195 193 193 193 192 188 192 197 199 197 198 199 197 197 196 189 187 190 188
231 180 180 181 179 178 182 186 188 184 182 184 185 186 186 186 188 190 187 188 189 187 184 183 181 181 187 195 198 194 191 189 190 191 191 193 194 190 189 190 191 191 191 190 190 190 190 188 186 185 186 188 187 183 184 184 182 180 183 186 186 184 184 183 185 186 186 186 186 186 185 184 183 183 184 182 181 179 180 178 174 172 167 167 175 183 185 185 189 191 190 192 192 192 193 195 194 193 193 192 190 187 189 191 189 189 187 188 190 191 191 189 187 185 185 186 187 188 186 182 181 184 185 184 182 178 175 175 176 178 179 181 180 178 180 180 178 178 181 184 186 189 188 185 184 184 183 180 180 180 183 188 185 178 176 174 173 168 164 169 179 180 177 177 180 181 179 174 178 184 187 187 184 182 180 176 175 175 176 179 182 184 184 186 186 187 189 190 187 185 184 188 193 193 190 190 188 186 185 182 181 181 179 179 180 182 184 187 187 185 182 179 181 185 190 197 199 197 192 190 190 191 194 195 196 196 189 185 185 186 189 192 193 191 191 191 191 193 194 196 197 196 195 200 203 200 197 196 196 196 198 198 192 190 188 185
231 175 172 175 175 174 179 185 188 182 178 183 186 186 186 186 188 190 192 193 191 189 185 183 181 180 184 192 195 193 192 192 193 191 190 191 192 188 187 188 189 190 190 190 190 190 190 188 186 185 186 188 188 186 186 184 181 178 178 182 184 184 184 186 187 186 186 186 187 187 186 184 182 183 181 179 181 178 178 177 176 177 175 172 176 181 185 188 189 190 190 190 193 194 195 196 195 190 188 188 190 190 190 191 191 191 190 190 190 192 191 189 187 183 183 184 186 188 187 186 185 185 184 184 184 182 177 177 176 176 177 180 179 179 179 178 175 178 181 184 186 186 185 184 184 185 183 180 179 180 182 187 184 182 180 176 172 169 167 168 178 179 177 180 182 180 176 171 176 185 188 186 184 182 179 177 174 174 173 176 182 183 182 184 185 187 189 189 186 182 182 187 191 190 191 191 188 186 186 184 184 183 183 183 184 185 187 187 187 185 182 181 180 185 191 198 199 195 191 190 190 191 195 197 197 195 190 186 185 186 187 191 191 188 185 183 182 185 190 192 195 197 201 202 200 197 198 198 198 199 200 199 196 193 191 185
231 174 167 171 174 175 179 185 188 181 178 183 187 188 187 187 188 191 193 193 191 188 185 182 182 181 184 188 192 193 191 191 192 191 190 190 188 184 184 186 187 187 188 188 188 189 189 187 186 186 188 189 188 187 186 182 180 178 176 179 182 182 181 182 185 186 184 181 182 183 184 182 182 182 180 178 179 179 179 177 177 180 178 175 177 180 182 185 186 186 187 189 192 195 195 195 191 187 185 186 188 190 190 192 192 193 192 190 191 191 190 189 188 185 183 184 187 188 187 186 186 186 185 185 184 183 180 179 177 176 177 178 179 179 179 177 175 178 180 182 185 185 183 182 181 180 180 179 177 177 179 186 185 184 181 177 174 172 171 170 175 178 179 181 182 180 177 173 178 184 186 185 183 179 176 175 175 174 173 175 181 181 180 182 185 187 188 189 187 183 181 185 189 189 190 190 189 188 186 186 186 185 185 187 188 189 189 188 187 185 183 182 182 186 191 197 197 193 189 189 189 191 195 194 194 193 191 187 185 183 182 187 190 187 179 175 172 176 183 190 194 198 201 197 193 193 195 198 199 200 200 200 199 197 196 191
232 175 168 172 176 177 180 186 189 184 182 187 189 189 190 190 191 193 193 192 191 189 185 181 180 181 182 186 190 192 190 188 189 190 189 189 187 183 184 187 187 187 186 186 187 187 187 186 186 188 191 190 188 186 185 182 180 179 177 179 178 175 173 173 176 179 180 176 173 175 180 180 180 180 178 177 178 177 177 177 179 181 180 178 178 178 179 182 183 181 183 187 191 194 193 193 188 185 182 182 187 190 190 193 194 194 192 191 191 189 188 188 190 189 187 186 188 188 187 186 187 188 187 185 183 184 183 179 175 174 176 178 180 180 179 179 179 178 178 181 185 185 182 179 176 175 177 178 176 175 177 184 184 184 182 179 176 175 175 172 172 177 181 181 183 184 181 177 180 184 184 184 182 177 174 174 177 176 175 178 182 181 179 179 183 186 187 189 189 186 184 185 187 188 189 188 190 191 188 186 188 188 189 192 193 191 191 189 188 186 184 184 186 190 191 193 195 194 189 187 186 187 191 190 190 191 190 188 184 180 176 182 186 186 180 174 170 170 176 183 190 193 195 191 189 189 191 195 197 198 198 198 197 196 197 193
233 180 173 178 179 179 183 188 189 187 185 187 188 189 189 192 194 195 193 192 191 189 185 181 179 179 180 186 189 191 192 190 190 192 191 191 189 186 184 184 186 186 184 184 185 186 186 186 186 189 191 190 188 186 186 184 182 178 177 179 175 171 171 172 171 174 177 173 168 171 176 178 178 179 177 176 177 175 175 175 177 179 179 177 177 178 176 179 180 178 180 187 192 193 191 190 188 186 182 181 186 190 192 194 194 194 192 191 191 189 188 189 189 190 190 188 188 188 187 187 187 188 188 185 183 185 185 181 175 175 176 177 177 176 176 178 180 178 178 181 185 185 182 179 174 172 175 178 177 177 177 181 180 181 181 179 178 178 178 175 174 177 179 181 183 186 184 180 181 183 184 184 182 178 175 176 179 178 179 181 183 181 179 179 183 185 187 189 189 188 188 188 189 188 189 188 189 192 192 191 191 191 194 197 197 194 191 189 188 186 186 186 189 193 193 195 197 193 188 186 184 184 190 190 189 189 190 189 186 182 180 183 186 185 182 178 174 173 177 182 189 192 192 191 189 189 191 194 196 193 194 195 195 194 193 189
234 186 179 183 182 180 183 188 188 187 185 183 185 188 187 190 192 193 192 193 192 189 186 184 181 180 181 185 189 192 193 193 193 193 192 192 189 187 183 181 182 185 182 183 184 185 184 184 185 189 190 188 186 185 185 184 183 179 179 182 179 176 176 177 174 175 176 173 170 172 174 176 177 180 180 177 175 173 174 173 174 178 177 176 176 176 174 175 178 177 180 187 192 192 190 188 188 187 183 181 184 189 194 195 194 193 192 191 191 189 190 190 188 188 191 190 189 187 186 187 188 188 189 187 186 188 188 185 179 176 176 176 174 173 173 176 180 181 181 182 184 184 182 179 175 172 176 179 180 179 179 180 179 179 179 177 178 181 180 179 178 178 178 180 184 184 182 180 180 182 183 183 183 180 178 179 179 179 182 185 184 181 179 180 183 185 187 188 187 187 187 189 192 191 189 188 188 190 194 197 198 196 197 199 200 196 191 188 188 187 188 186 188 194 195 198 198 192 186 185 183 182 188 190 189 189 191 191 190 188 189 189 187 184 181 179 177 178 180 185 188 194 197 195 193 191 191 194 195 191 189 191 192 190 187 184
237 192 184 184 184 183 184 187 188 187 184 181 180 183 186 186 187 189 190 192 192 189 186 186 185 185 185 187 190 191 192 195 196 193 191 190 187 184 180 176 177 183 184 185 185 184 184 182 183 187 188 187 185 183 182 183 184 183 184 185 185 183 182 180 180 181 180 176 173 173 170 173 176 182 185 182 177 174 174 175 178 179 176 175 175 175 174 177 178 178 182 188 193 194 189 188 189 188 184 182 183 187 195 196 194 194 192 192 191 187 188 190 189 188 189 193 193 189 186 188 188 187 187 190 191 191 191 189 184 179 177 176 174 172 172 176 180 182 185 184 183 183 180 178 176 176 181 182 184 183 183 182 179 177 176 175 176 179 181 181 178 178 180 182 182 181 182 182 181 182 184 184 183 182 182 183 182 183 185 187 184 181 181 184 185 186 185 185 187 188 189 191 193 192 191 189 188 190 195 200 203 202 200 199 198 194 190 187 186 188 187 186 189 192 192 193 195 193 186 186 185 186 190 192 191 191 194 194 195 195 195 192 189 187 185 182 180 183 185 185 187 191 197 197 195 194 192 195 198 194 189 186 187 184 181 180
238 193 186 186 186 185 184 186 188 186 183 179 178 181 184 185 186 188 188 190 190 189 185 184 186 187 188 188 190 190 193 196 194 191 189 188 185 183 179 175 176 184 187 187 187 185 183 180 180 183 185 185 183 182 181 182 183 186 187 188 187 186 183 183 183 183 184 180 176 176 171 171 174 181 184 183 181 178 175 177 180 180 176 175 175 175 176 179 180 179 182 187 190 192 190 189 189 188 185 184 184 186 191 194 193 195 194 193 190 187 187 189 187 186 187 189 191 190 188 188 190 186 187 189 190 190 191 188 186 183 179 176 174 174 174 178 181 182 185 185 184 183 181 176 174 177 182 185 187 187 186 183 179 176 175 178 178 178 179 179 177 176 181 182 181 183 184 184 183 184 187 187 183 184 184 183 184 186 186 186 183 180 183 186 187 185 183 183 186 188 189 191 195 194 191 190 190 190 193 198 200 202 201 196 194 192 188 184 183 186 187 184 187 190 189 191 193 191 187 186 186 189 192 193 190 190 193 194 196 196 193 190 191 189 187 185 184 186 189 188 187 190 193 193 192 192 192 197 201 197 190 183 182 181 179 180
236 193 186 188 187 186 184 186 187 188 186 182 180 182 185 185 186 188 188 187 187 188 185 184 185 187 187 185 187 190 192 194 192 189 188 187 184 184 181 177 177 185 187 187 187 186 185 181 179 180 182 184 183 182 182 183 184 186 189 188 188 188 185 184 182 183 186 183 180 182 179 175 175 179 179 180 181 183 179 178 181 182 179 177 178 178 179 181 180 176 177 180 184 189 189 190 189 188 186 184 184 186 189 191 190 192 193 194 192 189 189 188 185 184 184 184 186 188 191 191 190 187 187 188 188 190 192 187 186 185 183 177 174 174 174 178 182 185 186 186 185 183 181 175 173 176 181 187 190 189 186 181 179 175 173 177 179 179 179 180 177 176 179 181 183 185 185 185 186 187 187 188 186 186 186 186 186 187 184 182 181 183 186 189 188 185 183 183 185 188 192 193 194 194 193 191 190 191 192 195 198 202 199 193 193 193 187 180 180 183 184 181 183 187 186 189 191 189 185 183 184 189 192 194 190 188 190 191 193 193 191 189 188 185 186 185 186 190 192 190 189 191 190 190 190 191 193 199 203 196 188 183 180 179 179 183
237 195 189 189 186 186 185 186 187 189 190 187 182 183 185 185 187 189 188 187 187 187 186 182 184 187 187 185 186 188 190 190 189 187 186 185 184 181 181 177 177 184 187 186 184 185 185 182 180 180 180 182 183 182 182 183 184 185 188 187 187 188 188 186 182 181 185 184 184 184 184 182 180 178 177 178 181 184 186 184 184 180 179 177 177 178 179 179 177 172 172 174 178 184 188 189 189 189 188 185 185 185 188 190 188 188 193 194 193 191 190 187 185 184 183 183 184 185 190 192 190 187 187 187 186 189 191 186 184 184 184 179 176 175 175 178 183 186 187 187 186 184 183 178 175 176 181 187 189 189 187 179 177 175 173 175 177 180 179 179 178 175 176 179 182 186 185 184 186 185 183 185 186 186 188 190 191 189 181 177 178 184 187 190 189 186 185 185 187 189 192 193 192 193 194 192 191 191 192 195 197 199 199 193 191 191 188 183 182 183 183 181 181 183 183 185 189 187 184 183 182 185 189 190 188 186 185 187 191 193 189 186 185 183 186 188 189 192 194 191 190 192 190 190 190 193 196 201 203 196 190 185 181 179 179 181
239 200 193 191 188 187 186 185 185 189 190 187 183 184 184 185 187 190 190 189 187 187 184 179 181 187 188 186 187 187 189 189 186 185 184 184 183 181 181 179 178 184 188 188 185 186 186 184 182 181 181 183 185 184 182 182 184 186 188 188 188 189 189 187 181 179 183 185 184 183 184 183 181 176 175 178 180 186 191 192 189 181 178 176 175 177 178 176 173 170 169 170 175 181 186 188 188 189 188 185 185 185 187 189 186 187 192 194 194 191 188 185 183 183 185 184 183 181 185 191 190 188 187 185 183 184 186 185 184 183 183 183 180 178 177 179 182 185 187 188 189 188 187 180 174 169 173 183 187 187 186 181 178 176 176 178 179 182 181 178 177 176 174 177 183 186 185 184 184 183 180 182 186 186 188 194 198 191 180 176 178 183 188 190 189 187 187 187 188 190 193 192 191 192 194 192 192 192 193 195 194 196 196 194 189 187 189 188 186 184 184 183 182 181 181 183 187 188 185 183 181 183 185 185 185 185 184 184 189 192 189 184 184 183 185 188 189 194 194 191 190 191 190 190 192 195 198 202 201 195 189 185 182 181 179 176
239 202 196 194 194 193 190 185 184 188 188 185 183 184 183 184 189 192 192 191 189 186 186 184 185 189 190 188 188 189 190 188 185 185 186 185 184 182 183 182 181 183 185 187 190 189 186 185 185 185 183 185 188 187 185 184 186 189 190 190 190 191 189 185 179 177 180 183 183 180 182 179 177 176 176 179 181 186 189 191 190 183 178 175 174 178 177 174 172 171 170 169 174 180 184 185 187 190 189 186 185 184 187 188 185 187 190 194 195 193 189 184 179 179 185 185 181 177 183 192 192 189 188 183 180 179 182 183 185 182 184 185 184 183 183 181 180 183 186 187 188 188 187 181 173 161 164 180 186 186 185 181 180 179 179 179 177 179 178 177 176 175 175 178 182 185 185 182 183 182 181 181 184 187 187 196 200 192 181 178 180 185 187 190 189 189 190 190 189 190 192 191 190 191 192 190 190 191 191 189 190 192 194 192 188 188 189 189 189 187 186 186 183 180 180 184 186 190 186 183 182 181 181 182 184 187 186 185 186 188 186 184 185 184 186 188 190 193 193 193 192 191 192 192 195 199 200 199 197 193 186 180 180 181 179 175
239 200 196 197 197 197 194 189 188 190 189 185 183 183 185 187 191 193 191 190 189 188 189 189 191 193 193 190 189 189 190 187 186 185 186 185 183 180 183 184 182 183 182 185 188 187 187 185 185 186 185 186 188 189 189 187 187 191 191 191 191 192 190 185 179 177 179 181 183 181 181 177 173 173 174 177 179 183 185 187 188 186 181 175 173 177 178 174 173 171 169 170 174 179 183 184 188 190 188 185 184 184 185 184 183 186 188 192 192 192 190 185 177 175 181 181 179 175 179 188 192 190 186 179 175 177 183 188 185 184 188 187 186 188 189 182 180 182 184 185 184 185 185 181 177 170 171 179 184 187 187 184 182 180 180 179 175 173 175 178 176 175 176 178 181 182 182 182 182 182 182 181 184 186 189 196 198 190 178 176 182 185 186 188 186 188 191 190 189 190 192 190 189 189 190 189 190 189 188 187 189 191 194 194 192 191 189 189 190 190 187 186 184 181 182 186 188 191 187 184 183 181 181 181 184 188 188 185 185 184 181 180 182 183 186 188 188 189 191 192 192 192 193 195 197 199 200 200 197 193 185 178 178 179 177 177
239 200 195 197 198 197 194 191 191 190 187 182 181 182 184 187 191 192 190 189 188 188 190 192 193 194 194 191 190 190 190 187 186 186 187 185 183 180 183 182 181 182 183 182 182 185 188 187 185 185 185 187 189 189 190 188 188 190 190 190 190 191 191 186 182 181 181 183 184 181 180 175 171 170 170 172 175 180 183 185 185 183 182 177 174 176 177 176 174 171 168 169 173 176 180 182 187 189 188 185 184 183 182 180 181 184 186 188 189 189 190 186 177 172 174 175 174 173 176 183 188 188 184 176 171 176 188 194 186 184 188 188 189 192 192 183 181 182 183 183 185 185 184 181 180 179 179 180 184 188 188 186 181 180 180 178 173 170 172 177 176 177 178 179 178 178 179 180 181 181 182 182 184 186 189 193 194 187 175 174 180 184 185 184 183 185 189 190 190 191 191 190 188 188 188 188 189 188 187 187 189 191 193 195 197 196 194 193 194 192 189 187 184 182 182 186 188 188 185 184 183 180 180 182 186 189 189 186 186 184 180 179 181 181 184 186 186 186 187 189 190 191 191 193 194 194 198 200 199 194 186 180 178 175 176 180
239 201 196 198 198 196 193 192 191 188 185 181 179 180 184 187 190 190 189 188 187 188 190 191 193 194 193 193 192 192 190 187 186 189 188 186 183 182 183 184 183 185 183 182 182 184 187 188 186 186 188 188 189 190 190 189 188 189 190 190 190 192 190 188 186 185 184 183 182 180 177 171 168 168 168 170 171 178 184 184 181 180 182 179 175 176 175 176 177 174 169 170 173 174 177 180 185 187 186 184 185 185 185 183 183 184 185 185 185 185 188 186 178 171 168 169 172 173 176 181 186 187 181 174 172 177 188 194 189 183 183 184 187 187 184 179 178 180 182 184 186 186 184 180 178 177 177 180 186 188 189 186 181 180 181 180 175 172 172 175 177 177 176 176 172 172 174 176 177 179 182 183 184 185 188 187 187 182 174 172 178 183 183 183 182 184 188 189 190 190 190 189 188 186 187 188 188 187 185 185 186 188 190 193 197 200 200 198 197 196 193 189 184 182 183 186 186 184 182 184 184 181 181 184 189 190 188 188 188 186 183 179 177 177 179 181 183 185 185 186 187 189 190 192 192 191 195 198 199 197 191 184 177 172 175 183
240 202 196 197 198 195 192 192 191 188 186 183 181 179 182 186 189 188 189 188 185 186 190 190 191 192 192 194 193 191 189 188 186 187 186 184 183 184 186 187 186 187 184 182 181 183 186 188 188 188 189 190 190 190 191 189 188 190 191 192 192 194 193 190 187 186 183 181 180 178 175 169 167 169 169 169 170 176 181 182 179 177 178 177 173 173 173 175 178 175 171 173 177 176 177 183 186 186 185 184 185 187 188 187 186 186 185 182 181 183 186 184 178 170 166 166 173 175 178 183 187 187 182 177 177 182 188 189 188 180 177 176 177 173 171 172 176 178 182 183 186 187 185 182 180 179 179 181 185 186 187 185 182 182 183 184 180 175 174 173 174 173 173 171 168 167 168 172 175 179 182 182 182 184 185 184 183 179 173 172 177 182 182 182 182 184 188 189 189 188 188 186 184 184 185 186 186 184 179 180 185 189 189 190 197 203 203 200 198 198 196 191 186 185 186 187 187 185 185 186 185 183 183 186 188 188 186 187 189 189 185 178 174 171 174 176 180 183 183 184 185 187 189 193 190 189 194 203 203 199 194 187 178 173 176 183
240 203 198 197 197 194 193 193 191 188 185 183 183 181 182 186 188 189 190 188 183 183 186 188 189 190 191 194 194 191 191 190 188 184 182 182 183 183 185 188 188 187 186 186 185 185 186 187 187 189 189 190 190 190 192 190 189 190 190 192 193 194 196 192 188 185 183 181 178 174 172 171 171 170 170 169 170 174 180 181 178 174 176 174 168 167 172 176 176 174 174 177 180 179 180 187 186 184 183 185 187 187 188 188 186 186 184 181 180 182 184 182 177 172 168 168 170 175 180 184 187 189 187 182 181 184 185 183 184 178 173 170 166 162 162 168 173 176 179 181 184 186 185 185 184 182 180 182 185 186 185 183 183 185 186 185 181 178 176 173 169 167 168 170 168 165 165 169 174 178 181 179 179 181 182 182 181 179 175 173 176 182 184 183 182 184 188 190 190 189 184 178 176 179 182 183 184 180 175 178 185 188 188 191 198 203 203 200 198 197 197 195 190 189 190 189 189 188 189 188 182 183 187 187 187 185 185 185 189 191 189 178 170 168 172 175 177 180 182 183 184 186 187 190 187 187 194 200 199 197 196 191 186 180 177 180
240 204 199 197 196 193 193 194 192 188 185 184 184 183 183 186 188 190 191 189 185 183 182 185 188 189 190 194 194 192 192 192 188 184 181 182 184 182 184 188 188 188 187 188 188 188 188 186 187 189 190 189 190 191 193 190 189 189 190 192 193 194 195 192 189 186 183 182 177 172 172 172 171 169 169 169 170 174 179 179 177 174 176 175 167 164 170 175 176 175 175 176 178 181 183 188 186 181 182 186 186 187 188 188 186 186 184 181 181 183 184 180 176 173 170 169 169 173 180 185 190 190 191 187 184 182 180 179 177 173 169 165 160 158 159 165 170 174 176 178 180 183 184 186 187 184 182 184 186 187 186 182 183 186 188 185 182 179 177 172 167 163 165 168 167 165 165 169 172 176 178 179 178 180 181 181 180 178 176 174 175 180 183 184 183 185 188 190 190 189 184 180 179 180 181 183 183 180 180 182 185 186 187 191 196 200 202 201 199 197 196 196 194 192 190 189 191 191 189 186 181 183 188 187 186 184 183 183 186 191 189 178 169 167 171 176 177 179 181 184 185 186 186 186 186 188 192 194 195 197 196 195 191 184 177 177
240 204 199 197 195 194 193 196 195 189 186 185 185 184 185 187 188 189 192 193 189 185 184 185 186 188 189 194 194 192 192 192 188 184 181 182 184 185 185 187 189 188 188 189 190 190 189 187 188 190 190 189 190 192 193 191 189 187 190 192 193 194 194 191 187 184 183 181 176 172 174 173 170 169 169 169 170 174 176 174 173 174 178 178 174 169 169 172 176 177 175 173 174 180 186 190 187 182 182 185 186 186 187 186 186 186 186 184 184 185 181 175 171 173 173 171 170 170 176 183 191 194 193 190 186 182 177 176 172 169 167 162 157 155 156 162 166 169 172 176 177 181 183 186 187 185 183 184 186 188 186 182 182 186 187 186 182 181 179 173 170 166 165 166 167 167 168 170 171 172 173 175 177 178 178 179 180 178 177 176 174 176 181 182 183 185 187 189 189 189 188 190 188 186 183 183 183 183 184 183 183 184 186 188 192 197 203 203 200 197 195 194 193 190 187 189 192 192 190 187 184 185 189 187 187 187 183 182 185 188 185 178 171 167 171 178 179 179 181 182 185 186 185 183 184 187 189 192 196 198 197 194 190 185 180 178
240 202 197 195 196 196 195 195 194 190 187 186 186 186 188 188 189 188 191 195 191 188 188 187 187 187 188 192 196 194 194 192 187 184 182 183 185 186 185 186 187 190 190 191 191 192 192 191 190 189 189 190 191 194 194 193 188 186 188 191 192 192 193 190 185 182 181 179 175 173 176 174 171 169 167 168 171 175 174 171 170 172 176 179 179 175 172 173 176 176 175 174 175 180 188 192 189 184 184 185 188 188 185 184 184 185 184 184 185 185 180 173 168 172 176 174 171 169 174 178 186 195 197 191 187 186 179 173 171 170 167 162 156 154 154 160 164 166 170 175 178 180 182 185 186 185 184 185 187 188 187 184 183 185 187 186 184 183 181 177 175 172 169 171 169 166 169 170 169 170 170 173 176 176 175 176 178 179 175 175 175 177 180 181 182 183 186 188 187 187 190 193 191 188 186 183 182 182 183 182 181 183 185 185 189 194 201 202 202 199 196 192 190 188 186 187 191 193 191 188 186 185 187 188 188 186 183 183 183 185 183 178 173 169 173 180 182 180 180 180 182 186 186 183 184 188 190 194 197 195 195 192 187 186 183 180
239 200 194 195 195 194 193 195 194 190 186 186 186 187 188 188 189 186 188 191 187 186 188 188 188 188 189 193 195 195 193 192 188 184 183 183 185 185 184 185 185 188 191 191 191 193 194 192 190 189 189 190 191 194 194 192 188 186 188 190 192 192 192 189 183 179 178 176 175 174 175 176 173 169 167 168 172 173 169 166 168 172 174 176 176 177 177 177 176 174 172 173 175 181 187 192 191 188 186 185 188 189 185 182 182 181 181 180 182 183 179 174 172 174 174 173 172 172 177 181 184 190 194 188 183 187 183 173 173 172 167 166 161 157 157 160 164 167 170 176 180 181 182 185 186 186 186 186 187 186 186 186 186 187 187 186 186 185 183 180 179 176 175 173 169 166 167 169 169 170 170 173 176 176 173 173 176 177 175 176 179 180 180 180 180 182 184 186 186 187 188 190 188 188 186 184 183 183 183 184 181 183 186 186 187 191 197 201 203 202 199 195 193 191 190 189 193 194 192 188 185 184 185 185 185 185 183 183 183 184 183 178 174 173 178 184 183 180 178 179 179 184 186 185 186 191 193 192 193 188 186 186 184 182 183 180
239 198 193 195 194 190 190 192 192 189 185 185 186 186 188 193 201 191 187 188 185 184 188 188 189 190 190 192 193 192 192 192 190 185 183 181 183 183 181 182 183 186 188 189 190 191 192 190 189 189 189 190 191 194 195 192 188 187 188 190 192 192 192 189 184 180 179 177 176 175 175 176 175 173 170 170 173 171 166 167 170 174 175 176 175 177 180 180 178 171 165 170 176 179 184 190 192 189 186 185 187 189 187 185 183 178 178 177 178 179 178 175 176 176 175 172 172 174 181 186 187 188 190 190 189 191 186 175 173 172 169 170 167 164 162 162 166 169 171 176 180 182 183 185 186 186 186 186 186 186 185 185 186 188 188 188 187 186 185 182 181 178 177 175 172 170 170 172 172 173 173 174 176 175 172 173 175 173 173 177 180 177 176 177 179 182 184 185 186 187 189 188 185 185 185 183 182 185 189 188 185 184 187 187 186 189 193 199 202 200 198 197 194 191 189 188 194 195 192 187 184 183 184 184 185 186 185 185 184 183 182 178 177 179 183 184 184 184 179 177 178 182 184 186 188 191 192 187 186 182 177 175 176 176 178 178
238 197 191 194 193 190 188 191 191 188 185 185 186 185 186 194 205 195 189 187 186 186 190 189 189 190 192 192 191 191 191 191 190 187 181 178 180 182 179 180 182 184 184 186 189 190 188 186 187 189 190 190 192 194 195 192 190 189 189 191 192 191 190 189 187 184 184 182 180 178 177 178 178 177 175 174 175 173 171 173 176 178 179 177 176 178 181 184 183 174 168 171 174 175 179 186 191 190 186 185 186 189 188 188 185 179 175 173 174 176 177 176 177 178 177 174 172 175 181 188 192 191 192 194 194 195 186 175 172 171 172 174 172 169 166 164 168 171 173 177 180 182 183 185 185 187 187 186 185 185 185 184 186 189 191 190 188 187 185 184 184 180 179 179 176 176 177 178 179 179 177 176 175 174 173 173 173 171 169 173 174 171 171 173 179 183 185 186 186 187 188 187 183 182 184 182 181 187 193 191 186 184 187 186 185 187 190 197 202 198 196 195 189 184 184 187 194 195 192 185 181 178 181 186 187 188 189 189 187 184 181 181 181 183 185 182 183 186 181 175 177 181 182 185 188 188 186 185 185 179 170 166 168 172 174 177
238 197 191 194 194 193 193 192 190 188 187 187 187 186 185 188 195 187 187 189 189 189 189 189 190 190 191 192 192 192 190 189 189 185 177 174 178 182 179 180 182 183 183 185 187 188 186 185 187 189 190 190 193 195 194 192 191 191 189 190 190 189 187 188 188 188 187 185 183 181 179 180 180 180 178 176 175 175 177 180 181 181 181 180 180 181 182 188 186 177 171 173 175 174 177 182 189 191 188 187 188 188 189 189 187 179 172 170 171 173 174 176 177 179 179 176 174 176 180 186 191 193 194 198 199 195 182 173 171 172 174 175 174 172 169 167 169 172 175 179 180 182 183 183 183 186 188 186 184 184 183 184 186 188 190 190 188 187 186 185 184 182 181 179 178 179 180 181 182 182 181 179 177 175 172 171 171 170 169 169 169 167 170 174 177 181 184 186 186 187 189 189 185 183 182 181 180 184 188 190 185 183 185 186 186 187 191 199 204 200 195 192 182 176 178 186 192 193 190 186 179 176 180 186 188 187 189 191 188 185 183 184 184 187 186 184 185 186 177 169 174 180 183 184 185 185 182 185 184 175 167 164 164 165 170 177
238 197 192 195 196 195 195 194 191 190 190 190 189 188 185 183 184 182 184 187 190 190 189 191 191 190 189 190 191 192 192 190 188 185 177 171 175 180 179 181 180 181 183 185 185 184 183 184 186 188 190 191 193 193 193 192 192 190 190 188 188 188 186 186 187 189 188 187 187 185 184 184 184 183 180 177 176 177 180 181 181 182 182 184 186 186 186 190 189 181 178 178 178 178 177 181 187 189 188 187 187 186 187 187 185 179 172 167 168 171 174 177 178 179 181 180 179 184 187 188 188 190 195 199 198 191 179 175 172 174 176 177 177 176 173 170 170 173 174 178 180 182 182 181 180 182 186 185 185 182 180 180 182 186 188 189 189 187 187 186 184 184 184 182 182 183 183 181 181 183 182 181 178 176 172 169 169 168 166 167 169 168 170 173 176 180 183 184 185 187 190 192 188 184 182 181 178 177 180 187 188 185 186 187 188 191 195 201 204 202 193 189 182 176 178 185 188 189 190 189 183 181 183 186 187 188 191 190 188 187 187 188 188 190 189 186 188 186 175 166 173 180 183 184 185 185 182 181 181 176 169 165 162 162 170 179
236 196 192 195 196 195 195 196 196 194 194 194 191 189 186 184 184 184 184 187 190 190 192 193 192 190 189 189 191 192 193 191 187 186 180 171 172 177 180 181 180 182 183 185 185 184 183 184 186 188 190 193 193 193 193 193 192 189 188 187 187 188 187 186 187 188 186 185 186 187 187 187 186 184 180 177 177 178 179 180 181 183 183 187 190 190 189 191 190 186 186 184 181 179 178 181 185 188 187 186 186 186 187 187 185 178 172 166 166 171 175 179 178 180 182 183 183 188 192 190 189 190 194 195 192 185 179 176 174 175 177 180 180 177 175 171 171 173 174 177 179 182 182 181 180 182 186 185 183 180 178 176 178 184 188 188 189 188 188 187 185 185 186 186 185 185 185 181 180 181 181 180 179 177 175 172 169 167 166 167 170 170 170 172 175 177 180 183 185 187 190 191 188 184 182 183 180 176 178 187 191 189 189 189 189 193 198 201 204 202 193 189 185 182 181 185 187 187 190 190 187 186 187 187 187 189 192 190 188 187 189 189 189 191 192 189 188 185 178 174 179 181 184 187 187 184 181 179 184 181 172 168 165 164 172 181
236 195 193 195 196 196 195 197 198 195 197 197 194 191 189 187 186 185 184 187 191 192 194 195 193 189 189 191 193 193 193 191 188 187 181 173 170 175 181 182 183 186 187 186 186 186 186 187 187 189 192 193 193 192 192 191 190 188 186 184 185 187 188 186 187 186 185 184 184 187 188 188 186 181 180 179 180 181 181 181 181 182 185 187 189 193 193 192 189 188 188 187 184 179 179 181 185 187 186 184 184 184 187 187 184 179 174 167 168 172 175 180 179 181 182 182 184 187 188 189 191 193 191 190 187 182 179 179 177 177 178 181 180 178 177 174 174 176 176 176 180 183 183 183 183 185 186 184 182 179 177 175 176 182 186 187 187 188 188 187 186 185 186 188 187 186 185 180 176 174 177 178 177 177 177 176 174 169 168 168 169 171 172 174 175 175 175 179 184 185 187 187 185 183 183 184 183 182 182 186 191 192 193 193 193 196 198 198 202 203 194 189 188 186 185 186 187 188 190 189 188 188 187 187 188 189 192 191 188 188 189 190 191 192 192 190 189 186 183 182 183 181 184 187 187 180 177 179 185 183 175 172 170 169 174 181
238 197 194 196 195 195 196 198 198 197 196 198 197 195 194 191 187 186 184 186 191 192 193 196 194 190 191 194 194 192 191 192 189 186 182 176 170 173 179 181 183 186 189 188 187 187 189 189 189 190 191 191 191 190 190 189 188 186 184 182 183 186 187 187 186 187 187 186 185 189 190 188 185 180 180 181 183 184 183 181 181 181 185 187 190 193 195 193 188 187 189 189 185 180 179 180 183 184 182 179 180 180 184 186 185 181 177 173 173 175 175 179 181 183 184 186 186 186 185 186 189 190 187 185 185 183 181 181 181 179 180 183 180 177 175 176 177 177 178 178 181 181 183 185 185 187 188 185 183 180 178 175 177 180 184 185 185 187 186 185 184 186 188 188 188 189 188 181 173 166 172 176 174 175 179 179 177 172 170 170 171 172 174 175 176 173 171 175 182 184 185 185 184 182 183 184 185 186 185 185 188 190 193 195 195 194 195 196 201 202 195 190 189 188 187 186 186 189 191 191 189 188 188 189 190 190 189 189 188 188 189 192 193 192 190 189 189 188 186 184 183 182 183 185 186 179 177 181 187 184 177 176 175 174 177 183
239 199 194 195 195 195 196 198 198 197 196 197 199 198 196 193 189 188 185 186 190 193 195 196 193 190 191 192 192 190 187 188 188 187 184 179 172 174 179 181 183 186 188 189 189 189 192 191 190 189 189 187 188 188 190 190 186 185 183 182 184 185 184 183 183 186 189 191 190 192 191 188 185 182 182 185 186 186 185 183 182 181 183 189 191 191 193 192 188 187 188 188 182 177 177 179 182 182 180 176 176 178 181 184 184 183 180 178 179 177 174 177 182 185 188 191 191 187 185 185 186 183 181 183 185 184 183 183 184 183 183 183 181 176 172 174 177 177 178 180 181 181 184 186 187 189 189 186 184 182 178 175 176 178 182 184 186 186 183 182 183 185 188 188 189 191 189 183 175 168 174 176 173 175 179 179 177 174 173 173 174 175 175 177 177 175 171 174 179 182 185 185 184 183 184 185 186 186 186 186 186 188 189 191 190 189 191 196 199 200 195 190 191 191 189 186 187 190 193 192 189 188 189 191 191 187 185 184 186 189 191 193 192 192 191 189 189 188 185 183 180 180 179 182 184 183 181 184 189 186 180 180 180 178 179 184
239 200 193 194 194 195 196 197 197 197 196 197 200 197 195 193 190 190 188 188 189 192 195 195 192 191 190 191 191 189 186 187 188 188 186 181 176 175 177 180 183 187 188 189 189 191 194 193 190 188 187 185 186 187 192 194 190 187 185 185 185 183 182 181 180 183 190 193 194 192 189 187 186 184 185 189 188 187 185 183 181 180 183 189 192 191 193 191 187 187 187 186 180 174 173 178 180 180 176 174 174 175 179 182 183 184 183 181 179 177 175 177 183 186 190 192 191 187 186 187 184 179 179 181 184 183 184 184 184 184 184 184 183 177 172 174 177 179 180 181 182 183 184 186 188 190 189 185 183 180 177 174 175 176 179 183 186 185 182 180 181 185 187 188 188 190 189 184 181 178 179 177 176 176 179 180 178 176 174 174 174 175 175 177 179 178 174 174 177 180 184 184 184 183 184 185 185 186 186 186 186 187 186 187 187 187 190 193 195 196 194 192 191 192 191 189 189 191 192 191 189 188 188 191 190 186 182 179 183 191 194 191 190 189 191 190 190 188 184 182 180 180 177 179 182 183 183 185 188 186 184 185 185 181 183 185
240 202 193 192 193 194 194 196 197 200 199 202 206 203 195 193 193 194 193 191 188 191 195 195 195 195 193 192 190 188 187 187 188 188 187 183 176 168 172 177 180 187 190 190 190 192 197 196 190 187 184 182 183 187 194 197 193 187 185 187 186 183 183 182 180 183 187 190 193 192 190 188 187 186 188 190 189 187 185 184 182 181 184 188 191 192 191 190 188 187 187 185 178 171 170 175 176 174 173 170 169 169 174 180 184 185 184 182 179 178 178 180 183 186 191 193 190 187 188 189 182 178 179 181 183 184 184 184 185 185 186 186 185 180 176 177 179 181 182 182 184 186 186 186 188 190 189 186 183 181 179 176 175 176 177 181 186 185 182 180 180 183 186 188 189 190 189 185 183 184 183 182 180 180 181 181 179 177 176 176 175 173 173 176 178 179 177 177 176 178 182 183 183 183 183 183 185 187 189 186 184 183 182 184 185 187 188 191 191 192 194 195 194 193 192 192 192 192 191 189 190 189 188 189 187 185 182 180 184 193 198 192 188 188 190 191 190 187 186 184 184 185 179 177 179 181 183 184 185 186 187 188 186 183 186 186
240 202 194 193 193 193 195 197 199 200 201 206 213 208 197 195 196 195 195 193 189 190 194 198 199 200 198 194 191 189 188 188 188 187 187 182 173 162 169 178 181 185 188 191 191 191 196 195 189 185 184 183 185 189 193 195 190 185 184 186 187 184 185 184 183 185 185 185 190 192 191 189 188 188 189 190 189 188 187 186 185 183 183 184 189 190 189 190 189 187 186 181 173 168 168 171 173 173 173 170 166 165 170 177 183 184 184 184 181 180 179 179 181 186 189 192 191 188 188 188 183 178 180 182 183 184 184 185 185 186 187 186 184 182 179 179 181 182 182 182 184 186 186 188 190 190 190 187 184 183 181 178 178 178 179 182 184 184 184 182 181 182 184 186 188 188 187 184 183 184 186 186 183 182 181 179 179 178 177 177 176 174 174 175 176 178 179 178 178 178 180 182 183 182 183 184 186 188 189 187 184 182 183 184 186 187 188 190 191 193 194 195 193 192 191 191 192 193 191 189 190 191 190 188 188 188 185 182 184 190 196 192 189 188 191 190 188 185 185 185 186 188 185 180 180 182 182 183 185 187 188 189 186 185 188 189
239 201 193 193 194 194 196 197 198 200 200 204 209 205 197 196 196 195 193 192 189 189 191 196 198 200 200 196 194 191 188 186 186 188 188 183 175 166 170 178 183 186 187 189 191 191 192 191 186 184 185 187 190 192 191 190 187 184 184 185 184 182 183 184 185 187 183 182 186 189 191 189 190 190 189 189 188 187 187 186 185 182 181 182 188 190 187 187 187 185 180 172 166 164 165 168 170 173 172 169 166 165 169 176 180 185 186 187 186 184 181 180 182 187 190 189 190 190 190 191 187 183 182 182 182 182 183 184 185 186 186 185 183 182 182 182 182 183 182 181 183 185 184 187 190 189 190 188 186 183 181 177 179 181 182 184 185 183 184 185 182 182 183 185 187 187 186 184 183 184 186 187 186 184 181 179 179 180 179 178 176 175 175 175 176 177 178 179 178 178 180 181 182 182 183 185 186 188 189 188 184 182 184 185 188 189 190 192 193 193 194 194 193 191 190 190 191 192 189 186 188 192 191 187 188 190 188 184 185 187 190 191 192 189 190 189 186 184 184 184 184 185 186 185 184 182 180 181 185 187 186 188 187 187 187 187
239 201 192 192 195 196 195 196 197 201 201 199 200 197 197 197 195 195 193 192 189 189 190 194 196 197 197 195 194 193 189 186 186 190 191 188 182 175 176 178 183 186 186 189 192 192 192 190 186 184 186 189 190 190 190 188 187 186 185 184 182 181 185 187 187 188 184 182 186 189 191 190 190 190 188 188 187 186 185 183 182 181 181 184 189 190 186 185 184 182 175 165 159 158 161 164 170 175 172 168 168 168 170 176 181 187 191 192 189 187 184 181 182 189 190 188 189 192 194 194 189 185 184 183 182 182 182 183 184 186 185 184 182 182 183 184 183 183 182 180 179 181 183 187 189 189 190 189 187 185 182 178 180 183 184 185 185 185 187 188 187 186 187 188 188 187 186 186 186 187 188 188 186 184 181 180 180 181 179 178 177 175 175 175 177 176 177 179 178 178 179 181 182 181 183 185 186 189 189 189 186 186 187 189 191 191 191 193 194 193 194 194 192 190 190 190 190 191 188 186 187 191 190 187 188 194 193 188 185 187 190 193 193 190 190 188 186 183 183 183 183 182 183 184 183 182 180 181 185 187 185 186 188 188 187 187
240 201 193 194 196 196 195 194 197 201 200 198 196 194 195 194 194 195 195 193 189 189 190 193 195 195 194 192 191 190 189 187 189 193 194 190 188 183 181 183 184 185 186 190 191 191 192 190 186 183 185 187 188 187 189 189 190 189 188 185 183 183 187 190 189 189 186 185 187 190 190 189 189 189 188 187 186 184 182 182 181 181 182 186 190 189 185 182 181 179 174 165 159 157 161 166 171 175 172 169 173 171 172 179 183 191 195 193 187 185 185 182 180 185 188 187 190 193 194 193 188 184 183 182 182 182 182 182 184 185 184 184 183 184 185 187 185 184 182 179 176 178 183 186 187 190 191 192 189 186 183 180 181 184 185 185 186 187 188 189 191 190 190 191 191 189 187 187 188 188 188 187 184 182 182 182 183 182 179 177 176 175 175 175 176 176 177 180 179 179 179 180 181 180 183 185 187 188 188 189 189 190 189 189 192 193 192 194 196 193 194 193 192 190 188 189 190 190 188 186 187 190 189 187 189 197 198 193 188 188 193 195 193 193 191 187 183 182 183 183 183 183 184 184 183 181 179 181 184 186 186 187 188 189 189 189
240 202 195 196 196 195 193 195 197 199 198 197 196 194 191 191 191 193 194 192 188 188 191 195 194 193 193 192 191 189 187 188 192 195 193 192 190 188 187 188 187 186 187 189 189 189 191 190 187 184 184 186 187 187 189 190 189 188 187 187 186 185 186 187 188 190 189 187 188 189 188 187 188 188 187 186 186 185 184 184 182 179 181 185 188 187 183 182 181 179 175 169 165 160 163 169 173 174 171 171 174 173 173 179 185 191 194 193 189 186 185 180 178 181 183 183 187 191 190 188 185 182 182 181 181 181 182 181 182 183 182 182 182 185 189 189 187 186 184 182 179 180 184 187 188 190 191 192 191 188 185 182 184 185 185 186 187 189 189 191 191 192 193 192 190 188 188 189 189 190 190 187 182 179 183 184 183 181 177 175 175 177 176 175 175 176 178 179 180 180 179 180 181 181 182 184 186 187 187 188 189 189 189 189 190 192 193 196 198 194 192 194 192 188 189 189 190 188 187 187 189 190 188 188 190 198 199 194 190 190 195 198 195 195 194 188 184 183 184 185 185 185 185 183 182 181 180 183 184 185 188 190 188 188 189 188
241 205 198 196 196 196 194 195 197 199 198 197 195 193 192 192 190 192 194 193 189 189 192 195 196 195 193 193 192 190 189 190 191 193 192 192 191 191 191 190 188 188 188 189 189 190 193 192 189 185 184 186 187 187 187 189 188 185 184 186 187 187 185 186 188 191 192 190 188 187 187 185 183 184 184 185 186 186 184 184 182 179 179 183 186 185 182 179 178 179 178 173 168 164 163 167 173 174 172 170 174 175 175 179 185 192 196 196 192 188 184 181 177 177 176 178 184 187 185 185 185 183 182 182 181 182 182 181 182 181 180 180 181 185 188 189 187 186 186 186 184 182 185 188 188 191 191 192 191 190 187 186 187 187 187 187 189 189 190 192 191 191 192 191 190 189 188 189 189 190 190 188 184 181 184 184 181 179 175 171 171 176 179 176 174 175 177 177 180 181 181 182 182 181 181 183 186 187 187 187 187 188 189 189 190 192 193 197 199 196 193 194 190 187 188 189 190 188 187 188 189 190 188 188 190 193 194 190 189 191 194 196 193 192 192 188 185 186 185 186 185 185 184 183 182 182 184 185 186 187 191 193 191 189 190 189
241 206 198 197 196 198 196 195 197 198 199 197 196 195 194 194 191 192 194 193 191 190 193 196 194 194 193 192 191 190 189 191 191 192 191 192 192 193 193 191 189 188 190 190 190 192 194 192 189 186 184 185 185 186 185 186 186 184 184 186 188 187 186 186 187 190 191 190 187 185 185 185 183 183 184 186 189 186 183 184 184 180 180 184 186 186 182 172 170 177 178 175 173 168 165 169 174 173 172 173 175 176 176 178 183 189 192 193 190 189 187 184 181 178 175 178 185 184 182 183 185 182 182 182 183 184 182 181 181 179 177 176 179 183 187 189 189 188 188 188 186 184 186 189 190 192 192 192 192 190 189 191 191 189 189 189 189 189 190 191 191 191 191 189 189 188 188 189 190 192 191 189 185 182 184 184 180 177 173 171 170 176 182 179 179 177 177 177 180 182 184 185 184 181 181 182 186 188 188 187 187 188 188 188 189 192 194 196 198 197 194 193 190 187 188 189 190 188 187 190 189 190 189 189 191 192 190 186 186 190 192 192 190 190 191 188 186 188 186 186 185 185 184 183 182 183 187 189 188 190 192 194 193 189 188 189
241 206 199 198 198 200 199 197 197 198 199 197 197 197 196 195 193 193 194 194 192 191 192 194 191 190 193 192 188 187 187 190 192 193 192 193 193 194 193 191 189 189 188 191 192 193 192 189 188 187 186 184 183 184 184 185 185 186 187 187 187 187 188 189 188 189 189 188 187 184 184 185 183 183 186 188 190 188 186 186 185 184 184 186 188 188 182 168 167 175 178 174 172 169 167 171 174 172 171 173 175 175 177 181 185 190 192 193 192 190 190 185 180 178 175 179 183 181 178 181 183 181 182 183 186 185 184 182 180 177 175 175 176 180 185 188 189 189 190 190 188 186 186 189 192 192 192 192 190 191 192 193 193 190 190 190 189 189 190 191 191 191 189 188 188 188 188 190 193 194 192 189 186 184 184 184 182 177 176 178 177 181 185 181 181 179 178 178 178 180 183 185 185 182 181 181 184 187 189 188 190 188 186 186 188 192 194 196 196 197 194 193 190 189 189 190 190 189 189 191 190 190 190 191 192 192 189 185 186 190 191 191 192 195 194 189 187 189 188 188 187 185 185 183 182 182 188 190 191 192 193 193 191 189 189 190
240 204 197 195 197 200 199 197 197 197 197 195 194 195 195 194 192 192 195 194 192 190 189 192 191 190 191 190 185 183 184 188 190 193 193 194 194 194 193 190 188 188 188 189 191 192 192 190 189 190 189 186 183 184 184 186 186 187 188 185 185 185 187 189 188 187 187 186 186 186 186 187 186 184 186 188 190 191 188 186 186 186 186 186 188 189 183 170 169 176 179 175 170 168 169 171 171 171 170 169 170 173 177 181 185 192 195 197 194 189 186 183 178 177 176 178 181 181 180 183 185 182 181 183 186 185 183 181 178 177 176 175 175 178 183 186 188 190 192 192 188 185 185 188 192 191 191 190 190 191 192 192 192 191 190 190 190 190 190 191 190 189 189 188 188 190 190 192 193 193 191 189 185 184 184 183 184 183 182 184 185 186 186 184 184 181 180 179 178 178 179 181 183 180 180 179 182 185 187 188 190 188 185 186 189 190 192 196 196 195 192 191 191 189 188 188 188 188 189 191 189 188 189 190 190 190 188 187 187 189 190 193 196 201 198 191 189 190 189 188 186 183 184 183 182 183 188 190 191 193 192 193 192 193 193 193
240 201 193 190 192 195 199 198 198 198 198 195 194 194 194 192 193 195 195 194 194 193 193 193 192 191 190 187 187 185 186 185 186 190 192 191 191 193 190 188 188 189 188 189 190 191 191 189 187 188 189 188 186 185 185 187 188 189 188 186 184 182 185 187 185 184 184 183 186 187 187 186 186 187 189 191 191 190 189 187 188 188 188 189 191 192 189 181 176 177 182 181 177 175 179 177 171 168 166 158 162 174 175 180 185 190 193 194 193 189 183 176 174 172 175 178 180 180 181 184 187 183 183 183 185 183 182 181 179 179 179 177 175 179 181 185 189 190 192 191 188 186 183 184 187 189 189 187 188 190 189 188 189 189 188 188 189 189 189 190 190 188 188 188 189 190 191 192 193 192 190 189 187 187 187 187 187 187 187 187 188 187 184 180 181 182 182 180 177 175 175 177 178 179 175 174 177 182 185 187 190 189 187 187 190 189 189 191 192 192 191 190 191 192 191 188 188 189 188 189 187 188 189 189 191 191 189 188 188 188 190 194 197 200 201 195 193 192 190 190 187 184 185 184 184 188 192 193 194 195 194 194 194 197 199 197
240 202 193 190 191 193 196 198 199 199 198 197 196 195 195 192 193 195 196 197 196 195 194 195 193 192 191 188 188 187 187 186 183 184 188 191 191 192 189 187 187 189 189 189 190 190 190 188 187 186 187 188 188 186 185 188 189 190 188 186 185 183 184 186 186 184 184 183 187 188 186 183 182 184 189 192 191 190 189 188 189 189 189 189 192 192 190 186 183 183 185 184 183 182 185 182 172 168 161 148 151 166 173 178 184 191 194 194 194 190 183 174 168 169 171 175 178 178 181 186 185 183 185 184 183 183 182 182 181 180 181 179 176 179 180 186 190 191 192 190 188 186 183 184 186 188 188 187 187 189 188 188 189 189 188 188 189 189 189 189 189 188 188 189 189 190 191 192 193 192 191 190 188 188 188 189 188 188 188 189 189 188 183 178 178 181 183 181 178 174 174 175 175 174 171 171 177 182 184 186 190 190 188 189 190 188 187 189 190 192 192 191 192 194 194 190 189 188 188 189 187 188 188 188 189 190 190 189 189 188 190 195 196 198 201 199 196 193 191 192 189 184 183 186 187 190 193 194 195 196 195 195 195 197 199 197
240 203 193 191 191 193 196 198 202 202 200 200 199 196 195 191 192 193 194 196 196 197 196 195 194 193 191 189 188 188 188 187 183 181 185 189 191 192 189 186 187 189 190 189 188 188 189 187 187 185 184 188 190 188 187 189 189 188 188 186 185 186 186 185 186 186 184 184 187 188 183 179 179 182 187 191 191 190 189 189 189 189 188 188 190 190 187 186 185 186 186 185 185 185 186 183 174 168 157 143 145 160 170 175 181 189 192 194 194 190 183 175 169 171 171 173 175 177 182 186 185 186 188 184 182 183 182 182 182 183 183 182 179 181 182 186 190 190 190 189 188 186 185 185 184 185 186 186 187 187 186 187 189 189 189 189 188 188 188 188 189 187 188 189 189 190 190 192 191 192 191 190 189 190 190 190 189 188 189 189 190 188 183 177 177 181 183 181 177 174 172 171 170 168 168 169 174 180 183 185 188 189 188 188 187 186 186 189 190 192 193 192 193 195 195 190 190 189 188 189 187 188 187 187 189 191 192 191 189 187 189 192 194 197 201 202 200 197 194 190 188 184 183 187 189 191 192 194 195 196 195 194 193 196 198 198
241 204 194 192 193 195 196 198 204 206 203 202 202 197 194 192 190 191 192 193 195 198 200 200 197 194 192 191 189 188 190 189 185 182 185 188 190 191 190 187 188 189 190 188 187 187 190 190 188 185 185 188 191 190 189 189 188 189 188 187 186 186 186 185 186 187 186 184 187 189 183 178 178 182 187 189 189 189 190 191 190 189 188 187 188 188 186 184 184 186 186 184 184 184 184 181 177 171 160 148 151 161 169 175 181 185 188 190 190 187 182 178 175 177 177 177 177 178 183 187 185 187 188 184 182 181 180 180 180 182 184 185 184 185 185 187 188 187 187 187 186 184 184 183 182 183 182 183 185 184 183 185 187 188 187 187 186 186 186 186 187 187 188 188 189 189 189 190 189 190 190 191 190 190 189 189 188 189 190 190 190 188 184 180 180 182 182 182 178 172 167 167 166 165 166 169 172 176 179 183 184 185 184 184 183 183 186 188 190 191 191 192 194 196 197 189 189 191 190 190 188 189 189 188 189 191 195 196 192 188 187 188 192 196 200 201 201 198 195 190 188 186 185 187 187 187 189 190 192 192 192 191 191 194 196 199
240 202 194 193 194 196 195 196 206 211 207 204 202 198 194 192 190 189 191 193 193 195 199 200 199 199 198 195 191 189 190 190 186 184 187 187 187 188 189 189 189 189 190 189 188 188 192 192 190 187 187 188 191 191 190 189 188 189 189 187 186 185 185 186 186 185 183 182 186 189 184 178 178 182 187 189 188 189 191 192 191 190 189 188 188 188 186 184 184 186 186 185 184 184 183 182 177 173 166 158 161 166 169 176 181 183 186 189 189 187 185 182 179 177 182 183 181 179 182 186 183 186 188 185 182 180 179 180 180 182 184 185 187 187 187 186 186 184 184 184 185 184 183 181 179 180 182 183 185 184 183 183 186 188 187 186 185 185 185 186 186 188 188 188 189 189 189 187 184 186 189 190 190 189 188 187 187 189 190 190 189 188 186 183 181 182 183 183 178 171 165 164 164 164 166 169 172 173 174 177 179 181 181 182 183 184 186 188 189 190 191 193 197 199 200 194 190 190 191 191 192 190 189 188 188 191 199 201 194 189 188 186 190 196 197 200 197 195 194 191 190 188 186 187 187 185 189 190 192 192 191 191 191 191 192 194
239 203 196 193 193 193 193 195 207 215 209 204 204 198 194 193 191 189 190 193 194 194 196 198 198 200 200 196 193 191 191 189 188 186 187 187 188 188 188 189 189 189 190 190 189 189 191 193 192 190 189 190 190 188 187 186 185 188 190 188 186 185 185 187 186 182 178 179 183 186 183 180 179 182 185 186 186 188 190 192 192 192 193 191 189 188 186 184 184 186 186 186 184 183 183 182 177 175 170 167 169 170 174 178 182 183 189 192 189 188 188 189 180 176 180 184 183 181 182 181 180 184 186 183 181 179 177 178 178 180 182 184 185 187 187 185 183 183 182 183 184 183 182 181 179 178 181 183 185 184 183 183 185 188 189 187 185 185 185 186 186 187 187 187 188 188 188 187 184 185 187 188 189 188 187 187 187 188 189 190 189 187 186 184 184 184 184 184 179 171 164 163 163 164 165 169 170 169 171 172 174 176 179 180 182 184 186 187 188 190 192 193 195 198 200 195 190 189 190 192 195 195 190 187 187 191 198 201 195 189 188 186 188 191 192 196 197 194 191 192 191 189 186 188 188 187 190 193 195 198 197 194 191 190 190 188
241 205 197 194 190 190 192 195 204 212 208 205 205 201 197 194 191 188 188 190 193 195 196 197 198 200 201 198 195 192 192 190 189 189 188 188 189 189 188 188 189 190 190 190 190 191 191 192 192 191 190 189 188 184 180 180 182 186 191 191 187 184 186 187 187 181 174 172 177 181 183 181 180 182 184 186 187 188 191 192 192 192 194 193 191 188 187 187 187 187 186 184 184 183 183 181 177 176 174 173 173 175 179 183 181 181 188 191 188 188 192 190 180 174 177 183 184 183 182 178 178 183 182 180 180 178 175 177 179 183 184 187 188 189 188 185 183 183 182 183 184 184 183 182 181 180 181 183 185 185 185 182 183 187 190 188 185 186 185 187 188 186 186 186 187 186 186 186 184 183 185 188 188 189 187 187 188 188 190 190 189 188 187 186 185 183 184 185 182 174 168 166 166 166 166 166 165 163 166 170 173 174 177 180 182 184 186 190 191 192 193 193 192 195 197 196 191 189 192 195 196 197 191 188 189 191 194 197 193 189 187 186 187 187 189 193 194 192 189 190 192 191 189 190 190 189 191 196 201 205 205 200 194 189 186 185
241 205 195 190 189 190 191 197 203 207 206 205 205 202 199 196 190 185 185 189 193 194 195 197 199 200 200 198 195 193 191 190 190 193 191 189 190 190 188 188 189 190 189 190 190 191 191 190 190 188 188 188 188 185 180 178 183 188 192 194 191 187 186 187 186 181 173 171 175 178 181 182 181 181 184 186 188 190 192 192 191 189 190 191 190 189 188 187 187 186 185 184 185 184 183 182 180 179 175 173 174 175 179 181 178 178 182 186 189 189 189 187 179 175 177 181 181 181 183 178 178 181 178 176 177 176 175 178 181 185 186 188 188 189 188 186 184 182 180 181 184 184 180 179 183 185 185 184 183 183 184 183 183 185 188 187 185 185 186 187 188 187 185 185 185 184 184 184 183 182 182 184 186 188 189 189 189 188 188 187 186 187 187 186 186 184 184 185 183 178 172 168 168 166 165 164 161 160 163 168 171 173 176 179 183 187 190 194 195 191 190 189 190 193 198 196 190 191 197 201 200 197 191 189 188 189 192 193 191 188 187 187 187 187 189 191 192 192 190 189 191 191 188 191 195 192 194 199 205 209 208 204 197 190 184 184
241 205 193 186 189 193 195 202 206 207 205 205 205 203 201 197 191 185 186 190 194 194 195 196 199 199 197 196 194 193 192 192 192 194 194 191 191 191 190 188 187 188 188 189 189 189 189 188 187 185 185 187 188 188 184 182 187 194 195 193 191 189 187 185 185 181 176 174 175 176 177 178 178 179 183 187 191 193 193 191 191 190 189 190 189 189 188 187 187 187 185 184 185 184 181 181 182 185 179 174 174 175 176 176 174 176 180 184 187 190 191 188 180 176 179 183 178 176 180 177 177 179 176 171 173 175 177 180 182 185 187 188 187 187 186 185 184 180 177 178 182 184 180 179 183 187 187 185 183 183 184 184 183 185 187 185 184 184 185 185 186 185 185 185 184 182 181 181 181 181 182 183 185 188 189 190 190 189 188 187 186 187 187 187 186 184 185 186 184 180 176 173 169 166 163 161 158 159 163 166 168 172 176 178 180 182 189 194 193 189 186 186 187 192 197 194 192 194 202 208 203 198 192 191 189 188 189 191 189 188 187 187 187 187 189 189 190 191 190 190 193 193 190 194 199 200 201 204 207 209 207 202 197 192 186 185
241 206 192 186 190 197 203 209 210 209 205 205 205 204 202 198 192 188 189 192 194 195 194 195 199 196 194 195 194 194 193 193 193 195 196 193 191 189 189 187 185 186 186 188 189 188 189 189 187 187 186 187 190 187 183 182 185 192 192 192 191 189 187 185 183 180 178 176 175 174 174 174 176 178 183 188 191 194 193 191 192 191 189 190 191 191 189 187 187 187 186 185 185 182 179 178 183 189 186 179 177 177 174 172 171 172 176 182 186 190 191 188 179 176 181 184 178 175 177 176 175 175 173 168 169 175 177 179 181 184 186 187 186 186 185 184 183 178 175 176 180 184 184 184 185 185 187 187 184 184 185 185 184 186 187 185 184 184 184 183 182 183 183 184 184 182 181 180 180 181 182 184 186 188 189 190 191 191 190 190 188 187 187 188 186 185 186 187 184 181 178 176 170 167 162 160 158 159 162 165 168 172 176 178 179 183 189 193 191 187 186 186 185 187 191 195 196 198 204 210 208 201 194 193 191 188 188 189 188 187 188 187 187 188 187 188 188 189 191 191 196 197 198 201 204 206 206 203 205 210 208 202 198 193 190 187
240 204 191 188 192 198 206 212 211 211 208 206 206 204 202 199 195 193 193 193 193 194 193 193 195 194 193 194 194 192 191 192 193 195 194 191 189 190 188 185 184 185 185 187 187 187 190 194 189 188 188 188 190 189 185 181 182 185 189 190 189 187 188 187 185 180 179 177 176 174 173 173 177 180 185 187 190 191 190 189 193 193 190 190 192 191 187 184 184 187 185 183 183 181 176 175 179 186 188 183 178 177 174 170 169 170 175 179 184 188 190 187 181 179 183 185 182 178 176 174 173 174 172 170 171 174 178 180 181 183 185 185 186 185 184 182 180 176 174 174 179 184 187 187 187 184 186 186 184 185 186 185 184 187 187 183 181 182 182 180 177 178 180 183 184 183 183 180 180 181 183 183 186 187 191 191 192 193 192 191 188 186 186 187 188 186 186 186 184 181 180 178 174 170 165 161 159 161 162 165 169 172 175 179 184 190 195 196 191 186 184 184 183 184 188 198 202 199 204 208 209 202 195 194 192 189 188 189 188 187 186 187 187 189 186 186 186 188 190 192 193 195 201 204 205 204 204 200 202 207 208 205 201 195 191 183
239 200 188 189 195 199 203 207 207 209 208 205 204 203 201 199 197 195 194 192 192 192 192 192 192 193 194 194 191 188 186 188 192 193 193 190 188 189 189 188 187 187 188 187 188 189 194 198 193 189 189 191 192 191 186 182 183 184 186 188 189 188 186 187 186 182 182 181 179 176 176 176 177 180 185 186 187 187 189 190 197 196 192 191 192 191 188 183 182 185 185 182 182 183 177 174 175 178 182 183 181 180 179 175 172 172 174 176 181 185 186 185 181 180 181 184 183 181 177 173 173 175 175 173 173 175 176 179 182 184 185 185 185 185 184 182 181 178 174 174 178 182 187 189 188 185 186 186 183 184 185 186 185 188 187 183 178 178 179 178 175 176 179 183 184 183 184 183 183 184 184 183 183 187 190 190 192 193 193 192 189 186 186 187 188 186 186 186 185 184 183 180 176 171 166 163 162 162 161 168 172 173 176 181 187 192 197 196 191 186 184 183 182 182 186 196 199 198 201 204 207 203 198 195 195 191 190 189 188 187 186 188 189 190 184 182 183 185 188 191 192 192 200 202 199 197 198 198 200 205 207 207 202 195 189 180
238 196 187 190 195 197 199 202 202 202 201 200 200 200 198 198 198 196 195 192 189 189 189 188 188 190 193 193 191 186 182 183 189 194 195 191 188 188 189 190 189 189 188 186 187 191 193 196 194 190 190 192 192 191 187 182 182 184 185 188 189 188 186 187 186 184 182 181 181 178 175 175 177 178 184 184 183 185 187 192 201 199 193 191 191 191 188 184 182 182 182 179 179 182 178 175 174 173 176 179 178 179 181 181 178 174 174 176 179 181 182 180 179 182 184 184 182 180 177 174 174 174 176 175 174 175 177 178 179 181 184 184 185 184 184 184 184 182 176 172 175 180 186 189 190 187 187 186 183 184 186 187 188 188 186 182 177 177 178 179 178 178 179 182 183 183 184 185 186 186 185 183 182 186 188 188 190 191 192 192 189 187 187 187 188 187 186 186 185 183 182 180 177 174 169 168 165 163 162 167 172 174 175 177 182 187 190 192 192 189 187 185 183 182 185 189 193 197 200 203 204 203 200 199 198 195 191 190 188 187 187 190 192 192 185 182 184 185 186 188 188 189 197 200 196 193 195 198 199 201 204 207 202 193 186 180
237 195 187 189 194 197 198 201 200 198 198 199 199 197 196 197 197 197 196 192 188 188 188 186 186 190 192 193 191 187 184 183 188 194 195 192 190 189 188 189 189 189 189 187 187 191 192 194 193 191 190 191 193 191 187 184 181 185 186 188 189 189 187 188 187 184 180 179 180 178 175 175 177 177 181 182 181 180 185 189 197 196 194 192 192 192 189 185 183 182 181 178 175 176 176 174 175 174 172 174 174 175 178 179 176 172 174 176 177 179 180 179 178 181 185 182 179 178 177 173 174 174 175 176 174 176 178 178 177 179 182 182 184 184 184 186 188 188 180 174 174 178 183 187 190 188 187 185 182 184 187 186 188 188 186 182 178 178 180 182 182 180 179 181 184 183 183 184 184 185 186 184 182 184 187 189 190 191 192 191 189 187 187 187 188 187 186 185 184 184 183 180 178 175 172 170 168 167 167 168 171 173 173 174 179 184 187 191 193 193 191 188 186 185 185 186 189 195 197 200 200 200 197 196 197 196 194 194 191 190 189 191 193 195 190 185 184 184 185 184 187 191 196 199 195 192 196 198 198 194 199 206 203 191 186 185
237 195 186 188 194 197 195 197 196 196 197 197 197 195 194 196 197 197 193 189 185 184 186 186 187 188 190 193 191 188 187 187 189 193 194 194 193 192 189 188 189 190 191 189 188 190 192 194 193 190 188 189 192 192 189 185 182 185 185 190 191 190 187 188 187 183 179 179 178 177 177 176 177 176 180 181 180 179 184 188 192 194 194 192 192 191 189 187 184 183 181 178 174 173 176 176 177 174 170 168 171 174 177 181 180 176 173 173 175 177 178 181 181 180 180 182 180 177 175 171 173 174 175 175 173 175 177 178 178 179 181 180 180 183 184 188 190 190 186 182 178 176 181 184 188 189 186 183 181 184 187 185 186 188 186 182 181 181 182 183 181 178 178 182 183 183 183 183 183 184 184 185 182 183 187 190 190 190 191 192 191 188 187 187 188 188 187 185 185 186 185 180 177 175 173 171 170 171 173 173 174 174 173 172 176 180 182 187 193 195 192 190 189 187 186 188 191 196 196 198 198 196 191 189 190 192 196 199 197 194 191 191 192 196 194 187 183 182 183 183 186 190 194 195 193 192 196 197 193 184 188 200 200 193 188 188
238 198 189 189 194 198 196 195 196 197 198 197 194 193 193 193 195 194 191 188 184 181 183 188 190 188 189 190 191 189 187 188 192 194 194 194 193 193 193 191 189 190 191 191 191 192 194 196 194 190 188 189 192 192 189 184 184 188 189 191 190 190 188 189 189 185 181 176 174 177 180 179 178 179 181 183 182 182 185 189 192 195 197 194 191 190 188 186 183 182 180 178 175 173 175 176 176 171 169 168 171 177 178 183 184 179 176 175 177 177 178 181 182 179 181 183 179 178 176 172 174 176 177 176 174 176 176 178 181 181 180 178 177 180 184 187 191 191 189 186 180 177 180 184 188 187 185 182 181 183 186 184 184 185 186 184 182 183 184 182 179 178 178 182 183 181 180 182 184 184 184 185 185 185 187 190 189 190 191 192 192 191 189 189 189 189 188 188 188 188 186 182 178 176 176 173 171 171 174 176 178 178 174 172 175 178 180 184 190 193 191 189 190 191 192 192 197 200 199 198 197 194 188 185 186 189 195 200 200 197 192 192 192 194 194 191 186 183 184 184 187 191 194 195 195 196 199 198 193 186 189 197 198 196 191 187
239 199 189 189 194 198 196 196 196 197 198 196 194 192 192 192 192 191 189 188 186 183 184 188 189 189 188 189 190 191 188 189 190 193 194 193 192 193 194 191 189 189 191 191 192 193 194 195 195 191 188 188 190 192 190 185 187 191 192 190 189 190 189 190 190 188 182 176 172 175 181 182 181 180 181 185 185 186 188 191 193 195 195 193 191 189 186 183 181 179 176 173 173 173 174 174 172 170 170 172 176 178 178 181 182 181 180 179 179 177 178 182 185 182 181 181 177 177 178 176 177 178 178 178 177 177 176 177 180 181 180 176 174 177 182 185 189 189 190 188 183 180 182 186 187 185 183 182 181 183 186 184 183 183 184 184 184 182 182 180 178 178 179 182 183 181 178 180 183 185 185 185 185 184 186 189 188 188 190 192 193 192 191 190 190 189 189 189 189 189 187 183 180 179 177 176 174 172 173 176 178 179 176 174 176 178 180 181 188 192 190 189 189 192 195 197 200 203 204 202 199 194 186 182 183 186 192 198 200 196 195 195 194 195 198 198 192 187 187 189 192 195 195 197 198 200 202 200 197 195 196 198 198 196 192 189
239 202 191 189 193 197 198 197 196 197 198 196 195 192 192 191 188 190 191 190 187 187 188 188 189 190 189 189 190 191 189 189 190 192 193 192 192 193 193 191 189 190 191 192 193 194 195 194 194 192 190 189 190 192 190 187 189 193 192 189 189 191 191 190 189 187 184 178 172 170 175 178 177 177 181 186 188 189 189 191 192 192 191 191 189 187 183 179 178 173 168 167 168 172 174 175 172 172 174 177 180 179 177 180 181 179 178 179 178 177 178 187 189 185 183 179 176 177 178 178 180 182 181 179 179 179 177 177 179 182 183 179 172 175 179 183 186 188 190 191 186 183 183 186 187 184 181 181 182 184 185 184 183 183 184 184 184 182 180 179 177 178 180 182 184 183 180 180 182 186 186 186 183 182 186 189 188 188 190 192 193 193 192 191 191 190 190 190 190 189 188 183 179 178 178 178 176 173 173 175 179 180 179 176 176 178 180 178 184 189 189 190 190 190 191 194 198 202 206 205 201 194 187 181 181 185 190 195 198 196 197 197 196 196 201 201 197 194 195 197 198 198 196 198 200 202 202 204 203 201 198 196 197 195 194 192
241 204 193 191 193 197 198 197 197 197 198 197 196 191 191 189 187 190 192 192 189 189 188 188 189 191 192 193 191 191 189 189 189 190 192 191 191 192 193 192 192 192 192 193 194 195 196 195 194 193 193 193 192 191 190 187 191 191 189 188 190 192 192 189 188 185 182 177 171 168 171 175 175 175 181 188 189 187 187 189 190 191 190 189 187 185 182 177 174 169 165 165 166 171 175 176 174 175 176 178 181 177 176 178 177 174 177 179 178 177 181 188 189 186 182 177 176 177 178 179 181 184 183 181 180 180 178 177 179 183 185 180 176 175 178 182 185 187 190 193 189 186 185 184 185 183 180 179 181 183 184 185 184 184 184 184 182 182 180 178 176 178 180 182 184 184 182 181 183 186 188 185 182 181 184 187 186 188 188 192 193 193 192 192 191 190 190 191 189 189 188 182 177 177 179 180 178 175 173 173 176 178 180 178 175 175 177 175 178 183 187 190 190 188 188 191 193 197 201 201 198 192 188 186 185 186 190 194 195 197 198 197 193 193 199 201 201 202 203 203 202 202 200 202 204 203 202 206 206 205 200 199 199 197 196 194
240 204 196 193 194 194 195 196 196 197 198 196 193 188 188 189 187 188 188 191 196 195 189 188 190 191 193 196 194 190 189 189 189 191 193 192 192 193 194 196 194 191 190 191 193 194 194 195 194 194 194 195 194 191 190 190 190 191 188 189 190 190 189 186 185 183 181 178 172 169 169 172 174 175 180 185 186 186 186 188 190 190 191 190 186 185 181 175 172 169 167 169 171 172 173 173 173 175 174 175 178 176 178 178 174 175 180 182 182 179 183 185 185 184 180 176 175 174 176 178 180 184 185 181 178 179 178 180 183 186 185 181 179 178 179 184 187 188 190 192 190 189 186 184 186 185 180 177 177 180 182 184 183 183 182 181 183 183 182 179 177 178 181 182 185 185 183 182 183 187 188 186 184 183 184 184 185 186 188 190 193 193 193 192 191 191 190 189 189 187 186 183 178 178 180 180 179 176 171 170 172 175 179 179 176 175 177 176 176 183 187 191 191 188 187 188 190 194 196 196 192 189 190 191 190 189 193 193 194 198 199 195 191 190 195 199 202 204 204 201 200 202 201 204 205 206 206 206 206 206 201 202 201 198 198 197
239 203 195 192 194 194 193 194 195 196 197 196 191 187 188 189 189 189 187 190 199 197 191 188 190 191 194 199 194 190 189 190 190 191 194 194 193 192 195 196 194 192 190 191 193 194 194 194 194 194 194 194 193 191 190 190 190 191 190 188 189 189 186 183 180 180 181 179 175 169 167 171 174 175 177 180 183 185 185 187 189 190 191 189 185 185 181 175 174 174 174 175 174 172 170 168 171 176 180 178 175 174 179 178 176 179 183 186 187 183 183 182 180 180 177 176 175 173 174 178 180 184 185 182 179 178 179 181 186 188 185 184 182 182 182 185 187 190 191 191 189 188 187 185 185 184 182 180 178 179 183 186 183 183 182 179 182 184 183 181 179 179 181 185 187 187 186 185 185 187 188 186 185 183 183 183 183 185 188 189 190 192 193 193 192 190 190 190 189 187 186 185 181 178 180 181 180 176 171 170 169 174 179 179 178 177 178 179 182 187 188 190 191 189 187 188 192 193 194 193 190 187 187 188 189 189 191 192 194 198 199 195 193 191 192 195 202 203 200 198 197 197 197 203 206 207 210 209 207 205 202 202 201 199 199 199
240 206 198 196 196 194 192 193 193 193 193 191 190 189 189 188 190 190 190 187 189 189 189 188 190 191 194 195 192 190 190 193 193 193 194 193 191 192 192 194 193 192 190 191 192 194 195 194 194 194 194 193 192 191 191 193 192 192 191 188 188 187 184 179 178 179 181 179 174 171 169 170 171 173 176 178 181 184 185 187 189 191 191 188 185 186 183 178 178 180 181 179 177 175 167 164 169 178 181 178 175 175 178 180 182 185 188 190 190 190 187 184 180 175 173 173 173 172 174 177 181 185 185 183 180 179 180 182 184 186 186 184 185 184 184 185 187 189 189 189 188 188 188 186 183 181 180 180 179 180 183 189 186 182 182 181 181 184 184 184 182 180 182 185 188 190 191 190 189 189 189 187 184 183 181 181 182 184 185 188 189 191 192 192 191 189 188 188 189 187 186 185 182 180 180 181 181 178 175 174 173 175 179 179 179 179 179 183 189 191 191 190 190 187 185 189 195 195 193 193 190 186 181 180 184 186 189 192 194 196 196 195 194 192 192 193 195 196 194 193 190 189 191 198 201 203 209 212 207 202 203 202 200 199 201 201
240 206 199 198 198 194 191 192 191 191 191 189 188 188 187 186 187 189 187 177 177 183 188 189 189 191 193 193 191 192 194 195 196 195 194 191 190 191 191 191 191 192 192 191 191 193 196 195 193 192 193 193 192 192 194 195 194 194 192 189 186 184 183 182 181 181 178 174 170 170 170 171 171 174 176 178 182 184 186 186 188 192 192 188 186 186 182 179 180 185 186 181 179 179 172 169 172 178 182 180 177 177 180 182 186 191 192 190 192 194 190 185 181 176 175 175 173 173 176 179 182 186 186 183 180 180 180 181 182 184 185 186 184 185 185 186 187 187 187 187 186 188 188 184 181 180 179 180 178 178 179 184 185 180 182 182 181 183 186 188 186 183 183 187 189 191 192 192 191 189 189 186 182 182 182 182 182 182 183 187 188 190 191 190 189 187 187 187 188 189 187 185 184 182 182 183 183 180 176 176 175 176 178 179 180 178 177 183 191 193 190 191 190 188 185 187 196 197 192 189 188 184 177 176 182 185 188 190 192 194 194 194 195 195 191 190 191 192 190 189 186 186 186 193 199 202 207 213 208 201 202 202 200 202 206 203
240 204 196 198 198 195 193 191 190 190 189 189 187 187 186 186 186 185 181 166 169 179 184 186 189 191 193 194 194 194 196 196 195 194 192 190 190 192 192 192 192 194 192 192 192 194 196 195 193 192 195 195 193 192 194 196 193 193 190 187 185 184 184 184 183 180 177 174 171 168 168 170 174 177 178 180 182 184 185 185 186 188 189 188 185 183 179 177 178 188 189 185 185 183 179 177 176 181 185 184 178 177 180 181 185 190 191 191 193 196 191 185 181 179 177 175 175 176 179 180 182 185 184 183 182 181 181 182 183 185 185 186 184 182 182 185 186 186 187 185 184 186 187 184 181 180 179 180 179 178 178 179 181 180 182 183 184 185 187 188 188 186 186 189 189 190 191 191 190 188 187 184 181 181 182 182 182 181 181 184 187 190 190 189 187 186 188 188 190 189 187 188 187 185 184 184 184 183 179 178 178 178 180 181 180 178 178 184 191 192 191 191 191 189 184 185 193 195 191 187 186 184 179 178 184 187 188 189 191 192 194 194 195 196 192 189 190 191 190 188 186 185 186 190 197 201 206 210 207 203 202 203 203 205 209 205
240 204 196 198 197 194 192 190 190 190 189 189 186 184 183 184 182 178 175 166 170 174 178 184 189 192 193 194 196 197 196 196 194 194 191 190 191 196 195 194 195 196 194 192 192 193 196 197 193 193 196 196 193 191 193 195 192 189 188 186 185 184 182 183 183 179 176 174 170 166 166 169 173 178 179 179 182 183 183 184 183 182 185 187 183 180 176 176 179 191 194 192 194 189 183 181 180 183 187 189 183 177 178 179 182 188 189 191 196 198 194 188 182 183 180 178 178 179 181 181 182 184 184 184 184 184 182 182 184 186 186 186 185 182 181 181 183 185 186 185 184 184 186 185 181 179 179 181 182 179 178 180 179 180 182 184 185 186 187 188 189 188 189 190 190 190 190 189 189 188 187 183 181 180 181 181 182 180 178 181 185 188 189 189 187 188 189 190 191 190 188 188 188 186 184 184 184 185 183 181 180 179 182 182 180 178 178 183 189 190 192 193 193 191 185 186 190 191 190 188 186 184 183 184 186 188 188 188 189 191 193 192 193 195 192 190 190 190 190 191 188 185 187 190 194 199 204 209 207 203 203 204 204 206 207 206
240 205 198 196 195 194 192 189 189 189 190 189 186 181 182 181 176 171 166 166 169 171 176 182 188 193 195 197 197 197 198 197 196 194 192 192 194 199 198 198 200 197 195 194 192 192 195 197 195 195 197 196 193 193 193 193 191 190 189 188 187 185 183 182 182 180 178 175 169 166 167 169 173 178 178 177 179 181 182 183 183 183 186 185 182 179 180 182 183 192 196 194 193 190 184 181 181 185 187 186 183 178 177 178 182 188 190 190 195 198 198 191 186 183 183 182 180 180 181 183 183 184 185 185 186 185 184 184 184 185 184 184 185 183 180 179 181 184 186 186 184 184 185 184 182 180 180 183 184 183 181 180 179 179 182 186 187 187 187 189 188 189 191 192 192 191 190 188 187 185 183 184 184 181 179 180 179 177 177 178 180 183 186 190 190 190 191 192 192 191 190 188 188 187 185 184 185 187 185 184 182 181 183 183 180 178 178 180 185 188 191 192 191 191 189 189 194 197 197 192 186 187 186 184 187 189 186 188 190 190 192 190 192 194 193 191 189 189 190 192 192 190 190 189 190 195 201 209 209 205 205 205 202 203 202 202
240 207 199 196 195 194 190 187 187 188 188 187 185 182 183 179 173 168 160 163 171 173 176 181 186 191 195 197 196 197 197 198 197 195 192 192 193 198 199 199 200 195 194 193 193 192 195 195 193 193 196 195 194 193 191 192 191 190 191 190 187 185 182 182 181 181 180 176 174 173 172 174 178 180 175 174 178 182 182 183 184 184 187 183 181 180 183 186 186 192 195 191 190 190 186 183 183 185 185 185 183 177 177 178 183 188 191 189 192 196 196 190 185 185 185 184 181 180 181 182 182 184 186 187 186 185 185 185 182 181 181 182 183 182 181 180 181 183 184 186 184 184 187 185 181 180 180 183 183 183 184 181 180 179 182 186 187 187 187 188 189 190 192 194 193 192 191 188 187 184 184 185 184 180 180 181 176 174 175 174 175 179 183 188 190 189 190 190 192 193 191 189 187 186 186 185 187 189 185 183 183 183 184 184 181 179 178 178 182 187 189 189 190 193 194 193 199 204 204 197 191 191 188 186 187 187 188 189 188 186 188 188 190 193 194 192 190 188 189 192 194 194 192 190 188 191 200 209 210 206 206 206 200 199 201 199
241 207 199 196 194 193 189 186 187 188 189 187 185 185 186 181 176 172 164 161 172 177 177 181 186 191 195 197 195 194 194 196 195 196 194 195 196 200 198 197 196 193 193 192 191 191 192 193 192 192 195 194 192 190 190 192 193 193 192 188 184 185 182 180 180 181 181 179 177 176 176 180 184 183 178 177 179 180 182 184 186 185 184 183 182 180 183 188 188 189 189 187 187 190 186 185 186 188 188 188 183 179 179 181 185 188 191 191 191 192 188 185 184 185 186 185 183 181 181 181 179 180 183 185 186 186 186 186 183 179 180 182 181 182 182 179 179 180 181 183 181 183 186 184 180 180 181 183 181 181 183 180 180 180 183 186 186 186 188 190 190 191 192 194 192 189 188 187 186 186 186 184 181 179 179 178 173 170 171 171 168 171 178 184 187 188 189 188 190 191 189 188 186 183 182 183 186 189 188 185 184 183 182 181 177 177 178 177 182 189 191 189 191 195 197 197 201 204 203 198 194 190 187 187 187 187 187 185 185 186 186 188 190 193 194 194 192 189 189 193 195 197 193 188 188 192 202 208 207 205 205 205 200 199 203 199
241 207 199 195 193 191 189 187 188 189 189 189 188 187 186 183 180 176 169 162 171 178 180 183 187 192 195 195 193 191 191 193 195 196 199 201 202 202 198 193 192 192 193 191 189 189 189 191 192 193 194 193 191 190 189 191 193 194 190 186 184 185 182 180 178 179 179 177 174 174 175 180 184 183 179 178 178 179 181 185 187 186 184 183 184 180 183 188 188 187 187 186 189 189 187 186 188 188 186 184 179 176 178 182 187 190 191 191 191 189 187 184 184 185 186 185 183 182 182 180 178 178 180 183 186 186 186 187 184 181 181 182 181 182 182 179 178 178 179 180 179 181 183 182 180 180 181 182 181 178 177 177 178 179 182 185 185 185 187 190 191 190 191 193 191 187 187 186 184 185 185 183 179 178 179 176 170 165 166 165 162 166 173 179 182 186 188 188 189 189 188 187 185 182 181 182 186 188 188 186 185 183 181 180 176 178 179 178 182 191 194 193 194 198 197 199 200 200 200 197 193 188 186 186 187 187 184 177 181 185 185 188 189 190 192 193 192 189 190 194 196 197 193 188 188 194 202 207 207 205 204 205 201 200 202 197
240 205 195 191 189 188 187 187 189 191 190 191 190 188 183 182 180 175 167 161 165 172 180 186 190 193 194 193 190 188 190 192 195 199 202 206 207 203 199 194 192 192 192 188 186 185 186 190 192 194 194 193 192 190 189 190 192 193 193 192 190 189 188 185 181 179 176 175 174 173 176 179 182 180 179 178 178 178 181 186 189 190 185 184 185 184 185 189 189 187 186 186 188 188 187 190 190 186 181 177 175 173 176 181 184 189 189 190 189 187 186 184 184 186 187 186 184 182 182 181 179 179 180 183 185 186 187 188 186 184 183 183 182 181 181 179 178 178 178 178 179 180 178 178 178 178 178 180 180 176 169 170 173 174 180 183 182 182 184 188 188 188 188 190 190 188 187 186 181 178 179 179 175 175 176 173 167 162 163 161 159 163 170 175 175 180 186 187 189 189 188 187 183 181 183 184 185 186 186 185 185 183 182 183 181 180 180 179 182 191 195 196 199 200 196 198 197 195 195 194 190 185 184 185 187 188 180 169 175 182 183 185 188 189 189 190 189 189 191 195 197 197 194 192 194 200 205 206 204 202 203 203 201 202 201 193
239 201 192 189 186 183 183 186 190 193 192 191 190 186 182 181 182 177 169 163 161 168 179 187 190 193 193 192 190 189 192 194 195 198 200 206 208 205 201 197 194 192 190 187 181 181 185 189 193 196 197 197 196 192 190 191 193 192 191 191 188 187 186 187 185 184 182 183 182 178 178 181 181 180 180 180 180 183 186 188 189 189 187 185 186 186 184 186 188 187 186 184 184 186 187 192 193 190 184 180 179 176 176 177 180 185 186 188 187 186 186 183 184 188 188 188 186 184 183 183 181 182 182 183 185 188 189 189 188 186 185 182 181 179 179 180 178 178 177 177 179 178 175 175 175 175 175 177 176 170 160 158 165 168 176 180 180 180 181 184 185 186 187 188 190 188 187 183 176 168 168 170 165 168 171 171 167 164 164 163 161 161 167 173 170 175 181 183 188 189 189 187 182 182 184 183 183 183 182 183 185 185 184 185 184 182 179 177 179 189 195 198 203 205 203 199 195 190 187 186 185 185 186 184 186 187 183 173 175 179 181 184 187 187 188 188 188 188 189 195 197 197 196 197 202 204 203 201 200 200 201 200 200 200 200 192
239 201 193 190 185 182 183 186 188 192 193 192 190 186 182 181 182 177 172 166 161 165 178 187 190 192 191 191 193 192 192 194 196 200 201 206 208 204 201 198 195 192 190 187 183 183 188 191 193 198 202 200 197 194 193 193 193 194 188 182 182 183 183 184 184 185 185 187 187 184 181 181 183 185 183 183 185 188 190 190 189 188 189 186 183 185 181 181 185 185 183 182 182 184 187 193 194 193 190 188 187 182 178 176 178 186 190 186 186 189 186 183 184 188 189 187 185 183 183 184 183 183 184 186 188 190 190 189 189 188 187 184 181 180 180 177 176 178 179 179 179 176 175 173 173 173 173 173 173 167 155 149 156 163 170 174 179 179 178 181 183 186 187 188 190 188 185 178 170 162 160 161 157 160 164 169 168 165 165 165 163 161 166 171 169 171 174 178 186 189 188 187 183 182 184 183 183 182 181 181 184 187 186 186 186 183 179 175 176 186 193 196 201 207 210 203 197 190 185 184 184 186 188 187 187 188 188 184 179 177 181 189 190 189 188 187 188 186 188 192 195 198 200 198 199 200 201 200 199 200 200 199 199 199 200 196
240 203 194 190 185 182 183 186 189 192 193 191 189 187 185 184 182 177 175 169 162 165 178 187 190 191 189 190 193 194 194 195 201 208 209 211 209 202 197 196 195 192 191 188 186 187 190 193 193 198 202 201 196 194 193 193 193 193 188 182 183 183 181 181 181 182 183 185 187 185 183 182 185 188 187 188 188 189 192 193 191 191 192 187 182 183 179 179 183 184 182 180 181 184 188 192 192 191 191 192 191 185 181 179 179 183 185 182 186 190 185 183 185 188 188 186 184 183 183 184 183 185 185 187 189 190 189 189 189 189 189 186 181 180 180 177 176 177 178 180 179 176 175 173 172 172 172 169 169 165 154 142 148 155 163 170 176 176 168 171 177 182 187 188 189 186 181 173 166 161 159 158 155 155 159 168 170 165 163 164 165 164 168 173 172 169 170 175 185 188 187 185 181 181 184 184 184 182 181 180 183 186 186 185 185 183 179 173 172 181 191 195 201 207 210 206 202 196 189 185 186 188 189 189 190 191 191 187 182 182 188 195 192 190 190 190 188 184 188 192 196 200 201 198 198 199 200 200 199 197 199 200 199 198 198 196
240 203 193 189 187 185 184 187 188 191 192 191 189 187 185 185 183 180 178 175 169 170 178 184 191 190 188 190 193 194 195 195 200 206 209 211 208 198 195 196 195 193 192 190 189 189 191 193 194 198 201 200 198 195 193 193 193 191 189 187 185 184 183 182 182 182 184 186 187 186 186 187 186 188 189 189 189 190 195 196 193 191 191 188 182 183 181 181 183 184 182 180 181 183 185 188 189 187 190 191 187 181 175 173 174 175 173 176 184 188 184 184 187 188 188 187 186 185 185 186 185 185 186 187 189 188 189 189 189 190 190 187 184 182 181 179 177 176 178 181 180 178 176 170 169 170 171 170 166 163 156 145 146 145 151 163 169 167 162 161 162 171 181 185 186 182 175 164 159 159 162 158 153 153 156 165 165 164 163 166 167 167 172 177 179 175 171 171 180 184 185 183 181 181 183 186 186 184 182 181 183 186 186 184 184 184 179 173 170 178 187 192 200 206 209 207 205 200 194 192 193 194 191 193 193 192 193 190 187 188 192 193 192 190 193 197 194 189 193 196 203 202 199 201 204 204 202 199 197 195 195 198 197 196 195 192
239 200 189 187 188 187 186 185 187 189 191 189 188 185 181 182 183 182 180 179 177 178 180 185 191 190 189 191 193 193 194 194 196 200 202 205 201 197 196 196 195 193 192 190 190 190 191 192 194 198 199 198 199 193 191 192 192 190 190 190 187 186 184 183 184 184 185 187 187 187 187 187 186 186 187 187 188 193 196 194 191 189 188 187 185 185 184 182 183 186 183 181 180 179 182 187 189 185 186 185 181 174 167 165 170 170 170 174 181 185 184 186 187 187 187 188 188 186 185 185 185 186 187 188 189 187 189 189 189 190 190 189 187 185 184 183 181 176 178 182 181 178 175 168 165 167 172 172 166 162 155 144 140 136 143 154 157 159 160 159 152 159 176 183 183 178 170 159 155 160 165 162 158 156 155 158 160 163 163 165 166 167 173 180 183 181 172 166 175 182 186 183 181 179 181 184 185 185 184 183 185 187 186 184 185 185 179 172 169 175 184 190 195 199 205 202 200 198 196 198 199 200 196 195 194 191 192 189 189 190 190 188 186 188 195 200 199 195 196 200 205 204 202 205 205 204 201 197 194 192 194 196 197 197 194 190
238 196 186 186 186 186 185 183 185 187 188 188 186 183 179 180 181 180 179 182 182 183 185 187 192 194 192 193 193 193 193 195 195 199 201 201 198 195 195 197 195 193 193 191 190 192 190 191 193 196 198 197 196 191 189 190 190 190 188 189 187 185 182 182 184 186 186 186 187 187 188 188 187 185 184 185 187 190 194 192 191 188 187 188 187 188 186 184 185 187 185 182 179 178 179 184 188 187 186 184 178 171 164 166 172 172 172 175 178 181 183 186 187 188 189 190 189 186 185 184 185 185 185 186 188 189 189 189 189 190 189 187 187 186 185 184 182 179 180 183 182 179 174 166 160 163 171 172 164 158 147 130 125 129 140 145 147 153 160 159 147 154 173 179 176 170 166 160 159 165 168 165 162 157 155 158 161 162 163 164 165 166 171 179 182 180 171 164 176 184 186 183 182 180 179 181 181 182 184 184 184 185 186 185 186 185 178 171 168 173 180 187 191 194 199 201 200 198 194 194 198 201 200 197 196 192 192 191 189 189 189 188 186 187 192 197 197 194 193 198 201 202 201 203 201 197 195 194 195 194 196 196 197 196 194 190
236 192 184 186 185 185 183 179 182 186 188 188 186 182 179 179 180 177 178 183 186 190 193 194 194 196 195 196 194 193 194 196 196 199 200 198 197 195 196 197 196 193 194 192 191 191 190 191 193 196 198 197 193 189 188 189 189 189 187 187 185 184 182 182 184 187 186 186 187 187 188 189 188 186 183 183 187 190 192 192 191 188 187 188 188 190 187 186 187 187 185 184 180 177 176 179 187 189 189 188 183 174 170 174 180 179 174 175 177 178 183 187 188 189 191 191 189 186 184 183 183 184 184 186 188 189 190 190 190 190 188 187 187 186 186 186 183 181 181 183 184 180 173 163 157 158 165 167 158 145 127 110 112 126 140 139 135 142 157 156 143 152 170 173 166 161 163 163 164 167 166 164 162 157 157 164 164 162 164 167 168 166 169 174 178 179 175 174 185 187 186 184 182 180 179 179 180 182 184 184 184 184 185 186 186 184 177 171 168 172 176 182 188 191 195 203 203 200 194 192 193 198 202 200 198 195 194 193 190 190 189 191 190 187 189 193 194 192 190 193 197 197 196 198 196 190 190 192 197 201 202 199 196 194 194 192
235 192 184 187 185 184 181 177 181 187 190 189 186 182 178 177 176 176 178 185 190 195 199 198 195 195 194 194 195 197 196 195 196 197 197 197 197 197 196 195 195 194 195 192 189 189 192 195 197 198 198 197 192 189 188 190 190 190 187 186 186 186 183 183 184 187 187 186 187 187 188 191 191 189 184 182 186 190 190 190 190 190 191 192 192 192 189 188 187 187 186 183 179 177 177 181 187 190 190 190 189 182 178 182 186 185 178 176 177 178 184 189 189 190 191 192 190 186 182 180 181 183 184 186 188 190 190 190 190 190 188 187 189 187 186 186 184 182 182 183 184 179 171 160 154 155 160 162 150 130 110 102 111 125 133 129 123 129 145 148 140 146 160 163 158 155 160 162 163 161 159 160 161 158 159 166 166 165 166 170 171 170 170 172 174 179 181 184 188 187 187 187 185 182 181 181 183 184 184 183 183 183 185 186 186 184 177 171 168 173 177 182 189 192 194 200 203 201 196 192 191 193 198 201 202 199 197 193 192 190 190 193 193 189 188 191 192 191 190 191 193 195 194 194 194 191 189 192 197 202 203 198 192 190 192 193
235 190 184 188 187 181 178 177 183 190 194 192 188 183 178 175 174 174 177 187 192 195 198 198 196 194 192 192 195 199 199 197 196 195 194 196 199 197 196 197 197 195 194 190 189 190 194 198 198 199 199 196 193 190 190 192 193 193 191 191 189 189 186 184 183 186 186 188 189 189 190 192 193 191 189 188 189 189 188 187 188 192 197 196 193 192 191 189 188 188 187 182 179 178 179 183 186 187 187 188 189 186 184 186 189 185 180 179 179 180 183 187 189 191 192 191 189 185 181 179 180 181 183 186 188 188 190 190 190 190 189 189 191 189 188 187 185 184 183 183 182 179 170 161 155 156 158 156 140 118 103 102 115 126 125 119 117 125 134 138 139 140 145 150 151 152 157 160 160 159 160 162 162 159 156 160 162 163 165 167 170 173 176 176 176 181 184 188 189 189 189 190 187 184 183 183 185 185 184 183 182 183 184 187 187 183 178 172 169 172 177 184 191 195 196 198 200 201 199 195 193 194 197 202 202 202 199 194 194 192 192 191 192 190 189 190 190 192 192 191 192 194 193 191 191 192 190 190 194 198 201 197 191 189 191 192
235 191 185 188 186 180 178 181 185 190 194 194 191 186 180 177 175 174 175 186 192 192 194 194 192 193 192 190 193 197 198 197 196 192 193 199 200 197 200 200 198 194 190 189 189 189 192 196 196 197 196 194 193 192 193 195 195 195 195 197 195 195 190 186 184 185 186 186 189 188 189 191 191 191 193 193 193 192 190 189 190 193 197 196 193 193 192 188 187 187 187 184 180 180 180 183 187 188 188 185 186 187 187 190 191 187 182 179 179 181 184 187 189 191 191 189 188 186 183 180 181 182 183 185 187 188 191 190 189 189 188 189 191 191 190 188 186 185 185 182 180 176 166 156 151 149 145 142 124 107 101 107 121 130 123 115 119 127 132 137 142 137 132 140 147 150 156 161 162 163 166 169 168 162 156 155 157 159 161 163 166 171 178 180 182 186 188 190 192 190 191 192 189 186 184 184 187 185 184 183 183 182 184 185 187 185 180 175 170 172 176 182 191 196 200 201 201 202 202 198 193 195 201 204 204 203 199 195 194 193 192 192 192 192 191 190 191 193 191 190 191 192 191 189 188 189 187 190 193 194 197 195 192 191 193 193
235 192 186 187 185 182 182 184 187 190 193 193 191 188 184 181 176 175 174 180 187 190 190 190 191 191 191 190 191 194 197 197 195 190 191 195 197 197 201 200 197 193 190 190 190 189 189 189 191 193 194 192 194 194 194 195 195 191 192 197 197 197 195 192 187 185 184 186 188 188 188 189 187 188 189 190 193 194 192 190 189 192 193 194 195 194 192 188 187 187 187 187 183 182 182 184 188 191 189 183 183 187 187 188 191 187 182 179 179 182 185 188 189 190 190 189 187 187 185 183 183 184 184 185 186 187 189 190 189 188 187 188 190 191 191 189 186 186 187 183 178 170 157 140 132 124 116 112 100 94 98 111 123 127 119 111 120 128 132 138 142 133 126 134 144 150 158 165 167 168 169 172 172 167 161 156 153 153 158 162 165 168 173 178 184 185 185 186 189 190 191 191 191 188 185 185 187 186 184 184 183 182 183 185 187 188 183 178 173 173 176 182 190 197 201 201 199 199 200 196 193 193 200 205 206 204 200 196 194 193 191 192 192 193 191 190 191 193 191 189 189 190 189 188 187 186 185 189 192 192 194 195 194 195 195 194
236 195 188 188 187 187 186 186 187 190 192 190 188 186 184 183 179 176 175 174 181 187 188 189 191 191 191 190 191 194 197 197 194 191 191 192 193 196 198 197 196 194 193 192 190 189 188 186 188 192 195 194 196 196 194 194 193 189 191 193 194 193 194 192 189 186 186 187 187 187 187 188 187 187 185 187 194 198 193 190 189 191 192 194 195 193 191 189 188 189 189 187 185 183 181 183 189 190 187 182 179 183 187 188 190 186 182 179 180 184 187 189 189 188 188 188 188 187 186 187 186 185 185 185 186 186 187 188 188 188 187 187 189 192 191 188 187 189 188 181 174 165 149 129 116 105 97 90 87 91 100 111 120 120 110 105 116 127 129 126 123 123 124 128 138 150 160 167 169 168 169 171 172 169 164 159 153 152 157 162 164 166 170 174 178 179 179 181 184 186 188 190 192 190 187 185 186 187 185 185 186 185 185 184 184 186 186 181 177 176 177 182 190 199 199 198 197 197 197 195 195 194 196 202 208 206 199 195 193 191 191 191 191 191 191 190 191 191 188 187 188 188 187 187 186 184 185 189 191 191 193 197 200 199 197 195
239 198 189 190 190 189 187 187 188 188 189 187 186 185 184 184 182 180 177 174 179 186 187 188 191 192 193 192 193 194 195 195 193 192 191 191 194 197 197 196 195 194 195 193 191 190 190 188 188 193 197 197 199 198 196 193 191 190 190 192 193 191 190 189 188 186 188 189 188 186 187 189 190 189 187 188 196 199 195 191 191 191 191 191 193 193 191 191 190 191 191 189 186 184 182 183 187 188 186 182 180 184 191 194 191 184 181 178 180 183 185 188 189 188 187 189 190 187 187 188 188 187 187 185 184 186 187 188 188 186 185 185 188 189 189 187 188 189 186 178 168 160 148 128 110 94 88 87 92 98 103 110 116 110 104 107 117 121 112 98 96 109 120 126 136 145 154 161 163 163 164 166 167 166 164 160 155 154 159 162 160 162 168 171 171 175 179 180 182 184 186 188 190 188 185 185 185 186 186 186 187 187 187 185 182 184 185 183 179 177 177 181 189 195 195 197 198 199 200 200 200 197 196 199 204 201 194 190 190 189 188 188 188 188 189 188 189 189 189 188 187 184 182 185 186 186 188 191 192 193 196 202 203 198 195 194
238 196 187 188 188 185 183 182 182 183 184 186 187 188 189 189 187 184 182 181 184 188 189 189 189 190 192 193 193 194 194 192 190 186 187 192 197 199 196 196 195 194 193 191 192 194 194 192 190 193 197 197 197 197 196 194 192 193 192 193 194 191 188 191 192 189 190 190 188 186 186 188 190 192 189 189 194 197 196 196 196 194 190 188 190 193 193 193 193 192 191 188 188 186 185 184 185 189 190 187 187 189 192 197 193 184 180 178 180 183 184 187 189 187 187 188 188 188 187 187 188 190 190 186 184 186 186 187 188 185 184 184 186 186 185 186 187 186 184 175 165 158 148 132 112 93 83 83 92 98 104 109 111 104 101 108 111 105 87 75 86 107 120 128 138 143 148 153 156 157 158 159 160 161 164 161 157 157 159 160 158 162 166 166 166 172 179 178 179 182 184 186 186 186 185 185 185 186 186 187 188 189 188 185 181 181 184 183 180 178 178 182 188 191 191 198 200 201 200 200 202 203 200 199 198 198 195 191 186 183 182 184 184 186 189 191 191 188 189 189 186 184 182 185 187 189 192 195 196 197 201 205 204 198 194 192
237 194 185 185 184 180 179 179 178 179 183 188 188 189 191 190 188 187 186 185 187 189 191 189 188 189 191 192 193 194 193 191 188 182 184 191 196 197 196 196 195 194 193 191 192 195 196 194 191 193 197 197 197 196 195 193 195 196 194 192 192 190 188 193 199 195 194 193 189 186 185 186 188 190 189 189 192 194 195 198 199 196 191 188 190 194 195 194 193 193 191 187 187 187 185 184 185 192 197 192 190 192 191 193 191 184 180 178 180 184 184 187 189 188 187 187 187 188 188 187 188 191 191 187 184 186 185 186 188 186 184 184 186 186 185 186 186 185 183 175 166 160 149 131 113 91 77 76 80 84 94 106 110 102 95 98 98 91 78 76 95 114 125 135 143 144 145 150 154 155 155 155 157 160 162 159 158 156 156 156 157 164 166 166 165 170 177 177 179 181 182 184 185 185 184 184 184 186 187 187 189 190 189 186 181 181 184 183 181 179 182 186 191 191 193 199 201 200 199 199 201 205 204 200 198 199 199 194 185 176 175 181 183 185 191 195 193 189 189 189 186 184 184 186 188 190 192 196 200 201 202 206 203 197 193 190
236 194 185 183 182 178 178 181 183 183 186 191 193 191 189 188 188 189 184 181 186 190 193 191 190 190 190 191 194 195 192 190 186 182 184 190 192 193 194 194 193 192 192 193 194 196 195 194 193 194 197 197 196 194 192 189 192 195 194 191 190 192 192 196 201 196 198 198 193 187 185 185 185 186 186 187 188 190 191 195 198 196 192 189 190 193 195 192 191 191 189 187 187 185 185 185 187 194 197 194 193 195 192 189 183 180 179 178 180 183 184 187 189 188 189 188 187 187 189 188 189 192 191 188 185 186 184 185 185 185 185 184 185 186 185 183 182 182 182 177 168 160 144 124 108 89 75 69 68 75 87 99 100 93 82 86 88 85 83 91 107 120 131 143 149 149 148 152 156 157 155 155 155 157 160 157 157 158 158 159 160 163 163 163 163 169 174 176 179 181 181 181 181 180 182 182 183 185 187 189 191 191 188 185 183 182 183 183 183 182 184 188 191 191 194 202 201 198 197 198 201 205 205 202 199 201 201 196 188 177 173 178 183 185 192 195 191 189 189 189 187 186 186 186 189 190 192 196 203 204 202 201 201 195 190 191
236 194 185 183 184 178 176 183 188 188 188 192 195 191 186 186 188 188 181 176 183 190 193 192 191 192 191 192 192 193 193 191 186 183 186 191 192 194 193 191 188 187 190 192 194 194 191 192 194 195 196 195 194 192 189 186 189 192 192 190 192 194 194 197 197 193 197 199 194 189 188 187 187 188 186 185 186 188 190 192 195 196 193 190 191 191 192 190 188 187 187 188 187 184 185 185 189 192 193 194 194 196 193 186 179 174 173 176 178 182 183 185 188 190 191 190 188 188 188 189 190 191 192 190 187 187 186 185 183 183 183 183 184 185 184 180 178 178 179 177 170 159 139 119 107 92 82 69 67 80 92 90 85 78 77 84 86 83 92 102 111 123 139 152 155 152 151 155 155 153 154 156 156 158 162 162 159 159 160 162 163 162 161 159 161 168 172 175 180 182 182 182 179 178 180 183 184 184 186 189 192 192 189 184 182 182 185 185 185 183 185 190 192 190 193 199 197 196 197 200 203 206 205 203 202 202 201 197 191 186 179 178 184 186 192 193 189 188 189 186 187 188 188 188 190 192 194 199 204 203 200 195 195 193 190 195
236 194 186 185 185 180 178 183 186 187 186 188 191 186 186 187 188 186 180 176 181 186 190 191 191 191 192 190 189 190 190 189 186 185 188 192 194 194 193 190 188 186 187 189 191 189 188 192 194 196 194 192 191 190 187 185 188 192 192 192 196 196 193 192 189 188 192 192 190 189 191 192 192 193 190 189 190 191 194 194 196 197 195 192 191 191 188 187 186 185 186 188 188 188 187 189 191 190 190 192 192 192 188 182 174 168 169 173 177 181 181 184 187 190 191 192 190 190 190 189 190 191 192 191 189 189 186 185 184 184 184 184 185 185 184 179 173 173 176 177 173 162 142 128 115 100 92 79 71 88 101 86 75 71 79 88 87 84 95 103 107 119 140 158 158 153 152 154 153 150 151 156 157 160 167 167 163 159 161 164 165 165 164 162 163 168 170 174 180 182 183 183 181 179 180 183 184 184 186 188 189 191 191 187 181 181 184 186 185 184 185 190 195 193 193 198 198 197 198 200 203 206 205 203 202 203 202 200 195 191 186 182 184 184 189 191 190 188 185 180 187 189 190 190 190 191 193 199 201 202 201 196 191 192 195 199
237 195 186 185 185 184 181 182 183 181 181 183 184 182 184 186 186 184 181 179 182 185 189 194 191 191 191 190 187 187 188 188 185 185 188 191 193 194 194 191 189 189 189 189 189 188 188 192 195 195 194 192 191 189 186 184 187 190 189 193 199 197 192 189 184 184 185 187 187 187 190 193 195 194 190 190 192 196 199 195 195 196 195 193 191 190 186 184 184 184 184 187 187 186 187 191 192 189 187 186 188 191 189 180 173 168 166 170 174 179 180 183 187 190 191 192 191 190 190 188 189 190 191 190 188 188 186 185 185 186 186 186 185 184 183 178 172 172 175 177 174 165 152 145 131 109 103 95 79 87 95 81 74 73 84 95 93 89 98 102 101 110 137 159 161 158 156 156 158 156 151 153 155 155 160 163 159 157 162 165 166 170 169 167 164 165 166 171 178 181 182 184 184 181 182 184 185 185 186 188 189 190 191 190 183 181 184 186 186 184 185 187 195 196 196 198 198 198 199 200 204 206 204 200 197 199 201 202 196 191 188 185 184 185 190 194 191 186 183 181 187 190 191 191 189 189 193 199 204 207 205 199 196 196 197 200
237 195 186 185 186 186 185 184 181 179 178 181 181 182 182 183 184 181 179 181 184 185 191 196 196 194 195 194 190 189 189 187 185 184 187 190 194 199 198 192 190 189 191 190 190 190 190 192 195 196 194 192 190 187 184 182 185 187 185 188 197 195 190 187 183 180 181 183 185 185 189 193 194 192 187 188 192 196 199 196 195 195 194 192 192 189 185 183 184 184 184 185 185 184 185 188 189 186 183 182 184 192 195 186 178 170 164 166 171 177 180 183 187 191 192 193 191 190 190 187 187 188 190 190 188 187 185 186 188 189 189 186 183 182 180 176 173 174 176 177 173 167 160 157 146 123 113 105 85 82 85 80 77 79 93 103 105 100 100 100 99 109 135 158 163 163 161 161 164 164 159 156 153 152 154 155 153 153 158 163 166 169 169 169 164 159 161 169 178 182 183 186 188 186 186 186 186 186 187 187 188 188 190 192 186 182 184 186 186 186 185 187 194 198 198 198 198 198 199 203 206 208 204 197 193 192 194 198 194 189 188 188 188 190 193 198 193 184 182 186 190 193 194 191 188 187 194 203 209 210 207 201 199 197 195 197
238 196 187 187 188 188 188 186 183 181 180 181 182 183 181 183 186 183 181 182 181 184 189 194 198 198 198 197 195 191 190 187 184 184 187 189 193 202 203 195 191 189 190 192 194 193 192 194 197 199 196 193 188 184 183 182 183 186 185 184 187 188 188 187 181 172 172 178 184 186 190 191 190 187 183 185 192 196 196 194 194 196 193 191 192 189 185 183 183 183 182 182 184 184 184 186 185 184 181 181 183 193 195 185 178 172 164 164 172 176 180 182 186 192 193 193 191 190 188 185 185 187 188 189 187 186 184 185 187 189 189 184 182 179 178 177 179 179 179 177 174 169 164 161 155 137 121 110 93 84 84 86 83 84 99 114 120 111 102 102 104 114 133 157 165 165 164 166 168 168 168 166 158 153 153 153 153 153 156 161 165 166 166 167 162 159 162 173 180 183 184 186 188 188 188 188 187 186 186 186 187 187 190 193 188 183 184 185 186 187 186 190 195 198 199 201 203 203 201 203 205 207 204 197 191 189 189 192 193 192 189 190 194 195 195 197 192 184 184 189 193 194 193 188 187 190 196 208 211 208 204 204 203 196 193 198
237 194 188 188 190 190 189 189 188 186 184 183 182 182 179 181 187 188 187 183 180 184 191 194 196 198 199 198 196 192 188 185 184 186 188 190 193 197 200 198 194 190 188 190 192 195 194 195 199 201 198 193 188 184 187 186 184 184 185 183 182 183 184 182 173 160 161 172 181 187 191 192 189 185 181 183 190 195 196 194 194 196 192 191 191 189 185 181 181 181 178 179 183 186 186 185 186 184 181 180 181 189 188 180 174 167 162 164 170 173 177 180 184 189 191 190 189 188 186 184 184 185 186 189 188 187 185 184 184 185 185 183 181 179 179 180 182 181 180 178 175 172 168 164 160 149 132 117 102 91 90 95 90 89 102 118 130 120 108 109 112 120 132 154 163 163 166 170 171 173 174 172 165 158 154 154 156 154 152 155 159 158 161 161 160 164 169 176 180 183 186 187 188 187 188 188 187 186 186 185 186 187 189 190 188 186 186 185 185 189 189 192 196 196 197 201 207 205 201 202 203 206 205 200 195 191 188 192 198 201 196 193 196 197 195 194 191 184 185 192 194 192 190 189 191 194 197 200 205 204 202 207 207 200 197 199
237 192 186 188 190 189 188 190 190 190 189 185 183 181 177 179 186 189 189 186 183 185 193 193 194 197 199 198 193 189 185 183 184 188 189 192 194 195 198 199 196 191 190 190 192 195 196 195 198 200 197 192 186 185 187 186 185 185 186 184 182 183 182 178 170 161 162 171 180 187 191 191 188 183 180 183 188 192 196 194 192 193 192 191 191 190 187 181 180 180 176 176 181 186 186 184 185 183 180 179 180 182 183 180 173 164 161 163 168 170 174 178 181 184 185 186 188 188 186 184 184 184 185 189 190 189 185 184 183 184 184 184 183 182 181 182 183 182 181 179 177 175 172 168 164 157 144 124 109 101 99 98 95 97 105 117 128 122 110 110 112 121 133 149 159 163 165 166 170 175 176 174 167 160 157 156 157 153 149 149 151 153 155 160 166 173 177 176 178 181 187 188 188 188 188 189 187 186 185 185 185 185 188 190 189 188 188 186 186 191 192 193 197 195 196 202 205 204 201 202 203 207 208 205 202 196 192 195 202 206 201 194 195 194 191 194 192 188 187 192 197 195 193 193 195 198 194 187 195 202 203 208 206 201 200 198
237 192 186 188 190 188 187 189 190 189 189 187 185 181 177 179 185 188 190 190 187 187 191 191 193 196 196 194 187 181 177 178 181 188 190 194 196 196 198 200 195 193 192 191 192 193 193 191 192 194 192 190 187 187 187 188 188 186 185 184 182 181 181 178 176 174 172 175 180 185 189 190 188 183 179 180 183 188 194 193 191 192 193 191 191 190 188 184 180 179 176 173 177 181 180 181 184 184 182 179 180 180 185 184 174 166 163 162 165 170 175 180 180 181 182 184 186 187 186 184 184 184 185 188 190 188 185 184 183 184 187 186 185 185 184 183 184 181 180 178 175 175 173 170 170 164 152 134 118 111 104 104 109 110 110 115 122 118 111 108 108 114 125 141 156 162 163 162 168 175 177 174 168 161 159 159 157 154 153 151 151 150 149 157 171 179 183 180 179 182 187 188 188 187 188 187 186 185 185 185 183 182 187 190 191 189 189 187 187 193 195 195 200 198 198 203 203 203 204 203 204 207 209 208 206 201 199 200 203 203 200 193 192 190 188 191 194 191 189 193 197 197 196 194 195 197 191 184 190 196 200 204 202 197 199 198
237 194 188 190 190 188 188 188 187 185 183 184 183 181 178 181 185 187 189 193 192 191 192 192 193 194 191 187 181 177 175 174 176 186 191 193 196 198 199 199 195 192 192 191 190 187 185 188 189 192 193 191 189 190 191 192 191 185 182 182 182 179 180 180 181 184 182 180 180 183 187 191 191 187 182 180 180 185 192 192 192 194 193 191 190 189 187 184 182 177 174 173 175 175 172 178 185 188 187 185 184 185 189 185 175 166 163 161 163 171 176 179 181 181 181 183 186 188 187 185 185 185 186 188 188 186 183 182 183 187 189 188 187 187 186 186 184 181 180 177 176 174 171 171 172 169 161 146 127 117 113 122 132 125 115 114 116 115 112 110 104 104 112 130 149 159 161 160 167 173 174 174 170 164 161 160 157 156 157 159 153 147 145 153 168 180 184 185 183 184 185 187 188 187 186 185 184 183 184 185 184 183 186 189 190 189 187 185 185 191 194 192 198 199 199 202 203 204 204 203 204 206 207 208 207 202 202 201 201 199 199 193 189 186 189 192 194 194 191 189 189 193 195 194 193 195 191 185 186 188 192 199 198 195 197 199
237 195 189 192 190 188 188 187 185 182 180 182 183 182 179 182 185 186 190 193 191 193 195 191 187 185 183 178 176 177 178 173 172 183 189 193 196 197 198 197 194 192 191 191 191 187 184 187 190 193 197 196 193 191 193 193 189 184 180 180 182 180 183 185 186 187 186 183 180 182 185 190 191 188 183 181 182 187 190 192 193 194 193 191 189 188 186 184 181 177 174 172 171 168 167 175 184 191 192 188 186 188 188 183 175 165 162 163 166 172 177 180 181 182 182 183 186 188 187 186 187 187 187 187 187 186 179 180 183 188 189 189 189 188 188 187 184 181 179 177 175 173 171 172 175 174 170 157 133 123 128 144 153 139 119 115 116 114 110 110 102 101 110 124 140 153 160 161 165 172 176 177 172 167 164 162 160 158 157 162 157 151 151 155 166 179 183 184 184 184 183 184 184 184 185 183 181 180 181 183 183 185 187 188 188 188 186 181 181 189 192 190 194 198 199 201 201 200 199 199 201 201 202 205 203 198 198 196 198 199 197 192 190 188 191 193 194 197 195 186 180 186 193 195 192 192 189 182 181 182 188 195 195 191 193 196
237 195 190 193 191 188 188 187 185 182 181 182 183 182 181 186 188 189 192 192 192 194 195 189 179 173 174 172 173 176 177 170 169 180 188 193 196 197 196 196 194 192 191 191 192 191 189 189 190 192 195 197 195 192 193 193 189 184 180 179 181 181 184 187 187 188 187 185 181 182 186 188 189 186 180 179 182 186 189 191 193 193 193 191 189 188 186 184 181 177 174 171 166 163 167 175 183 189 191 188 186 189 187 182 174 163 160 162 167 174 178 179 181 184 184 185 187 188 188 187 188 188 187 187 187 184 178 179 184 188 189 189 190 189 188 188 185 181 179 177 176 174 173 175 178 177 174 164 143 137 145 158 161 144 120 119 123 117 113 115 109 106 115 125 136 150 160 163 165 172 182 183 177 171 168 168 167 164 160 162 158 157 159 163 170 178 182 183 184 183 182 183 183 183 184 182 180 179 180 181 184 186 187 188 187 186 182 177 178 188 192 190 192 194 197 199 197 197 197 197 196 195 196 201 199 195 192 189 193 197 196 192 191 190 193 195 194 198 198 190 184 187 190 194 193 192 188 180 180 185 190 194 193 190 191 193
238 196 191 195 194 190 188 186 184 183 182 184 184 181 182 186 191 195 195 193 195 196 193 186 175 168 169 173 175 176 174 168 169 180 187 194 196 194 193 195 195 195 194 192 191 193 192 189 188 189 191 195 196 195 196 194 190 186 182 180 180 181 185 188 186 185 183 181 179 179 182 183 182 181 178 176 179 183 188 190 190 189 192 191 189 188 186 185 183 178 174 169 165 162 166 173 178 184 187 185 186 187 184 178 169 158 154 155 164 174 180 182 183 186 188 188 188 188 188 188 189 188 187 186 185 181 178 180 185 189 189 189 189 189 189 188 186 184 180 180 179 179 177 179 181 180 176 168 156 155 160 169 163 148 132 133 136 126 121 125 121 116 122 133 144 155 165 169 171 177 186 187 181 177 175 174 173 172 169 168 164 160 163 169 173 178 180 181 184 182 182 184 184 183 183 182 180 179 180 181 184 185 186 187 185 183 180 177 179 188 191 188 187 188 190 191 192 196 198 198 200 196 192 194 194 195 192 187 191 196 195 192 192 191 194 197 195 198 199 192 188 187 185 189 196 195 189 183 187 193 194 194 192 190 190 190
238 198 192 194 193 189 187 184 183 183 184 185 185 183 181 182 188 193 192 190 189 189 188 184 175 167 168 174 179 180 176 171 175 183 188 192 194 194 192 193 195 194 194 195 193 191 191 188 187 187 188 193 198 195 196 194 189 188 185 182 181 181 184 184 182 181 178 178 176 176 177 177 175 176 175 176 179 183 185 187 188 187 190 191 191 189 186 184 183 177 172 168 165 163 164 168 173 182 185 185 185 188 181 173 167 157 153 156 166 174 179 182 185 188 190 190 188 187 187 187 189 189 188 185 183 179 178 181 186 189 189 190 190 190 190 188 186 184 182 182 181 181 180 181 182 180 178 173 167 166 170 175 168 157 150 145 139 128 126 132 131 123 127 144 159 165 170 174 176 179 186 186 184 181 180 179 177 175 177 177 173 165 160 165 171 176 178 179 182 183 183 186 186 184 185 183 182 181 181 180 182 185 186 187 184 182 181 180 181 189 192 187 187 187 186 187 191 198 202 201 203 200 192 190 191 193 190 186 190 196 196 192 192 190 192 196 197 200 199 191 185 181 180 186 193 193 189 190 191 193 193 193 193 191 190 190
238 200 195 197 196 191 187 184 182 182 182 185 185 183 179 178 180 184 185 183 180 180 181 180 174 168 169 175 179 182 180 177 180 185 189 192 194 193 190 190 191 192 192 193 192 190 190 189 187 187 189 194 199 195 194 193 189 188 188 187 184 185 184 179 176 174 175 179 179 178 177 174 171 170 172 175 178 179 179 184 188 186 188 189 189 188 185 184 182 175 169 165 164 163 159 159 167 179 182 183 184 189 185 175 168 162 161 164 169 173 178 182 185 189 189 189 188 188 187 187 189 189 188 186 182 178 177 181 183 186 189 190 191 191 190 189 187 184 183 184 183 183 182 180 180 180 179 177 175 176 178 180 173 166 159 145 132 123 123 134 137 128 131 152 169 170 167 172 177 179 182 184 183 181 180 181 182 181 182 181 179 173 165 163 166 173 177 180 181 183 184 185 185 185 185 183 183 181 180 180 182 185 184 184 182 181 181 182 183 189 195 190 186 188 187 190 195 201 203 201 201 198 192 189 188 187 185 182 186 192 194 194 191 190 191 194 197 200 198 190 183 182 183 184 186 186 184 186 188 189 188 189 191 191 189 189
238 201 196 197 196 191 186 184 182 182 183 185 185 182 178 176 177 178 179 178 177 176 178 177 175 173 173 176 177 179 180 180 181 185 190 194 196 191 188 188 189 191 191 191 191 191 192 190 189 189 191 195 196 195 194 192 190 187 189 191 188 187 183 178 174 175 178 182 183 183 181 178 172 170 170 174 177 177 177 183 190 189 188 188 188 187 185 184 182 175 168 163 162 161 155 152 164 173 176 178 181 187 188 179 173 168 169 169 171 175 179 183 186 189 189 189 189 189 188 187 189 189 188 186 182 180 182 183 182 184 188 189 190 190 189 189 187 184 183 184 185 183 182 181 180 180 181 180 180 183 184 183 178 173 166 149 132 121 122 136 145 140 136 152 167 163 155 166 177 182 184 183 180 180 181 185 187 187 186 185 183 181 177 173 169 172 176 179 181 184 186 187 186 185 185 184 184 182 181 181 183 185 184 184 181 180 181 183 184 190 196 192 185 186 186 188 193 200 204 204 203 198 192 188 188 185 180 180 186 187 190 191 188 188 191 197 198 195 193 188 183 184 185 185 184 183 183 181 182 185 183 185 189 190 189 189
238 199 191 193 193 192 189 187 185 185 186 186 187 184 181 179 179 180 178 178 177 176 177 180 180 177 177 177 176 176 177 179 182 185 188 192 194 188 186 188 190 192 190 191 193 193 193 191 190 190 192 194 193 193 194 193 192 190 190 191 188 187 184 180 178 179 183 185 186 186 184 181 176 173 173 177 180 180 179 182 188 187 187 188 189 188 187 186 184 177 170 167 163 158 155 156 165 168 170 174 178 184 187 180 173 169 171 172 174 176 179 182 184 188 188 188 189 190 189 189 189 190 189 186 183 182 184 186 186 187 188 187 189 189 189 189 189 185 183 184 185 183 182 180 179 179 179 178 180 183 185 184 181 178 171 157 138 125 130 147 156 151 144 150 162 161 156 166 178 184 185 184 182 180 184 187 189 188 187 186 185 185 185 181 177 175 175 177 180 184 187 188 184 184 185 185 184 182 183 181 184 183 182 183 181 179 180 183 184 188 193 192 185 184 183 185 188 196 205 210 207 201 192 186 188 186 180 179 186 186 187 187 184 184 186 195 200 194 192 188 185 185 186 185 184 182 184 182 181 182 180 182 187 189 189 190
235 195 189 192 193 191 188 186 185 185 187 188 187 186 186 184 182 182 180 180 178 177 176 179 182 179 180 179 176 177 177 182 187 188 190 193 192 189 188 189 191 191 191 192 193 192 190 189 188 188 190 190 190 193 196 195 192 190 188 188 186 185 184 182 181 184 187 187 186 187 186 184 182 181 182 184 184 185 183 185 188 185 187 189 190 190 189 186 183 179 174 173 165 158 164 168 169 169 169 172 176 184 187 182 175 170 173 174 175 176 177 180 182 186 186 186 188 189 189 189 190 191 191 187 183 182 184 188 190 190 189 187 187 187 187 188 189 187 185 183 183 182 179 178 179 180 180 177 178 182 185 185 185 183 176 167 148 136 147 160 160 156 152 153 162 169 167 171 178 186 187 187 186 185 184 186 187 187 187 186 185 186 186 181 179 179 177 175 176 182 185 186 184 184 185 185 184 183 183 183 183 181 180 181 182 179 179 180 181 185 190 188 186 185 183 183 184 191 202 210 207 202 193 187 187 187 183 181 184 185 186 186 183 180 181 188 198 200 195 191 185 184 184 184 183 183 183 184 184 182 179 183 187 190 190 193
233 190 189 193 193 190 186 186 186 187 189 190 190 192 193 189 186 185 186 186 183 183 180 178 180 181 178 175 174 178 183 188 194 194 195 196 195 195 193 191 191 191 191 191 192 191 189 188 187 188 188 188 191 193 195 193 192 192 190 186 182 183 186 187 186 187 187 187 187 188 187 188 188 188 188 188 186 187 187 187 189 189 188 188 187 190 191 189 185 182 181 178 170 166 173 175 171 170 171 171 173 180 182 179 175 172 174 174 176 177 176 178 182 185 185 186 188 189 188 189 191 191 191 187 183 182 184 187 189 191 190 187 186 186 187 188 188 187 186 183 180 175 171 172 176 181 181 176 177 181 185 186 188 188 181 174 161 154 166 171 166 163 162 162 170 178 179 180 182 186 189 188 187 186 185 185 185 187 187 186 184 185 184 179 180 181 178 173 175 181 184 187 185 185 185 185 185 184 185 185 184 181 178 181 182 179 177 178 179 182 185 182 182 185 185 183 184 189 196 201 200 199 194 188 188 188 185 183 184 182 183 184 182 179 179 183 194 201 196 194 189 186 187 187 184 185 185 189 190 184 180 185 190 195 198 202
232 185 183 189 191 190 186 186 189 192 195 196 192 193 200 197 197 195 194 190 186 186 183 180 179 179 176 173 173 179 186 189 193 193 193 194 194 198 196 193 192 191 191 191 191 190 190 189 187 188 188 188 189 191 192 192 192 193 193 188 184 185 185 187 189 191 190 188 185 187 187 189 189 189 190 189 187 188 186 185 187 189 189 188 189 190 193 193 188 187 184 180 176 174 176 175 172 173 173 169 169 174 178 180 178 173 174 175 177 177 178 179 182 185 186 186 187 188 188 188 190 190 190 189 184 182 185 187 189 187 188 186 185 186 187 187 188 188 186 181 176 171 166 169 176 180 181 175 174 180 182 185 189 189 187 182 176 174 181 182 175 173 173 173 181 185 186 185 184 187 188 187 186 186 185 185 185 186 187 186 186 186 184 179 180 181 178 175 176 182 186 188 185 183 183 185 185 185 185 186 186 181 178 181 182 179 174 174 175 178 181 181 181 184 184 182 183 189 195 197 199 197 192 190 189 188 186 184 183 181 181 180 181 180 179 183 192 195 192 194 192 189 189 188 187 187 190 190 194 192 186 189 193 196 203 210
231 180 177 186 190 188 187 187 190 193 196 197 192 193 203 207 205 200 197 191 187 185 183 179 179 178 174 172 176 182 188 188 189 190 189 189 191 197 197 194 192 192 192 192 192 191 191 190 188 188 188 188 189 189 190 192 192 195 195 192 190 188 188 190 193 194 191 188 185 184 185 188 190 192 191 189 188 188 186 185 184 186 187 189 193 193 194 193 190 188 185 184 182 181 180 179 179 179 175 171 171 177 179 181 179 176 176 176 179 180 179 180 182 185 186 187 187 188 188 187 189 189 189 188 184 182 184 186 186 186 187 186 185 187 187 188 188 186 183 178 173 170 170 173 177 180 181 177 176 180 180 182 188 190 191 187 184 183 187 187 183 182 181 180 186 188 188 187 185 185 185 185 183 185 185 185 185 185 184 185 185 185 184 180 179 179 178 176 177 182 187 188 183 180 181 181 179 182 183 187 187 182 181 184 183 180 174 172 172 173 178 181 181 186 186 182 182 189 196 198 202 197 192 190 189 189 190 187 184 181 180 177 180 184 185 187 189 191 191 195 193 188 186 186 189 191 193 191 194 192 190 194 195 194 202 210
231 181 176 186 190 188 189 187 189 191 193 193 190 190 197 202 201 197 195 190 189 186 181 179 180 182 181 178 181 184 186 186 186 190 190 188 190 196 200 198 193 195 195 194 194 193 193 192 190 189 189 189 190 190 191 193 193 195 195 196 197 193 193 194 194 193 189 186 187 185 185 188 192 196 192 190 190 189 185 184 184 186 186 189 193 193 193 194 193 189 187 190 191 189 185 184 185 183 178 175 176 182 183 181 178 175 176 178 179 181 181 182 183 186 188 187 185 185 185 185 187 188 187 186 184 183 184 185 184 185 185 184 183 187 187 187 186 184 179 174 172 171 174 177 179 183 182 181 182 182 180 181 186 189 191 189 186 186 188 189 185 186 184 182 185 188 189 189 186 184 184 183 182 183 185 186 185 184 183 183 183 184 183 180 180 179 177 177 178 183 187 187 183 181 181 177 172 176 183 186 187 184 183 185 183 178 173 173 171 169 175 179 180 185 185 183 182 186 194 200 203 199 192 190 189 191 191 188 186 183 178 177 182 192 194 192 187 186 188 193 192 185 180 181 187 193 196 194 193 188 184 189 194 195 199 202
234 186 180 186 190 189 190 189 189 190 191 189 187 188 189 189 190 191 192 190 190 187 181 179 184 190 192 188 186 185 187 187 185 190 192 191 190 193 197 197 194 193 196 195 194 193 193 192 191 190 190 190 191 191 194 193 193 193 194 197 199 197 196 195 194 190 186 186 187 187 188 191 195 196 192 190 192 187 183 184 184 188 188 189 192 194 193 194 195 191 190 193 194 192 188 188 189 190 188 185 186 185 185 184 180 177 177 178 180 181 182 182 183 187 189 189 184 183 184 184 186 186 186 183 184 183 184 185 183 182 182 181 183 187 187 186 185 181 178 173 170 171 176 179 180 183 182 182 183 182 180 180 185 188 189 188 187 187 188 190 189 187 186 184 185 188 189 189 187 185 184 184 183 183 184 184 184 183 182 182 182 183 181 176 176 178 179 177 177 179 183 187 185 183 181 177 170 170 182 186 187 185 185 186 184 176 170 171 170 167 171 175 179 184 185 185 185 189 193 200 203 200 193 189 189 190 189 186 184 183 178 179 186 198 197 187 183 183 186 192 189 182 177 177 182 186 191 192 192 188 182 183 190 195 195 196
235 190 183 187 191 192 192 190 190 190 191 189 188 189 187 188 187 188 190 190 189 186 180 179 183 190 194 190 186 186 187 185 184 186 188 189 189 192 195 195 194 193 193 194 193 191 190 191 190 188 188 190 192 193 196 195 192 190 193 195 195 194 193 193 192 190 187 186 187 190 193 195 196 194 191 191 190 184 181 184 184 187 185 184 187 190 190 192 191 189 189 192 193 191 190 190 192 196 194 191 191 188 187 186 182 177 177 177 179 181 183 184 185 187 190 190 186 184 184 184 185 186 184 182 184 182 183 184 182 179 179 179 182 187 188 186 184 182 181 176 173 174 178 180 181 182 183 183 184 183 181 179 184 186 187 187 188 188 188 190 191 187 187 187 187 189 189 188 187 185 186 186 186 185 185 184 182 180 179 180 180 182 177 168 170 173 175 175 174 174 179 186 188 187 183 180 172 168 183 188 187 188 186 186 184 175 167 165 165 164 169 172 178 185 187 186 189 195 196 198 204 202 194 189 189 189 188 186 181 180 180 181 187 195 190 184 183 184 186 192 191 183 177 177 178 180 183 185 189 190 185 183 186 193 198 199
238 198 190 193 197 198 195 192 190 191 192 190 189 189 187 188 186 186 188 189 188 183 179 179 181 187 188 185 182 182 183 182 184 186 188 189 190 192 194 193 192 193 193 193 192 191 189 188 187 188 188 189 190 193 195 196 192 192 191 194 192 191 190 192 192 190 188 186 186 191 195 196 193 191 190 190 187 182 181 183 183 184 179 179 181 184 187 189 190 188 187 189 190 191 191 192 195 197 195 191 190 191 190 187 184 177 174 176 179 181 184 185 185 187 190 191 189 187 185 183 184 185 184 182 184 185 184 183 181 179 179 179 183 188 188 186 184 182 182 179 178 179 180 180 180 183 185 184 185 184 182 180 183 184 186 187 188 189 188 190 191 190 187 187 188 188 189 188 187 185 184 186 187 185 185 183 179 177 177 177 176 176 174 167 166 167 168 168 170 173 179 186 189 189 186 183 175 170 180 187 187 186 186 185 181 175 165 159 155 153 162 169 177 186 191 189 190 195 197 199 203 202 193 189 190 189 187 185 182 180 179 179 182 188 187 183 183 185 186 191 191 184 179 179 179 181 178 179 183 184 184 186 192 197 201 201
238 206 205 206 202 201 196 191 192 194 196 193 191 190 188 188 186 183 185 186 184 184 184 184 182 183 180 178 178 178 179 182 187 190 192 194 195 194 195 193 192 192 192 194 194 192 190 188 186 186 186 188 191 194 194 195 193 192 191 192 191 191 190 192 192 191 190 189 189 191 194 194 193 192 192 191 188 184 184 183 181 179 176 176 177 181 183 186 188 187 188 189 190 193 193 195 196 195 193 190 190 190 188 186 184 179 175 177 181 184 185 184 185 188 191 190 188 185 182 181 182 183 182 183 185 185 186 184 183 183 183 183 185 190 189 186 182 181 180 180 183 182 180 181 183 184 185 184 184 183 180 177 180 180 182 184 186 188 187 188 192 191 188 188 190 189 188 188 187 185 184 184 186 186 183 178 175 173 174 172 170 169 169 167 166 167 163 164 170 176 182 184 186 188 188 187 181 176 179 184 185 186 187 186 181 176 167 158 151 146 152 163 175 184 190 191 190 192 198 199 200 200 195 191 191 191 189 186 183 181 180 178 180 185 187 184 185 187 187 189 188 184 183 183 180 181 179 177 176 176 179 186 194 198 201 200
238 205 204 208 203 198 193 190 192 194 197 195 192 190 188 187 185 183 184 185 183 185 187 187 184 182 178 176 179 180 180 184 187 189 191 195 196 195 195 193 193 194 195 195 194 192 189 188 185 185 185 187 191 193 193 194 193 192 191 192 191 191 190 192 192 191 191 193 193 193 193 194 193 193 192 191 188 186 185 183 180 176 176 176 177 179 182 185 186 186 187 191 193 194 196 196 194 193 192 191 192 193 191 188 184 180 177 179 184 186 185 184 185 188 190 189 185 181 179 180 182 182 182 183 186 187 187 186 185 184 184 185 187 190 189 185 183 182 180 180 183 181 180 182 186 186 185 183 182 181 179 176 176 176 178 181 184 186 185 188 192 191 189 189 191 190 188 187 187 186 184 183 182 183 181 174 171 169 170 170 168 166 165 167 166 168 166 167 173 179 183 184 185 189 189 188 186 182 180 180 184 186 188 186 182 175 167 162 158 153 149 157 171 182 189 191 192 193 197 196 198 200 199 196 194 193 190 185 183 182 183 182 184 187 188 187 188 189 187 187 186 186 188 187 183 182 181 179 178 178 180 184 190 197 199 197
239 204 196 199 199 196 192 189 191 192 194 193 192 191 188 186 184 183 185 187 186 185 187 190 186 182 179 178 181 182 181 183 186 187 190 194 195 196 196 194 192 192 194 194 193 191 189 188 185 184 185 183 187 192 191 193 193 194 195 196 195 194 193 193 192 191 191 193 195 195 195 194 194 192 191 189 187 187 184 181 179 175 176 178 177 176 178 180 181 185 189 192 193 195 196 194 192 191 190 189 190 193 191 188 183 180 178 180 184 186 186 185 185 186 187 186 183 179 178 181 182 182 182 183 186 189 188 187 186 185 184 186 188 189 189 186 186 185 183 182 182 181 180 183 186 186 184 181 181 180 179 175 174 169 169 175 184 186 185 188 192 191 189 189 191 191 188 187 187 185 184 181 178 177 177 173 169 167 169 169 167 165 164 163 163 165 165 169 175 180 183 184 187 190 190 188 188 183 176 174 182 188 188 187 182 174 168 164 163 157 152 159 170 179 187 194 196 194 194 196 197 199 204 202 199 196 191 185 182 182 183 185 188 188 189 190 190 189 188 187 187 188 192 189 186 187 185 180 179 179 181 182 186 192 193 192
239 201 191 191 194 193 190 189 190 189 190 190 191 191 190 189 186 184 185 187 187 186 187 192 189 183 180 180 182 184 186 185 184 184 188 191 192 196 196 194 191 191 193 194 194 194 193 188 186 185 184 182 185 188 189 192 193 196 198 201 200 200 199 197 195 194 193 193 194 197 198 197 195 192 191 189 189 188 185 179 176 172 174 177 174 173 175 177 179 183 189 193 194 196 197 194 192 191 191 191 194 197 195 188 183 180 179 181 183 186 189 187 185 183 184 184 182 179 179 180 181 181 181 183 186 187 187 188 189 188 187 186 185 186 187 187 186 187 186 186 184 182 183 184 183 185 184 180 178 178 178 176 173 169 168 176 184 186 185 188 193 191 189 191 192 190 187 186 185 184 181 180 177 173 172 171 169 170 170 168 166 164 163 160 160 163 166 170 174 178 184 186 186 187 191 191 187 182 178 177 185 189 189 187 183 178 173 169 168 159 155 162 173 178 182 194 197 197 194 195 197 202 208 205 204 202 196 189 186 186 186 186 189 189 193 193 192 190 191 190 189 189 192 191 189 189 189 186 184 182 184 187 188 186 184 187
238 200 192 192 193 191 189 189 188 187 189 190 190 190 188 188 185 183 186 189 189 188 187 191 188 180 178 181 182 184 186 185 184 184 187 188 191 195 194 192 189 190 192 193 195 195 191 185 184 184 184 182 184 186 189 190 190 194 198 202 201 201 201 202 201 198 196 194 195 199 200 200 198 195 190 188 188 190 184 179 173 170 173 177 175 172 172 176 180 182 188 193 195 200 200 196 193 193 193 195 200 201 197 192 184 181 181 182 184 188 189 187 184 183 184 184 182 181 182 182 182 182 182 184 186 188 187 188 189 189 189 187 184 183 184 187 185 186 186 185 183 182 182 183 183 184 181 179 178 178 178 175 173 172 173 179 185 187 186 189 192 192 191 192 194 191 187 186 185 184 181 179 175 170 169 170 169 170 169 165 166 167 164 162 161 163 168 171 172 178 183 185 186 188 191 191 188 184 184 184 187 189 188 188 186 183 179 174 171 161 156 163 174 176 180 192 195 197 196 196 198 203 209 208 206 203 198 191 190 188 188 188 188 188 195 195 193 192 193 190 189 189 190 191 190 191 191 190 188 186 187 191 189 182 179 186
239 201 193 193 193 192 190 190 187 186 188 189 189 187 184 182 182 183 188 194 194 190 188 187 182 178 179 184 184 185 186 184 184 184 186 190 194 196 193 191 189 189 190 191 193 193 188 182 181 182 184 183 184 185 188 189 188 190 192 198 201 202 203 207 208 202 197 194 196 198 199 200 198 195 191 188 186 188 185 180 172 169 173 178 180 175 170 173 178 180 185 190 195 201 202 197 193 193 192 194 199 200 199 193 186 182 183 183 186 189 189 186 183 184 185 185 181 181 184 184 184 186 186 186 186 187 187 187 186 186 186 186 185 184 185 187 185 184 183 183 181 179 179 181 182 183 180 179 177 176 176 173 171 172 177 181 185 188 189 189 191 193 193 192 193 191 187 187 187 185 182 179 173 168 167 169 168 169 168 166 167 169 165 163 162 164 168 171 173 178 181 183 185 187 189 190 188 187 187 182 183 187 189 187 186 186 184 179 174 165 157 162 173 174 178 187 192 196 196 195 197 202 208 208 205 202 197 192 191 189 190 189 190 189 193 195 193 193 192 191 189 189 190 191 193 195 193 192 191 190 190 190 189 185 184 187
238 201 194 194 195 194 191 190 187 185 187 189 189 189 185 182 182 184 188 193 193 191 190 187 185 183 184 187 189 190 189 186 185 188 192 199 202 200 193 192 190 188 188 189 188 186 183 180 180 182 184 184 185 186 189 190 188 192 194 196 198 202 205 206 203 195 193 194 195 198 199 200 197 194 191 188 184 185 186 183 175 171 176 182 186 181 172 170 175 178 177 184 192 196 198 197 195 191 186 187 194 201 202 195 188 184 184 185 187 189 189 185 182 183 185 185 182 181 187 189 188 187 187 187 185 186 185 184 181 181 184 186 187 188 188 187 185 183 182 183 183 180 178 181 182 183 182 179 176 172 172 171 170 175 180 184 186 187 187 190 191 193 195 193 192 190 188 189 188 186 184 179 172 167 168 168 165 165 166 168 169 166 164 162 162 165 169 172 175 178 180 181 183 185 185 186 188 188 185 176 179 187 188 186 185 188 189 185 180 170 162 163 171 171 173 184 190 196 197 196 197 202 208 208 204 200 195 191 189 188 190 189 190 190 191 194 194 192 191 191 189 189 189 193 195 197 196 194 193 193 191 190 190 192 194 193
239 202 194 195 197 194 190 189 187 186 187 188 189 191 188 183 182 185 187 190 192 190 193 192 190 188 187 188 194 197 194 187 185 190 195 201 203 200 194 194 192 188 189 189 186 182 180 182 183 185 186 186 186 188 190 192 191 194 196 195 196 202 204 199 191 187 189 193 195 197 200 198 195 193 191 188 185 185 186 186 181 179 180 183 187 184 176 174 177 178 174 181 189 195 197 197 195 191 186 188 198 206 202 193 187 184 184 187 189 189 189 185 182 182 184 185 185 185 188 190 189 188 187 186 185 186 185 182 179 180 183 186 187 189 189 188 187 186 185 184 182 179 176 181 183 184 182 178 176 173 174 174 173 177 181 183 185 185 185 187 190 193 195 193 193 191 187 187 186 185 184 180 174 170 170 169 166 162 164 168 166 162 162 163 164 167 171 172 174 177 179 179 181 183 184 184 188 189 186 181 181 185 187 185 184 185 188 186 182 174 166 165 171 171 172 182 189 192 197 198 198 202 208 208 204 200 195 193 191 190 191 190 189 191 191 194 195 193 191 191 190 187 187 193 196 196 197 195 194 194 195 194 193 196 196 193
240 205 197 196 196 194 190 188 186 186 188 188 186 188 186 181 184 187 188 191 194 191 191 192 190 190 189 189 198 202 195 187 186 189 192 196 196 194 193 193 192 191 192 190 186 180 180 183 186 188 188 187 186 188 193 193 190 193 195 195 197 201 202 193 184 184 189 194 196 196 199 197 194 193 193 190 188 189 188 189 186 185 182 181 184 184 180 177 178 179 179 184 189 193 195 197 197 193 189 192 201 206 198 190 188 185 185 187 189 189 189 186 182 183 185 186 187 188 189 190 189 189 188 187 186 187 187 182 177 177 181 183 184 186 188 187 187 187 185 181 178 176 175 179 182 183 184 180 175 172 175 177 178 178 178 178 181 184 184 185 187 191 192 192 193 190 187 186 183 184 183 180 175 170 167 166 166 164 165 166 162 156 157 160 164 167 169 170 172 175 176 178 180 182 184 184 187 189 186 184 184 183 186 186 185 184 185 185 182 177 172 169 172 172 174 181 188 189 196 198 198 201 207 208 206 201 198 199 197 196 196 193 190 190 192 196 198 195 193 194 194 188 186 191 195 197 196 193 194 197 197 197 196 197 196 192
240 206 199 196 195 194 190 187 188 189 190 188 188 187 185 185 186 189 190 193 195 191 190 190 191 193 194 193 194 196 191 187 187 187 189 192 191 188 190 194 194 193 192 190 186 181 181 183 186 189 189 189 189 191 194 194 190 191 192 195 197 201 201 193 185 185 189 193 195 196 196 196 194 194 194 194 194 195 194 193 191 187 182 181 186 188 184 179 180 182 184 187 189 192 193 197 198 194 191 191 194 196 192 188 188 187 186 187 189 189 188 187 183 183 186 188 188 191 192 191 190 190 188 186 187 187 187 184 178 176 179 181 183 186 186 183 184 187 185 179 176 176 175 175 179 183 185 181 174 172 174 179 181 180 177 175 179 181 181 184 187 191 191 192 192 191 188 187 184 183 181 179 173 166 161 163 166 167 165 164 160 152 153 159 163 166 167 168 170 172 173 177 179 180 183 185 188 190 189 187 183 183 186 187 186 184 183 183 181 177 175 174 175 173 174 180 186 191 193 195 197 198 202 205 206 202 199 201 202 202 200 195 191 190 192 194 195 193 195 201 199 191 191 195 196 198 198 195 195 197 198 197 197 201 198 194
240 206 199 197 197 194 189 188 188 189 191 190 190 191 191 191 191 191 189 191 193 191 190 189 190 191 192 191 190 188 187 187 190 188 188 190 190 188 190 194 194 192 190 186 181 178 179 183 186 189 189 189 190 190 191 190 188 189 190 192 193 198 199 193 188 188 193 195 194 194 196 195 193 193 193 195 197 198 195 193 189 186 181 180 183 188 187 182 183 186 187 189 191 192 193 197 196 194 193 189 187 189 189 188 188 186 186 187 189 189 188 185 181 182 186 189 189 191 192 192 191 190 188 186 187 187 186 186 184 181 183 183 184 184 182 181 183 186 184 179 176 175 174 174 175 178 181 181 177 174 175 182 183 181 177 174 175 180 182 186 188 190 192 192 192 191 189 188 186 184 180 176 171 166 161 163 166 167 165 164 162 156 157 161 164 165 163 165 168 168 170 175 177 178 181 184 187 188 188 187 184 183 186 188 187 186 184 183 181 179 176 175 176 177 177 180 185 189 190 193 195 198 198 200 207 206 203 202 205 206 203 197 194 193 192 192 194 193 195 199 197 193 195 198 199 200 200 201 202 199 196 196 197 203 199 196
240 207 200 199 199 196 192 190 189 188 188 187 187 190 192 194 198 198 194 191 191 192 191 190 189 190 191 192 189 187 186 189 194 191 189 189 189 188 191 194 192 190 187 183 178 177 179 186 189 189 189 188 190 190 189 188 187 188 189 191 191 194 195 192 189 188 192 192 190 190 194 194 193 193 192 193 194 196 195 194 187 185 181 179 179 185 189 187 187 188 189 190 190 192 192 196 195 192 191 191 190 190 190 192 191 186 184 185 187 188 188 183 180 182 186 191 191 192 192 192 190 189 188 187 186 186 186 187 187 185 184 184 183 182 181 180 182 184 184 180 178 177 176 174 174 177 180 181 179 177 178 184 185 183 179 175 174 179 185 188 188 189 190 191 190 187 186 186 188 186 181 177 174 170 165 163 163 163 163 165 166 163 162 165 165 163 161 161 165 168 167 170 174 176 179 182 186 187 186 186 187 186 188 187 187 184 183 183 183 182 177 177 178 179 180 184 187 189 189 192 194 195 193 196 203 204 204 206 207 207 205 202 199 195 190 190 193 196 197 198 195 193 192 193 201 207 206 208 209 201 198 198 201 206 203 203
240 206 199 199 199 197 193 190 189 189 187 185 184 186 189 192 197 200 199 194 191 192 194 193 192 191 191 192 190 188 186 188 193 192 189 189 189 191 191 192 192 189 187 183 179 178 182 189 192 192 189 189 190 190 189 188 188 189 190 192 190 191 192 191 189 189 191 190 188 188 190 192 192 192 192 192 194 195 195 193 187 186 183 180 180 186 192 191 189 189 189 189 191 193 193 195 193 190 190 191 192 193 195 195 193 187 184 184 186 187 185 182 180 183 189 192 193 192 191 189 187 186 186 186 187 187 187 187 187 186 183 181 180 180 180 180 182 184 184 181 179 178 177 175 175 178 180 179 178 178 180 184 186 186 182 179 177 182 188 189 190 189 189 187 185 184 184 186 188 187 184 180 177 173 168 162 160 160 161 163 166 165 165 166 165 163 161 159 160 164 165 167 173 176 179 182 183 184 185 186 187 188 188 187 185 183 183 183 183 183 180 177 179 180 183 187 190 192 192 193 194 194 190 192 195 198 203 206 206 207 206 202 200 196 191 190 194 199 200 198 196 195 191 192 202 210 210 211 210 203 198 198 202 206 204 206
240 204 198 199 198 196 192 190 189 190 189 186 183 184 187 189 190 194 199 197 192 193 195 195 193 192 192 192 191 191 188 188 190 191 189 189 189 192 192 191 191 189 187 184 180 179 184 189 192 192 192 191 189 189 188 189 189 191 193 193 189 189 190 191 191 191 191 192 191 189 190 192 192 192 192 192 193 193 193 192 189 192 189 185 183 188 194 193 189 189 189 189 192 194 195 196 195 192 190 191 192 193 194 195 192 187 184 183 184 186 184 181 179 183 189 192 193 192 191 189 185 184 185 187 189 188 188 187 187 185 182 180 180 179 179 180 182 183 183 180 178 179 178 177 177 178 180 177 176 178 180 184 186 187 185 183 182 184 189 190 190 189 188 184 182 184 184 188 188 188 187 182 178 175 169 160 157 158 161 163 165 164 164 166 165 162 162 160 158 160 164 167 173 176 180 182 183 184 184 185 187 188 188 186 184 182 183 183 182 181 180 178 179 181 184 189 192 193 193 193 198 196 190 188 188 193 199 203 204 207 205 200 199 197 194 192 197 201 200 197 197 196 198 200 204 211 214 213 211 203 198 195 200 208 205 203
239 203 200 200 199 198 193 190 189 189 190 187 185 185 187 188 190 192 194 194 194 193 195 194 193 193 191 191 191 190 190 188 188 191 192 190 190 190 191 191 191 192 189 187 183 182 185 190 191 193 194 192 190 188 186 187 189 190 191 190 188 187 188 192 194 195 195 195 194 192 193 195 194 194 193 191 191 193 192 191 192 193 193 189 186 190 194 193 191 190 189 190 193 195 195 194 193 191 190 190 190 191 191 192 190 188 186 184 184 185 182 180 181 185 188 190 192 192 191 189 186 184 185 187 189 189 188 187 187 187 183 179 179 179 179 180 182 183 180 178 177 178 178 178 177 178 178 178 176 177 182 186 188 189 188 188 187 189 190 191 191 191 190 186 184 185 186 189 191 190 189 185 182 177 173 164 158 161 164 163 162 161 161 165 164 162 164 162 158 158 160 166 171 177 181 181 183 183 183 184 187 189 188 186 184 183 184 185 183 178 175 174 178 184 186 189 192 195 194 193 195 194 190 184 183 189 197 202 208 209 206 200 201 201 196 194 196 199 200 198 199 199 201 208 210 212 217 217 211 207 204 199 201 209 210 206
241 207 202 203 205 204 196 192 191 190 190 188 186 186 189 192 192 194 195 193 194 195 196 194 195 193 192 192 193 191 189 187 188 193 194 193 190 190 190 191 192 191 191 187 183 183 187 189 193 197 196 193 192 187 183 185 188 189 189 188 188 187 189 191 193 194 194 193 194 194 194 195 196 196 195 193 192 194 193 192 192 195 195 192 189 192 194 195 193 192 191 190 192 192 192 192 191 189 189 189 190 190 190 191 189 189 188 186 184 184 181 180 181 185 188 191 191 190 190 190 188 186 185 189 191 190 188 187 186 185 183 181 178 179 179 179 182 182 180 178 176 176 176 178 179 178 178 177 177 178 182 188 190 192 192 191 190 191 190 189 190 192 191 186 185 184 185 189 192 192 191 188 185 181 176 168 163 163 164 162 160 159 158 160 160 160 164 162 157 155 158 165 170 176 180 181 180 180 179 181 187 189 188 186 184 183 184 185 182 176 171 168 174 180 181 187 194 197 196 194 194 192 189 185 183 188 196 203 211 213 209 201 199 201 198 194 195 198 200 198 198 197 202 208 210 213 216 213 211 209 207 205 206 208 208 211
243 212 207 206 208 206 198 194 193 191 191 188 186 187 191 196 199 199 200 199 198 196 196 197 196 194 192 191 192 193 190 190 192 195 195 193 192 193 193 192 191 191 192 189 186 186 189 191 193 197 194 192 191 189 188 187 188 188 188 187 186 186 189 191 193 193 194 193 194 196 197 197 197 196 194 192 192 194 198 198 195 195 198 196 191 194 195 194 193 194 192 192 193 193 192 191 191 189 189 188 189 190 192 193 191 188 187 186 184 183 181 179 178 182 187 190 191 190 190 190 189 188 188 190 193 192 190 186 182 180 182 180 177 179 179 179 182 183 181 179 177 173 172 174 178 178 178 176 176 178 183 190 192 193 193 193 192 192 190 189 190 191 189 185 184 185 185 188 191 192 192 188 185 180 176 170 166 164 165 162 159 156 155 155 155 157 161 159 154 153 157 165 170 177 182 182 178 177 177 180 186 188 189 188 185 182 182 183 182 177 169 161 164 171 176 187 193 195 195 194 195 191 189 187 184 186 192 199 207 210 206 201 200 200 199 195 195 198 202 202 199 198 200 206 208 210 209 206 206 205 204 208 211 209 208 215
243 216 212 212 209 203 197 195 194 192 192 189 187 187 190 196 200 201 202 202 201 198 197 197 196 194 192 191 192 194 193 193 197 197 195 195 196 200 201 199 196 194 193 190 188 188 190 190 190 192 189 190 190 191 191 189 189 188 188 188 187 186 188 191 193 193 195 193 195 197 198 198 198 197 193 192 192 195 201 201 198 196 199 197 193 195 194 193 193 194 193 192 194 197 194 191 190 188 187 187 188 190 191 192 190 187 187 186 185 184 180 177 175 179 185 189 191 191 190 189 188 189 189 192 194 193 190 186 180 178 179 179 178 179 179 180 182 184 182 180 177 172 169 173 177 178 178 173 173 179 185 191 192 193 193 192 191 193 192 190 190 191 188 185 184 186 187 188 191 191 191 188 184 179 176 170 168 167 166 163 159 156 155 155 155 156 157 156 153 154 158 166 171 178 184 183 178 176 177 180 186 187 188 188 184 181 180 181 181 177 169 161 160 166 172 186 191 190 191 193 192 187 185 185 183 183 188 194 202 205 203 200 199 199 198 197 197 198 202 205 201 200 202 208 209 207 203 202 202 201 202 208 216 216 214 216
243 215 211 210 207 204 200 198 195 193 192 190 188 188 189 193 197 199 200 200 202 199 197 196 195 192 191 192 193 194 194 195 199 199 198 198 199 204 206 205 202 197 192 190 190 189 188 186 184 186 186 189 191 191 191 190 188 187 187 189 189 187 188 191 193 194 195 194 195 197 198 199 199 198 194 192 192 195 199 201 199 197 198 196 194 195 194 193 194 194 193 192 194 197 194 189 188 189 188 188 190 193 192 190 189 189 189 187 185 184 179 173 172 177 184 188 190 191 190 189 188 189 189 192 193 192 189 188 184 179 179 180 180 179 178 178 182 183 180 179 177 173 170 174 178 178 176 170 171 178 186 191 193 194 194 193 191 194 194 192 192 190 186 182 182 184 184 185 188 189 189 188 185 180 178 173 171 171 167 161 159 157 156 157 158 156 154 154 157 159 162 166 170 177 183 183 179 177 178 182 185 185 186 186 182 180 178 177 178 176 173 169 165 164 167 181 189 189 190 189 189 184 183 184 183 182 186 191 199 202 202 199 198 197 199 198 198 197 200 204 205 203 203 206 206 203 198 198 199 199 200 205 216 221 219 214
240 207 201 200 202 206 204 200 196 193 191 191 190 191 193 195 198 201 201 202 203 201 197 196 194 193 191 192 195 196 197 198 200 201 199 197 198 203 205 204 200 196 192 192 192 191 185 181 183 185 188 191 193 193 191 189 187 189 189 188 188 188 190 193 195 196 195 196 197 198 200 201 200 199 196 194 193 193 196 198 197 198 196 194 195 197 197 196 196 193 192 192 193 195 193 188 184 185 187 189 194 198 194 194 192 190 191 188 184 184 179 172 171 176 182 186 189 191 191 190 189 188 190 191 191 191 189 189 187 184 183 183 182 179 177 176 178 180 178 176 175 174 172 176 180 180 178 173 172 178 185 189 192 192 194 192 193 193 192 193 193 189 187 181 181 183 183 184 187 188 187 188 186 182 176 170 170 170 166 161 159 161 162 161 161 157 154 156 162 165 164 165 170 177 183 184 181 179 179 181 186 186 184 183 179 178 176 174 176 177 176 174 170 168 166 178 188 190 189 188 188 188 187 185 183 182 185 190 197 200 201 201 197 195 197 199 197 194 196 203 209 206 202 203 203 200 196 196 198 198 199 204 216 220 220 214
238 202 195 197 200 204 203 199 196 193 191 191 191 193 195 196 200 202 201 201 202 200 197 196 195 194 194 195 197 198 199 201 207 205 201 197 197 200 201 199 197 196 195 192 191 191 188 182 184 187 190 192 193 193 192 192 190 191 192 189 188 188 191 193 195 196 195 197 198 198 199 200 199 198 196 194 193 194 194 195 197 198 196 195 196 200 200 198 196 192 190 191 194 196 194 189 183 183 186 189 195 198 197 199 196 193 193 189 185 184 179 174 173 175 180 185 188 190 190 190 189 189 190 192 191 191 188 189 188 186 186 186 185 181 178 174 174 177 176 172 170 171 173 177 180 180 180 178 175 175 182 188 192 192 193 191 192 192 191 191 190 188 188 184 183 185 186 186 189 189 187 187 187 183 176 168 165 164 163 161 162 166 167 166 165 161 158 159 165 167 165 166 172 180 185 186 182 180 180 179 184 186 183 180 175 175 175 176 179 180 179 176 173 172 169 180 188 191 191 189 189 193 194 189 186 185 187 188 195 197 199 204 200 195 196 199 197 194 196 203 209 206 201 200 200 197 196 197 200 201 200 205 214 216 215 211
239 200 193 195 197 198 198 196 196 195 193 191 192 193 195 196 200 202 201 199 198 197 197 196 195 196 195 196 197 197 198 200 206 205 201 198 198 199 196 194 194 194 194 191 189 189 189 185 186 188 190 192 192 192 192 193 192 192 194 190 188 188 191 193 194 196 196 197 197 197 197 197 197 196 194 193 193 194 193 195 196 198 197 195 197 201 200 196 194 192 190 191 194 195 193 188 185 186 186 188 190 193 196 200 199 198 195 189 184 183 178 175 174 175 178 184 187 188 189 189 189 190 191 192 190 189 187 188 189 186 186 185 184 182 179 174 172 172 172 165 163 169 172 176 179 179 180 180 176 175 179 187 191 193 193 191 192 192 191 190 190 188 188 185 185 186 187 187 190 189 187 186 186 185 177 168 163 161 161 161 165 169 170 170 170 168 163 161 166 170 168 170 174 181 186 187 183 184 183 179 183 185 183 179 175 174 177 177 179 181 181 178 175 176 174 181 188 191 193 193 190 193 195 194 190 189 187 186 191 194 199 205 202 197 197 197 196 196 200 205 209 207 201 200 198 195 196 200 205 205 202 204 207 208 208 206
239 200 191 192 195 196 195 196 196 195 193 194 193 194 194 197 201 203 203 199 195 194 195 197 197 198 198 196 196 197 196 197 199 200 199 198 198 199 196 194 194 194 192 190 189 191 192 190 189 189 190 191 191 191 192 194 195 195 198 195 189 188 191 193 194 195 196 195 194 194 197 197 194 194 194 193 194 195 194 195 196 197 198 197 199 201 200 197 195 194 193 192 194 193 190 189 190 189 188 187 189 190 192 196 197 201 198 189 184 180 178 177 175 175 176 181 185 186 187 188 188 190 191 191 190 188 187 189 188 184 184 183 182 181 179 176 173 171 172 167 164 168 172 175 178 179 180 182 177 176 179 185 189 192 193 191 192 192 191 191 191 190 189 188 188 188 188 189 189 190 189 187 188 188 182 172 162 160 160 164 166 168 170 172 174 171 167 165 169 172 171 174 178 181 185 187 185 187 186 184 185 186 184 180 177 177 180 178 178 181 183 180 177 177 177 180 184 187 191 194 193 191 191 192 190 189 188 187 189 192 194 201 199 196 196 196 195 194 198 204 206 206 203 200 196 193 197 201 205 205 201 199 201 199 202 207
238 198 189 190 194 197 198 197 195 193 191 193 193 193 194 197 200 203 204 199 194 193 193 197 199 199 197 198 197 197 196 196 197 197 197 196 197 197 196 194 192 193 191 189 190 192 193 191 189 189 190 191 190 190 191 193 195 198 202 196 190 189 190 192 193 194 195 194 193 194 198 197 194 194 194 195 196 197 194 194 195 195 197 197 200 201 201 198 196 195 193 193 193 192 190 189 189 189 188 188 189 191 191 193 195 200 199 190 183 178 176 175 174 175 175 178 182 184 183 184 186 189 189 191 190 190 187 187 185 182 182 182 181 180 179 176 175 174 176 172 168 168 171 174 178 179 181 181 178 177 180 182 186 189 191 190 192 192 192 193 193 191 189 189 189 189 189 189 189 190 191 190 190 188 184 175 166 163 162 163 165 168 171 172 173 171 167 168 171 172 170 177 182 183 185 187 187 188 187 186 186 188 186 182 177 177 179 176 176 180 182 181 178 177 179 177 180 182 185 188 191 190 189 185 182 183 188 192 193 191 190 194 195 195 194 194 193 192 194 199 203 205 206 202 195 194 198 200 204 203 199 197 197 196 199 209
238 198 189 188 193 196 198 197 195 191 189 191 193 193 192 195 197 198 198 196 192 193 194 197 199 199 199 198 197 197 197 196 197 197 197 196 197 196 196 194 191 192 191 188 189 191 191 191 189 189 192 191 191 190 190 191 193 197 199 194 190 190 189 190 191 191 193 192 192 192 194 194 194 193 193 194 197 196 192 191 193 195 195 196 199 199 198 197 194 193 192 191 193 193 192 190 189 189 189 190 190 190 190 190 192 196 196 188 180 177 175 172 170 171 171 174 179 181 178 179 182 186 187 189 190 190 187 184 182 182 181 181 182 180 178 176 176 176 177 177 173 170 171 173 175 178 179 178 175 175 178 180 184 187 191 190 190 192 191 192 192 189 189 189 189 188 188 189 191 190 190 190 190 189 187 181 174 169 165 163 164 166 170 173 173 172 170 170 173 175 176 180 184 184 186 188 187 186 186 186 186 188 188 185 180 178 178 176 177 179 181 181 180 179 179 175 176 179 182 185 190 190 187 181 174 176 183 192 196 191 186 189 190 190 191 190 190 188 188 193 199 203 208 202 193 192 196 198 202 204 199 195 196 195 195 204
239 199 189 188 190 193 195 196 192 188 188 191 193 193 192 194 195 195 195 192 191 192 195 198 200 198 198 198 197 197 196 197 197 197 197 197 197 197 197 196 193 192 192 189 190 190 190 192 191 191 193 192 192 191 190 188 188 189 190 189 189 189 188 189 189 190 191 191 191 191 191 191 191 192 192 192 195 196 192 191 193 195 194 196 198 198 197 196 193 193 192 191 193 194 193 192 190 190 190 190 190 190 190 189 190 192 191 185 180 177 175 170 165 164 166 171 178 179 176 176 180 184 185 188 190 191 187 182 180 182 181 181 183 181 178 176 177 177 177 177 176 175 174 173 175 178 179 177 172 169 171 178 184 187 190 190 190 191 190 190 190 189 189 189 189 188 188 190 191 189 188 188 189 191 189 184 180 176 172 169 167 166 171 173 173 172 172 173 173 176 177 180 183 185 186 188 187 185 185 187 187 188 189 186 181 177 179 178 177 179 182 181 181 179 177 175 175 178 183 186 189 190 187 184 176 175 179 184 190 189 185 184 187 188 187 186 186 186 185 189 194 200 206 199 190 188 193 194 197 201 199 194 196 195 192 195
237 196 188 187 190 192 195 196 191 188 190 195 198 195 193 194 193 193 193 190 189 190 195 200 199 195 195 197 196 196 195 197 198 198 197 197 197 196 199 201 198 194 192 190 190 190 190 192 192 193 194 192 191 190 188 186 185 184 184 185 186 185 186 187 187 187 188 190 190 191 191 190 191 192 193 194 195 197 194 192 193 196 196 197 197 196 195 195 193 193 193 193 194 196 195 193 192 191 190 188 187 188 189 190 191 193 191 186 180 177 173 166 162 160 163 167 175 179 176 177 180 183 184 188 191 191 187 183 181 183 182 182 184 182 178 178 178 178 177 177 178 176 175 176 178 180 180 177 172 169 169 175 180 184 189 190 190 189 188 187 189 189 189 189 187 188 188 190 190 189 187 186 189 191 189 186 183 181 178 176 173 171 174 174 174 172 171 174 176 176 174 178 183 186 187 188 185 184 183 184 187 188 189 187 181 177 179 181 181 180 182 181 180 177 173 172 176 180 184 185 186 190 190 189 182 176 176 178 184 185 183 184 186 187 186 184 184 185 184 188 193 198 202 199 190 187 191 193 194 195 196 194 194 194 192 193
237 195 187 187 189 190 191 193 193 191 192 196 199 197 195 193 191 191 191 192 193 196 203 208 204 198 196 200 200 198 197 198 199 197 196 197 196 196 197 198 196 193 193 191 190 190 191 193 194 195 195 193 192 190 191 189 187 183 183 186 186 184 185 187 187 186 187 189 188 189 189 191 192 191 193 195 195 194 191 191 194 196 197 197 195 195 195 194 193 193 194 194 196 197 197 195 193 192 189 187 185 186 188 190 191 193 190 184 179 176 170 164 160 160 162 164 172 177 178 180 182 183 184 189 192 190 187 185 184 183 182 181 181 180 179 179 178 178 178 179 179 178 178 179 180 181 179 175 174 174 176 177 179 181 187 188 189 188 186 186 188 188 188 186 186 188 190 191 190 188 188 188 190 191 190 188 187 185 183 181 178 175 177 177 176 174 174 176 176 174 174 177 181 183 185 186 184 182 180 182 185 187 189 188 181 177 179 183 184 182 180 179 179 175 170 169 174 179 182 185 188 191 192 191 185 178 176 177 181 178 177 182 185 186 187 186 185 186 186 191 195 196 200 197 192 190 192 192 191 191 195 197 194 192 192 195
238 197 188 189 189 187 186 190 191 191 189 192 196 196 197 196 194 191 192 198 202 207 214 217 213 204 201 205 205 202 198 198 197 196 196 195 194 195 195 193 192 191 191 190 190 192 193 193 194 194 193 193 194 193 193 192 190 186 185 188 187 183 184 186 187 184 185 188 188 186 187 189 190 189 190 191 191 189 189 191 193 195 196 197 195 195 195 193 193 192 191 193 197 197 196 195 194 193 191 188 186 186 187 188 189 190 188 185 181 177 171 164 162 163 163 164 170 176 180 182 184 184 185 189 191 190 187 187 187 184 182 180 178 178 178 178 180 180 181 183 182 180 180 180 180 179 177 175 174 176 178 181 180 181 184 187 188 188 186 186 187 187 187 184 185 188 190 190 190 189 190 191 191 192 191 190 188 186 185 185 182 180 180 179 175 175 176 176 171 169 170 172 174 177 183 185 184 182 180 181 184 187 187 188 184 181 182 184 185 184 181 179 179 175 170 167 172 176 181 186 189 189 190 190 187 180 179 181 180 176 174 181 186 185 187 187 186 187 188 191 194 194 198 197 194 192 194 192 190 191 196 199 194 190 189 197
237 197 190 189 188 186 185 188 189 189 188 191 195 197 198 198 195 193 194 200 205 209 214 217 212 206 203 206 205 201 197 197 196 195 195 194 194 195 193 191 191 190 191 191 192 194 195 193 194 194 193 194 195 195 193 192 188 184 184 187 187 183 183 184 183 181 182 185 186 183 182 187 188 187 188 187 186 187 188 191 192 194 194 195 195 195 195 194 192 190 190 192 196 199 197 194 193 193 192 190 188 187 188 189 189 190 190 190 189 184 174 169 166 165 164 165 171 175 181 183 185 185 187 190 191 190 189 188 187 184 182 181 178 179 178 179 181 182 183 185 185 182 180 177 178 177 176 176 176 178 180 182 181 181 184 187 189 189 187 186 186 187 187 184 184 187 189 189 190 190 190 191 190 191 191 190 188 184 184 184 183 181 180 179 176 177 176 173 167 164 164 167 167 173 182 186 185 183 183 182 184 187 187 188 188 185 183 183 185 185 182 179 179 178 174 168 170 174 179 186 189 188 188 190 190 186 182 181 181 181 178 182 188 186 185 186 187 191 190 191 193 193 198 200 196 192 193 192 190 190 196 202 196 188 185 191
238 199 191 190 189 186 185 186 187 188 188 190 194 198 199 199 197 196 196 198 201 204 207 206 202 199 198 201 200 198 195 195 194 195 195 195 195 195 194 192 192 190 190 192 195 196 197 195 194 195 194 194 192 194 193 192 187 183 183 187 187 184 182 180 179 178 180 181 180 177 179 183 185 185 188 190 190 188 189 190 189 190 190 192 193 193 194 193 190 188 189 191 196 201 200 197 192 193 193 193 190 189 190 189 189 191 193 194 194 187 177 173 171 168 164 166 171 175 180 183 186 188 188 189 190 190 189 189 188 186 182 180 179 180 180 181 183 186 187 188 189 186 182 178 178 176 175 176 177 180 184 183 181 181 185 188 189 188 188 188 187 188 187 184 183 185 188 189 190 189 189 189 189 189 189 188 187 185 184 184 185 183 182 180 178 176 175 171 164 161 163 167 168 175 183 186 186 185 185 185 186 188 190 190 189 187 184 183 183 184 182 181 181 181 177 170 170 172 177 182 185 185 186 189 192 188 184 181 182 186 185 184 187 184 181 184 186 191 190 189 190 192 199 206 200 191 188 189 190 190 196 204 202 192 186 187
239 200 190 191 190 186 184 188 190 190 190 191 194 196 197 197 196 195 194 195 198 201 202 198 196 195 194 195 197 196 194 195 195 197 196 195 196 196 195 194 193 191 191 194 197 199 199 197 196 197 195 193 193 195 195 192 186 185 185 185 185 185 183 181 180 179 182 181 177 175 179 184 184 184 186 192 194 190 191 191 189 189 188 188 188 189 189 190 189 189 190 192 194 196 197 195 193 193 194 194 192 191 190 191 190 189 191 192 189 183 178 175 173 170 166 167 171 174 178 182 185 187 185 186 188 189 189 188 187 184 180 178 178 180 180 183 185 188 189 190 191 189 186 184 184 179 177 178 178 180 183 185 183 183 186 189 190 188 188 188 187 186 187 184 183 185 187 188 189 189 187 187 188 190 188 186 185 184 184 185 185 185 184 181 177 174 172 168 162 161 165 172 175 179 184 186 186 186 186 186 186 188 189 189 189 187 184 182 181 181 181 181 181 180 176 171 171 172 176 180 183 183 183 186 188 184 182 181 180 185 186 181 181 180 179 181 183 187 189 188 187 190 198 208 203 192 187 188 189 190 193 200 204 200 194 195
240 202 191 193 195 193 192 194 194 192 191 193 194 195 197 195 194 196 192 191 193 195 196 194 193 193 192 193 195 196 196 196 194 195 195 195 196 196 194 194 193 192 193 195 196 198 197 195 194 195 195 193 193 194 193 190 185 187 186 184 185 186 185 184 183 180 180 181 178 178 181 184 183 184 184 187 190 191 192 192 189 189 188 188 188 189 190 191 191 189 191 192 192 192 192 190 190 191 192 192 191 189 190 195 194 189 187 185 182 183 182 177 172 170 166 166 171 174 178 182 185 184 181 182 186 188 188 186 184 181 179 178 180 181 181 185 188 189 189 189 189 188 187 188 188 184 182 182 180 181 183 186 185 186 187 189 190 189 187 186 187 185 187 184 184 187 189 190 190 188 187 187 187 188 186 185 182 183 185 186 184 185 185 183 178 170 167 162 158 160 168 175 178 181 185 186 185 183 184 186 187 188 189 189 189 187 184 182 182 179 179 179 179 179 176 172 172 174 177 180 182 182 180 182 185 184 181 179 177 181 184 181 176 175 176 179 183 186 190 187 187 192 197 206 204 193 187 188 189 190 191 195 202 203 203 203
239 202 193 195 199 199 200 200 196 192 192 194 195 195 197 196 195 195 192 190 191 192 193 192 192 192 192 193 194 195 195 195 194 193 193 195 196 197 195 193 194 193 195 195 195 195 192 192 191 193 194 193 193 193 192 190 186 187 186 185 186 187 186 184 182 180 179 178 180 181 182 184 184 184 184 186 187 189 192 193 191 190 190 189 190 190 192 193 190 189 191 191 192 193 191 189 189 189 190 191 189 188 189 194 194 187 185 185 184 184 183 178 173 169 165 166 171 175 178 181 185 183 180 180 185 188 188 186 184 182 181 181 182 182 182 186 188 188 188 189 189 188 187 188 189 187 186 184 182 181 184 185 187 187 188 188 190 190 187 186 187 186 187 186 185 188 190 190 190 188 188 189 186 187 186 185 182 182 183 184 184 186 186 183 178 168 163 157 154 159 169 176 178 181 185 186 184 183 183 185 186 188 189 188 189 187 184 183 182 179 178 177 179 180 177 174 172 174 180 183 183 180 180 181 183 185 183 179 176 178 182 183 177 175 175 178 182 187 191 189 192 197 199 204 203 195 188 188 189 191 190 191 193 200 206 207
239 200 194 196 197 198 202 204 200 192 192 192 195 196 198 196 196 194 193 192 192 193 194 192 192 192 192 193 194 195 194 195 194 193 193 194 196 198 197 195 194 194 194 193 194 195 193 190 189 192 193 193 194 193 191 191 189 189 189 189 188 189 184 181 180 181 178 176 177 181 185 186 186 184 186 187 186 188 190 192 191 190 191 190 190 190 190 190 190 190 190 189 191 193 191 190 189 188 189 191 190 187 188 190 187 184 186 188 186 186 183 177 171 167 164 164 170 176 180 180 184 185 183 181 184 188 188 187 186 185 185 184 184 184 184 186 187 187 188 189 189 189 188 188 189 188 188 185 182 183 185 186 188 188 188 190 189 190 187 186 187 187 188 188 189 190 189 187 187 188 189 188 186 187 188 186 185 183 182 183 185 187 186 181 174 165 163 159 157 163 171 176 176 180 184 185 185 185 186 184 185 188 190 188 188 187 185 185 184 179 177 177 179 182 180 178 174 175 183 188 184 181 181 180 180 183 183 180 177 178 182 185 180 178 178 179 182 188 193 192 198 202 203 203 201 198 194 190 189 190 189 188 188 195 204 208
238 198 190 191 193 196 199 203 201 192 190 190 192 194 196 195 194 192 192 193 193 194 194 194 193 193 193 193 194 194 193 193 192 191 191 193 195 197 196 194 194 194 194 193 193 193 191 188 189 191 191 191 193 194 193 192 190 191 191 191 190 188 184 180 179 182 180 178 178 180 185 186 185 184 184 186 187 188 188 189 189 189 191 191 190 190 190 191 189 189 189 189 191 192 192 191 190 187 187 190 192 191 192 192 188 185 185 186 184 184 182 176 169 165 161 162 169 175 180 182 185 187 185 183 184 187 188 189 189 187 185 185 186 186 186 188 188 188 189 188 187 187 187 188 190 189 188 185 184 184 186 188 190 190 189 189 188 188 189 188 186 186 188 190 192 191 188 185 184 186 187 188 188 186 187 188 186 184 182 181 182 184 185 181 174 167 167 168 167 170 175 178 178 181 185 185 186 187 188 186 186 187 188 188 188 189 186 185 184 180 178 178 180 182 180 181 179 179 185 188 187 187 184 181 181 184 185 182 179 179 182 184 183 183 182 182 182 185 188 190 196 202 205 205 204 204 200 194 191 189 188 186 186 191 201 209
238 196 184 184 187 190 192 195 196 190 188 187 190 193 198 199 197 193 192 192 192 193 194 195 194 193 193 193 194 192 191 192 190 189 189 191 193 194 195 194 194 194 194 192 192 192 190 188 190 193 191 190 193 195 195 195 193 190 190 192 192 188 185 182 179 178 179 180 179 180 182 184 185 185 185 186 187 189 189 190 192 193 195 195 194 194 194 192 191 191 191 191 192 193 194 193 191 188 188 192 194 196 198 195 188 182 182 184 184 183 180 174 169 165 160 162 169 175 181 185 186 187 187 185 185 188 188 189 189 188 185 185 186 186 186 187 188 188 189 188 187 187 187 188 190 189 189 187 186 186 188 190 192 193 192 190 189 189 190 190 188 188 189 190 192 191 188 184 183 184 186 187 187 186 187 188 186 184 183 182 181 183 185 183 178 172 174 176 174 176 180 181 181 181 184 185 186 188 189 187 186 187 188 189 189 188 187 186 184 182 180 180 182 183 182 187 186 184 188 190 193 193 188 185 183 183 186 187 186 187 185 182 182 183 185 184 183 184 186 189 192 197 204 209 210 210 204 197 192 189 188 186 185 187 195 206
237 193 180 180 185 188 190 192 192 190 188 188 191 193 196 198 199 195 192 191 191 192 193 194 193 192 193 193 192 190 189 190 189 188 188 191 192 194 195 195 194 194 192 192 192 192 189 189 192 197 192 190 193 195 195 195 193 192 191 192 192 189 186 183 181 178 177 178 180 178 179 183 184 185 185 187 187 189 191 192 193 193 197 199 198 195 195 194 194 194 193 193 193 195 195 192 190 189 190 192 193 195 197 193 186 181 182 184 184 182 175 171 169 166 161 163 170 176 182 187 187 186 187 187 186 189 189 190 189 188 186 186 187 187 187 187 188 188 189 188 187 187 186 188 190 190 190 189 189 188 189 190 192 194 193 192 192 191 191 191 191 191 191 191 191 190 188 187 185 185 186 185 186 187 187 187 186 184 183 181 181 183 186 184 182 178 180 181 177 179 182 182 183 183 185 186 185 187 189 188 187 188 188 189 189 190 188 188 186 183 183 182 182 183 183 192 193 190 191 193 194 194 189 187 183 181 184 188 191 194 191 183 182 184 187 185 184 186 189 192 191 192 199 205 208 210 204 197 192 189 187 187 185 185 188 199
236 191 179 179 185 190 191 192 193 191 192 191 192 192 192 194 197 199 194 191 191 191 191 191 190 191 191 191 189 186 185 187 188 187 190 191 192 194 196 196 196 195 192 191 192 192 191 191 194 199 195 189 191 191 194 196 194 193 192 193 192 190 186 185 184 180 175 174 178 174 174 180 183 185 187 188 189 192 192 193 192 192 196 199 198 196 196 198 195 195 195 196 195 195 192 188 186 187 190 191 191 192 192 191 187 186 186 186 184 179 175 172 169 167 162 163 171 178 183 186 186 184 185 187 187 188 190 190 189 188 187 187 189 188 187 187 188 188 188 187 186 186 186 189 190 190 191 192 192 192 192 191 191 193 193 193 194 193 192 192 191 194 193 192 192 191 190 189 189 186 185 184 184 186 187 186 187 185 183 183 183 185 187 187 184 182 183 183 181 182 184 185 185 186 187 187 187 187 189 190 189 188 188 188 190 191 190 190 189 187 184 183 182 183 185 192 194 193 193 194 194 192 189 187 182 181 182 186 190 194 194 188 185 187 188 187 186 191 196 197 191 191 195 200 204 207 205 198 192 188 186 184 183 181 184 191
236 190 182 182 185 189 191 193 194 193 192 193 194 193 192 194 196 199 195 192 191 191 191 191 191 192 192 189 184 183 182 184 188 189 191 193 194 195 196 197 198 197 194 193 193 193 193 195 195 200 195 188 185 185 190 195 195 192 190 191 190 189 187 186 185 179 173 172 176 174 173 179 183 186 189 189 190 191 191 193 193 193 194 197 196 195 197 198 196 196 196 195 196 195 193 188 185 187 192 192 190 190 189 189 188 188 188 188 183 180 180 179 175 171 166 163 168 176 181 183 185 183 184 185 186 187 189 189 190 189 188 189 190 189 188 188 187 188 188 186 185 186 187 189 189 189 190 191 192 192 192 191 191 191 191 192 193 192 191 192 191 194 195 194 193 193 192 190 188 187 186 184 184 186 186 185 187 186 185 185 185 186 187 186 185 184 185 186 185 184 186 187 187 188 189 189 188 187 190 191 191 190 188 187 189 191 192 192 191 189 186 183 184 185 186 192 194 193 194 195 194 191 190 187 184 182 181 184 188 191 193 191 187 189 191 189 188 193 200 200 194 192 194 198 204 208 204 197 191 188 187 185 180 178 180 184
236 192 186 187 189 191 191 193 195 192 190 192 195 194 193 194 195 196 196 193 192 191 190 191 192 192 191 187 181 179 182 183 188 189 191 194 195 196 196 197 199 198 195 195 195 195 196 195 195 197 192 189 186 185 187 191 191 190 188 187 186 185 185 183 182 177 173 173 177 178 177 179 182 185 190 191 191 191 191 193 193 193 194 195 195 195 196 197 195 194 194 195 196 195 193 191 188 190 193 193 189 187 186 185 185 189 190 190 186 185 186 185 181 178 171 164 164 171 178 181 182 182 183 183 185 186 187 189 190 189 189 189 190 189 188 187 187 188 187 185 184 185 186 187 188 188 189 190 191 191 192 191 191 191 190 192 193 191 189 190 189 191 193 194 194 194 194 191 188 187 186 185 185 187 186 184 186 187 187 187 185 186 187 186 184 185 186 187 187 187 187 187 188 190 190 189 187 188 190 192 192 190 187 187 189 191 192 193 193 191 188 187 186 185 186 191 192 194 195 195 195 191 187 187 187 185 180 180 188 192 195 192 188 188 190 189 190 193 195 199 196 192 192 200 207 206 201 197 194 193 191 186 180 177 176 174
237 193 187 190 191 192 193 193 194 191 189 191 193 193 193 194 195 196 196 195 193 192 191 191 192 191 189 188 182 182 187 187 189 189 190 193 194 196 198 198 199 198 196 196 196 196 196 195 195 194 192 190 188 186 187 189 190 189 187 185 184 184 183 182 181 177 173 173 177 180 177 179 182 186 191 192 192 193 193 193 194 194 194 194 195 196 196 196 194 194 194 194 196 196 194 194 195 194 195 193 189 188 185 184 184 188 190 192 190 189 188 186 188 186 177 165 162 164 173 178 180 183 184 183 185 187 187 188 190 190 189 189 190 188 187 187 187 187 186 185 184 184 185 187 188 188 189 190 191 191 192 193 192 191 190 191 192 191 188 189 188 190 192 194 195 194 193 191 190 188 187 186 186 188 187 186 186 188 188 188 186 187 188 187 185 186 187 188 187 187 187 188 189 191 191 188 186 188 190 192 192 190 187 187 190 192 193 194 196 193 190 187 184 181 186 189 192 194 196 194 194 190 187 187 187 186 180 179 190 199 199 193 188 186 188 189 190 193 192 194 195 193 192 201 208 203 198 197 196 194 189 183 181 179 176 171
237 195 190 190 192 193 194 191 190 190 189 190 191 192 192 193 195 197 197 194 192 191 192 192 193 192 189 186 184 185 189 191 192 192 191 193 194 195 197 198 201 200 197 197 196 196 196 196 194 192 190 189 188 188 189 188 187 187 185 182 181 182 184 184 183 180 177 176 177 179 179 181 185 188 193 191 191 193 193 193 193 193 193 193 195 194 195 196 194 194 194 195 195 196 194 194 197 196 195 193 191 191 186 183 182 185 187 191 192 192 189 190 193 191 182 170 160 161 169 174 179 183 182 183 185 187 188 188 190 190 190 190 190 188 187 187 188 187 186 185 184 184 185 187 190 189 190 191 192 192 192 192 193 190 189 189 191 190 188 189 188 189 190 191 192 191 190 191 192 191 187 186 186 188 188 186 185 187 188 188 188 188 188 187 186 186 187 188 187 187 187 188 190 191 190 187 186 188 190 191 190 189 188 188 190 192 193 196 196 195 191 187 183 180 184 189 189 192 196 194 194 193 189 185 183 186 184 183 192 201 200 192 188 188 189 190 191 191 191 190 191 195 194 200 201 197 194 194 195 192 186 183 183 179 178 177
237 196 189 189 190 191 192 190 187 187 188 189 189 190 192 194 195 195 194 191 188 187 191 193 195 192 188 185 185 187 190 191 192 192 193 194 194 195 195 197 200 201 199 198 197 197 198 197 195 193 191 190 190 190 188 186 184 183 182 179 177 178 183 184 181 178 177 178 178 181 183 186 187 188 191 190 189 191 192 191 192 192 192 192 191 191 193 196 196 195 194 195 195 194 191 191 194 197 195 193 193 190 187 184 184 186 189 193 193 191 191 191 192 192 187 174 163 161 165 170 175 179 178 181 185 189 189 188 188 188 189 188 190 190 189 188 189 187 186 185 185 185 187 189 189 191 192 191 193 193 193 192 192 189 188 188 189 189 187 188 188 188 189 189 190 191 191 192 192 190 189 188 187 190 189 187 186 186 187 187 189 189 189 188 187 187 188 189 189 188 188 189 191 189 188 185 186 188 189 189 190 191 190 190 190 192 194 197 197 194 189 187 185 182 185 188 190 192 194 193 196 197 194 187 182 185 188 188 194 198 196 194 195 195 195 194 192 189 189 188 189 193 196 198 198 194 191 191 192 190 187 185 184 182 181 179
237 196 189 189 189 190 191 188 185 185 187 188 189 191 193 194 195 195 193 189 187 187 190 193 195 193 189 186 186 188 192 193 192 192 192 193 194 193 193 196 198 200 199 197 197 197 197 196 194 192 191 190 190 190 187 184 181 179 177 176 175 175 178 179 178 177 177 179 180 181 185 187 189 189 188 188 188 191 191 190 191 191 191 191 190 190 193 195 195 194 194 195 195 194 190 190 194 196 194 192 192 189 188 187 188 188 192 195 192 190 190 189 190 192 187 172 163 161 163 165 168 172 175 180 184 187 188 188 188 188 189 189 191 190 189 189 189 188 187 186 186 186 188 189 190 191 191 191 193 193 192 191 189 187 188 188 189 188 187 187 188 190 189 188 189 190 190 191 190 188 189 187 187 190 190 189 188 187 187 187 189 190 189 188 188 188 189 190 190 189 188 189 190 188 185 184 185 187 188 189 189 191 192 191 191 192 193 196 196 193 188 188 187 184 185 188 191 193 191 192 194 197 195 190 184 186 190 191 196 198 193 193 199 201 197 196 193 189 188 187 187 189 194 197 196 194 192 191 190 189 187 185 184 183 182 180
236 194 188 188 188 188 190 188 184 182 184 186 189 191 193 196 196 196 194 189 187 187 190 193 195 194 190 188 187 189 194 195 192 192 192 192 193 191 190 192 196 198 199 197 197 197 197 196 194 192 192 191 190 188 185 183 181 175 173 175 177 176 177 177 177 177 178 180 181 181 184 188 189 189 188 188 188 191 190 189 189 190 191 191 191 191 193 194 194 194 194 195 195 194 192 193 195 196 194 191 191 189 188 189 190 191 194 196 192 189 189 190 189 187 180 170 163 161 163 164 166 169 174 179 184 186 188 189 189 190 190 190 190 189 189 190 189 188 187 186 186 186 188 189 189 190 191 191 192 192 191 189 183 182 185 187 188 187 186 188 190 189 189 188 189 190 190 190 189 185 187 187 187 189 189 188 189 187 186 186 189 191 189 188 188 190 191 191 191 190 188 189 188 186 182 182 184 186 187 188 188 190 191 191 191 193 193 195 195 191 186 186 187 185 186 191 194 189 186 191 195 196 195 193 188 188 189 193 196 195 191 195 202 202 198 196 195 191 189 187 186 186 189 194 194 193 191 191 191 188 186 184 184 184 184 181
236 192 184 183 183 184 187 187 182 179 180 183 186 191 194 199 202 200 196 191 187 187 191 194 196 196 193 191 189 190 195 195 192 192 192 191 191 189 191 193 195 195 196 197 197 198 196 196 195 194 194 194 191 189 187 185 182 175 173 178 182 181 181 179 179 180 179 181 182 182 184 188 189 189 190 190 189 189 190 189 189 190 191 191 191 191 192 192 191 194 194 196 196 197 194 197 197 196 193 191 191 190 191 191 193 192 192 193 190 187 187 185 183 180 175 173 168 165 164 165 166 169 173 178 182 184 187 188 188 189 189 189 188 187 187 188 189 186 185 185 185 186 187 188 189 189 190 190 191 190 190 188 183 181 184 187 188 186 186 188 190 189 189 188 189 190 190 191 187 183 185 187 187 188 188 188 189 188 185 185 187 191 190 189 190 190 191 192 193 192 189 189 188 185 181 181 183 185 186 187 187 188 189 189 189 192 193 194 193 189 186 183 181 182 188 197 196 187 184 193 198 196 196 196 192 191 192 194 193 191 192 198 200 198 197 199 197 195 189 187 185 184 185 190 191 192 191 193 194 190 184 184 184 184 183 179
236 191 182 180 180 179 181 183 180 176 177 181 186 190 195 200 205 203 199 193 189 188 192 195 196 195 193 191 191 192 193 193 192 193 193 192 192 192 195 197 196 195 196 195 197 198 195 196 196 196 196 194 192 190 189 187 184 181 179 181 184 184 183 181 181 180 180 182 182 184 185 185 187 188 189 189 190 190 190 189 189 190 190 190 190 190 191 191 191 193 196 198 197 196 196 197 197 195 192 190 191 191 190 190 193 192 191 189 188 188 185 182 182 182 181 183 182 176 168 167 168 170 172 177 180 182 186 187 187 187 188 188 188 187 187 188 189 186 185 185 185 187 188 189 189 189 190 191 192 191 191 189 188 185 184 187 188 187 188 189 189 188 188 188 189 189 189 193 188 183 183 185 186 188 189 189 190 189 186 186 186 189 191 190 189 190 192 194 195 193 189 190 189 186 181 181 183 185 186 186 188 189 189 189 189 191 192 195 194 189 187 183 178 179 187 194 197 191 186 194 198 197 197 198 195 194 195 197 192 190 191 197 198 196 198 199 199 196 191 188 182 182 184 188 191 192 191 193 194 192 187 185 184 184 183 181
237 194 184 183 182 181 178 178 176 174 175 178 183 189 195 199 201 199 198 192 189 189 192 195 196 195 193 193 193 192 191 191 192 194 194 195 197 198 201 201 200 199 196 195 197 197 195 196 196 196 195 193 192 191 191 189 188 187 187 186 185 185 183 181 181 181 179 181 182 183 182 184 184 187 188 188 188 189 190 189 189 188 188 188 189 190 190 190 191 193 195 196 195 195 195 197 196 194 192 190 190 190 188 187 191 192 191 188 187 188 185 184 184 184 184 187 189 182 171 169 169 170 172 176 176 179 183 187 188 187 187 187 188 187 187 188 189 187 185 185 185 187 189 190 189 190 191 192 193 192 191 188 188 186 186 189 191 191 192 191 190 189 188 188 189 190 191 192 188 183 181 183 186 188 189 189 190 189 187 187 188 190 191 190 189 191 194 195 196 194 192 191 189 186 183 181 182 183 184 185 186 187 188 188 189 191 192 194 192 188 186 182 175 176 184 192 198 197 195 197 198 199 197 197 199 200 202 203 193 189 188 194 200 200 199 198 198 198 194 188 181 181 184 189 192 195 195 194 194 194 190 189 188 185 183 181
238 196 188 189 189 187 183 179 176 176 177 180 184 190 196 201 198 194 196 192 187 188 191 193 195 195 193 193 192 192 191 192 193 194 195 197 198 199 201 203 203 202 199 196 197 197 194 195 195 194 194 193 192 192 192 190 188 188 189 188 186 185 184 183 183 183 181 179 182 185 182 181 183 186 188 187 187 190 192 191 188 187 188 188 189 190 189 189 190 192 194 194 193 193 194 195 193 193 192 190 190 189 188 188 190 191 190 188 186 186 186 187 183 182 183 183 180 178 174 170 171 172 173 177 176 177 183 187 189 188 187 187 187 186 186 187 189 188 187 185 186 186 188 190 189 191 192 194 195 194 193 190 188 188 189 190 192 193 194 194 192 189 188 188 190 191 193 192 189 186 186 186 187 189 190 191 192 191 188 187 188 190 191 191 191 193 195 196 197 195 194 192 189 187 184 183 183 183 183 184 185 186 186 186 188 191 192 192 191 187 185 181 174 174 180 192 197 199 200 200 198 200 198 197 203 207 210 209 194 184 183 191 200 203 200 195 196 197 195 190 183 180 184 190 195 198 197 197 198 194 192 191 190 188 184 178
238 196 189 190 191 189 185 182 181 181 183 185 186 189 194 199 198 196 197 191 187 191 192 194 194 193 192 192 191 191 191 192 193 195 197 199 198 196 198 201 203 203 202 199 197 197 194 194 194 194 194 193 193 193 192 190 188 188 189 189 187 186 186 184 184 185 182 179 181 185 185 182 183 186 187 187 187 189 191 191 190 190 189 188 189 188 186 186 190 192 193 194 193 193 193 192 191 191 191 190 191 189 188 188 189 186 184 184 184 185 191 190 182 179 181 176 169 170 174 171 171 173 174 178 177 177 184 189 191 189 187 188 186 186 186 187 189 188 187 186 186 186 188 189 189 190 192 194 196 195 194 191 189 188 189 190 190 191 193 194 192 189 188 188 191 192 193 192 190 189 188 188 188 189 191 192 193 192 190 188 188 189 189 191 192 194 196 197 196 195 194 192 191 189 186 184 183 182 182 185 186 185 184 184 188 191 192 190 189 186 185 181 174 174 180 191 195 197 198 195 195 198 199 197 202 206 209 207 193 180 180 187 195 201 200 195 195 196 195 190 184 181 187 192 195 199 200 199 198 194 190 189 189 187 183 179
239 198 189 189 190 190 186 184 185 185 187 188 189 190 192 195 199 200 196 189 190 193 194 196 195 193 193 191 190 190 191 191 192 193 196 198 197 196 197 199 201 202 202 199 197 197 195 195 195 196 196 195 194 194 193 191 190 189 191 191 188 185 184 183 184 185 184 181 179 181 185 184 183 185 188 188 187 190 197 199 197 196 192 188 185 184 184 186 188 189 191 192 192 191 191 190 191 192 192 191 190 190 188 187 187 181 177 177 181 185 191 191 183 179 177 172 165 166 173 176 175 175 177 180 181 181 184 188 190 191 190 189 187 187 187 187 187 186 186 188 188 187 187 187 187 189 192 192 194 193 192 189 188 186 187 188 188 189 191 192 190 188 189 190 191 193 192 191 191 188 187 188 188 190 192 193 192 191 189 189 189 187 187 189 191 192 194 195 194 193 192 190 190 191 188 186 184 183 183 186 187 185 184 185 188 191 190 189 187 185 184 180 176 176 180 189 192 194 195 195 193 194 198 197 200 204 207 202 191 180 178 182 185 193 198 197 198 197 193 188 186 186 191 194 194 198 201 197 195 194 191 190 188 186 182 178
239 199 191 189 191 190 188 186 186 186 188 191 192 192 191 193 195 197 196 193 193 195 194 195 195 193 194 192 189 189 191 191 193 193 194 197 196 193 195 195 196 198 199 198 196 196 196 195 195 197 197 195 194 194 194 194 192 190 192 190 186 182 181 183 184 185 184 180 176 177 182 183 183 186 188 188 188 192 199 200 198 195 189 182 179 182 185 187 187 184 185 189 191 189 188 188 190 194 195 193 189 189 188 186 184 179 176 176 179 184 185 184 181 176 173 170 169 169 175 179 181 179 179 181 184 185 186 188 190 191 191 190 189 188 187 186 187 185 185 188 190 189 186 184 187 189 191 190 192 194 193 189 189 186 186 187 186 187 190 190 189 189 189 190 192 193 192 189 189 188 188 187 188 190 194 194 192 189 188 188 189 188 188 190 191 192 192 193 192 191 190 189 189 190 187 186 185 184 185 187 187 185 184 185 188 191 190 189 187 185 185 181 176 176 178 187 190 188 189 192 193 192 194 194 199 202 203 195 187 183 180 175 178 185 192 197 200 198 193 188 187 188 193 194 195 196 196 194 194 194 192 189 187 183 180 178
238 196 190 190 191 191 190 190 190 189 190 191 192 192 190 190 191 191 192 192 191 192 193 196 194 193 194 194 189 189 191 192 194 194 194 195 195 193 192 192 193 195 198 197 197 197 197 195 194 195 196 195 194 195 197 196 191 189 189 185 181 179 181 183 184 184 184 178 176 176 181 184 184 186 187 189 191 191 193 195 193 190 183 176 177 182 186 187 184 181 182 187 190 189 187 187 190 194 194 193 190 188 188 185 183 179 177 177 180 182 180 179 176 172 167 162 166 169 171 176 180 181 182 183 185 186 187 188 190 191 192 191 190 189 187 186 187 185 185 187 191 190 187 184 185 189 191 190 192 193 193 189 189 188 186 184 184 187 188 188 189 189 189 190 191 191 191 189 188 189 187 187 189 191 193 193 191 189 187 187 189 190 189 190 191 190 190 192 192 191 189 188 188 187 186 186 185 185 186 187 187 185 184 185 187 188 187 186 186 187 186 181 177 176 178 186 189 185 185 190 191 192 191 191 195 197 195 189 185 185 181 173 175 180 188 195 199 198 193 191 191 191 192 193 193 195 195 192 192 194 192 189 186 182 180 178
238 196 190 191 192 194 193 191 192 192 193 194 193 193 192 190 190 190 191 190 190 190 192 195 194 194 194 196 191 189 189 191 192 191 191 195 199 195 196 195 193 194 197 200 200 200 200 196 194 195 196 195 194 195 194 193 191 189 188 184 181 180 184 186 185 183 182 179 178 179 183 185 185 186 188 190 191 191 191 192 191 188 179 171 172 178 183 186 184 183 182 187 189 188 188 189 190 193 192 192 193 190 187 185 183 180 178 177 177 176 177 179 176 169 161 156 160 167 171 174 176 178 182 184 183 185 187 189 191 192 193 191 190 188 187 187 187 185 185 186 188 189 188 187 186 188 190 191 192 193 193 189 189 188 185 184 184 185 186 188 188 189 189 189 188 189 190 188 188 187 187 187 189 191 192 192 191 189 186 186 187 189 189 189 190 191 191 192 192 193 191 190 189 187 187 187 186 185 186 187 187 186 185 185 186 187 186 184 184 186 184 182 180 180 181 183 186 187 188 190 190 188 188 188 189 191 190 187 186 186 182 174 175 179 185 193 196 195 193 196 196 192 191 192 193 195 192 189 191 193 193 189 185 183 183 181
238 196 190 190 193 194 193 191 192 195 197 196 194 194 196 194 191 192 193 192 192 192 193 194 194 193 192 194 190 188 187 189 190 189 189 194 201 199 196 192 190 191 193 199 205 204 199 194 193 194 194 195 195 194 195 195 194 191 190 187 184 184 185 187 186 185 183 181 180 182 185 187 187 188 190 192 193 193 192 193 192 189 179 170 170 177 184 187 186 185 185 189 190 185 186 190 189 192 191 194 197 193 188 186 185 181 179 178 176 174 176 180 176 168 159 156 162 170 175 176 176 178 183 185 184 184 187 191 192 193 193 190 188 188 187 187 187 185 185 185 187 190 190 189 189 189 191 191 193 193 192 191 190 187 186 185 183 183 184 186 186 187 188 187 187 187 187 187 188 187 187 187 190 190 190 190 190 188 186 186 187 189 190 190 190 190 190 190 191 192 193 193 191 189 189 189 187 186 186 186 186 187 186 186 185 186 184 183 184 184 182 181 181 180 179 181 184 189 193 194 193 190 188 188 186 186 186 185 185 186 183 178 178 179 183 189 193 193 191 196 197 193 192 191 191 191 190 189 190 192 192 189 187 185 185 183
238 197 189 191 193 195 193 191 192 195 196 197 196 196 197 196 194 193 193 192 192 194 194 194 194 193 191 190 187 186 185 187 189 189 189 191 195 200 194 187 187 188 188 194 203 203 194 191 192 193 193 195 196 195 196 198 198 196 194 191 189 187 186 187 187 186 185 183 182 185 187 188 189 189 191 193 194 194 193 191 191 190 184 177 176 182 185 186 185 186 186 189 189 183 183 186 187 189 190 193 197 193 189 188 187 183 182 181 178 175 176 177 174 168 160 157 165 173 178 179 176 180 185 187 185 185 187 191 192 193 192 190 188 188 187 188 188 186 185 185 187 190 190 190 191 190 190 191 192 192 192 191 190 187 185 185 183 183 183 184 185 186 187 187 187 186 185 185 186 187 187 187 189 189 189 189 190 188 186 186 187 189 191 192 192 191 189 189 189 191 194 193 191 189 189 189 188 186 186 186 186 186 186 186 185 185 183 182 184 183 180 180 180 179 176 181 183 188 196 202 200 195 191 190 187 184 182 182 184 185 183 177 176 177 181 184 189 191 191 193 195 194 193 190 188 187 189 190 190 190 191 190 188 186 186 183
238 196 190 192 195 197 194 191 192 194 195 197 198 198 196 196 195 195 193 191 192 194 196 195 194 193 191 190 189 187 186 188 189 191 192 191 192 197 193 188 187 188 187 189 194 194 192 191 191 192 192 193 196 196 197 198 197 198 196 193 191 190 189 188 189 189 188 185 185 186 189 190 190 191 192 194 196 195 194 192 192 191 188 185 184 186 187 187 184 184 183 183 183 184 184 186 187 190 191 192 192 192 191 190 190 187 186 184 180 176 175 174 175 168 159 155 165 174 179 181 179 182 186 187 186 186 188 191 190 191 192 191 189 189 189 188 188 188 187 187 187 190 189 189 188 188 189 191 191 191 191 191 190 186 185 186 186 183 182 184 183 185 185 186 186 184 183 181 183 184 185 187 189 189 189 190 190 188 187 186 186 189 193 194 193 191 189 188 188 191 192 192 190 189 190 190 190 188 187 187 188 187 185 184 184 185 184 183 185 182 179 178 179 181 179 180 181 186 194 200 199 197 193 189 189 184 182 181 182 182 181 176 175 175 180 182 187 191 194 195 196 197 194 190 190 190 190 189 190 189 190 190 189 186 185 183
238 196 187 189 194 195 193 191 192 193 195 197 198 197 195 195 196 195 194 194 195 196 197 196 194 194 193 191 189 189 189 190 190 191 193 193 191 194 193 190 188 188 188 188 191 194 192 192 192 191 191 192 193 194 194 196 196 198 197 194 192 191 192 193 192 190 189 187 187 189 189 189 190 191 191 193 195 196 196 194 192 192 189 187 186 187 188 186 183 183 180 177 179 184 185 186 188 191 192 192 192 191 191 192 191 189 189 185 178 173 172 173 172 165 152 149 165 178 182 184 182 184 186 185 185 187 188 189 190 189 189 191 188 187 188 187 186 188 188 187 188 188 186 186 186 185 186 188 191 191 190 189 187 186 186 185 187 184 181 182 183 183 184 185 187 184 180 180 182 182 184 186 189 188 188 188 188 187 187 187 186 189 192 193 193 192 191 189 189 191 192 191 190 189 190 190 190 188 187 188 189 188 185 183 183 183 184 185 186 185 181 177 178 185 186 182 182 185 189 195 196 194 191 186 186 184 182 180 179 179 181 179 176 177 181 181 184 193 200 200 195 196 196 193 192 192 190 186 188 190 193 192 188 185 185 181
238 196 187 187 190 191 191 190 191 192 194 195 197 195 193 194 195 194 194 194 195 196 197 196 195 195 193 191 190 190 190 189 189 190 192 193 193 194 194 191 190 190 190 190 191 192 189 190 190 190 189 190 192 193 193 194 196 196 196 194 193 193 193 193 192 191 190 189 189 189 188 187 188 189 189 191 193 195 195 193 190 190 188 186 186 187 188 187 185 184 178 175 178 183 187 188 190 190 190 191 193 192 192 192 190 189 188 185 179 174 173 174 171 161 146 146 167 183 186 185 185 186 187 184 186 187 187 188 188 187 188 189 186 185 186 185 186 187 188 188 188 189 187 187 187 185 186 187 189 189 189 189 187 187 186 184 185 184 182 182 181 180 183 185 186 183 180 179 180 183 184 185 187 187 187 188 188 187 187 186 185 188 192 193 191 190 191 191 192 192 191 191 191 191 191 189 189 188 187 187 188 187 184 181 179 180 182 184 185 185 183 178 178 186 190 187 185 184 188 193 193 189 186 182 184 186 185 181 180 180 181 180 178 177 180 180 182 189 196 197 193 194 197 197 196 194 192 187 188 189 191 192 190 186 184 182
239 197 189 187 188 190 191 190 189 191 193 195 194 192 191 194 194 194 194 195 196 196 198 198 196 194 192 191 191 191 189 189 189 190 191 193 194 194 195 193 191 191 192 190 190 189 187 188 189 188 188 190 191 191 193 193 195 195 195 194 194 194 195 194 193 192 191 190 189 189 189 187 187 188 189 190 191 193 193 192 191 190 188 186 186 187 188 187 187 185 182 179 179 184 188 190 190 189 189 191 194 193 192 191 189 189 188 186 182 177 175 173 169 157 142 146 165 179 184 187 190 188 189 190 189 188 188 186 186 187 188 188 186 184 184 184 186 187 188 188 188 188 188 188 188 186 186 186 187 187 187 189 188 187 186 184 186 185 182 181 179 179 183 184 185 183 179 178 179 183 185 185 186 188 187 187 188 188 187 187 186 188 191 192 191 190 191 192 192 191 189 190 190 191 190 189 189 189 188 187 187 185 183 180 179 178 180 183 184 185 187 181 179 186 191 192 189 186 191 195 192 187 182 178 182 188 188 182 180 184 184 180 179 178 180 178 177 181 185 189 190 193 197 199 198 196 195 192 190 190 189 189 187 185 185 183
239 197 190 190 191 193 192 193 193 194 192 192 190 190 192 194 193 193 195 196 196 196 198 196 197 197 195 192 192 191 189 189 190 190 191 193 194 195 196 193 191 191 191 190 189 189 187 188 189 188 188 190 191 192 197 195 194 194 194 195 195 195 197 196 195 193 192 190 189 189 189 188 187 188 189 191 191 192 192 192 192 190 188 186 186 187 188 187 185 186 186 184 185 186 188 187 188 189 189 191 194 193 191 190 189 188 187 185 181 177 175 172 167 155 141 147 164 175 183 193 198 193 191 194 195 191 188 186 185 187 188 188 186 184 184 185 187 187 188 189 187 186 186 187 187 186 186 186 186 186 187 188 190 187 187 186 187 185 180 178 176 178 182 183 184 182 180 178 179 183 184 184 185 187 186 185 188 188 188 188 188 188 188 191 192 190 191 191 191 190 187 188 189 190 189 189 189 189 188 188 186 184 181 180 178 178 180 183 186 189 192 187 184 189 194 199 195 190 193 195 194 187 180 176 179 185 188 184 183 190 187 180 180 180 180 178 175 174 177 180 186 189 194 199 197 193 193 193 191 190 189 186 184 184 187 184
239 198 191 192 195 198 196 194 195 195 193 194 194 193 192 192 192 192 194 193 193 196 197 195 196 196 195 193 192 191 190 192 193 193 193 193 193 194 195 194 191 191 192 192 189 188 187 188 188 187 187 189 192 194 202 200 194 191 191 192 192 194 195 197 197 194 194 192 190 189 189 188 187 188 190 192 193 192 191 192 191 188 188 186 186 187 186 185 184 183 183 185 186 187 188 187 187 189 190 192 192 191 190 189 189 188 187 186 182 177 174 172 167 155 142 149 165 176 184 196 202 195 191 194 198 195 189 187 186 187 187 188 187 185 184 186 187 187 187 187 187 186 186 186 186 186 186 186 185 185 186 187 189 188 187 187 186 184 180 178 177 178 181 180 183 184 183 181 182 184 183 183 182 185 183 182 184 185 185 185 186 187 188 191 189 187 188 191 191 188 185 186 189 190 189 188 186 186 188 188 186 183 178 178 176 177 180 186 191 196 197 193 191 194 197 200 196 194 194 196 195 189 180 172 175 182 188 190 191 193 190 181 180 183 184 179 174 171 172 176 182 188 192 197 198 192 188 190 193 193 192 189 186 187 190 186
238 197 189 191 198 200 195 194 196 195 197 201 199 197 195 193 193 193 194 193 192 193 195 198 196 194 192 192 192 192 192 193 194 193 193 192 192 194 196 195 193 192 194 192 189 187 188 190 190 189 188 189 191 195 205 207 199 193 192 192 192 192 194 196 197 197 194 192 189 188 188 189 189 190 191 192 193 191 190 190 189 188 188 187 187 187 186 186 184 182 184 185 185 186 186 185 186 188 190 190 189 189 188 187 188 189 189 188 185 181 178 173 166 154 143 151 167 178 183 192 197 194 190 191 195 197 191 187 185 185 185 186 186 184 184 186 187 185 185 187 186 185 185 187 186 186 186 186 185 186 186 186 187 185 185 186 186 184 182 180 179 180 181 178 181 185 186 185 185 185 184 183 182 183 179 179 180 181 182 183 185 187 189 190 190 188 189 192 191 188 184 186 189 189 188 186 184 187 188 187 186 182 177 176 176 178 182 190 196 200 199 196 198 201 200 199 196 191 192 195 194 189 181 171 171 178 187 192 197 197 192 183 182 184 188 183 175 170 170 175 182 186 189 194 199 193 188 191 196 196 191 191 189 189 191 188
237 193 184 187 195 198 194 194 195 195 200 205 202 204 205 202 197 195 195 194 192 191 194 197 196 195 193 193 193 192 192 193 195 194 192 192 192 194 196 196 195 195 194 192 190 188 188 190 192 192 190 190 190 194 203 210 205 195 192 192 192 192 193 195 197 196 192 191 190 189 190 190 190 191 191 191 190 188 187 187 186 185 187 188 187 187 186 186 185 183 183 185 186 186 186 185 184 184 188 188 187 188 188 187 188 189 189 189 187 183 180 172 163 152 145 154 169 178 181 187 193 196 190 189 191 194 192 187 184 184 184 184 185 183 183 187 186 184 184 186 187 185 185 186 185 185 185 185 185 185 185 186 184 182 183 186 188 186 184 183 182 181 180 176 178 184 187 187 188 187 186 185 182 180 178 177 176 176 177 180 184 187 188 191 191 190 190 192 190 187 183 185 187 187 188 186 185 186 187 187 186 181 176 174 177 179 184 196 202 201 200 200 202 205 202 199 196 192 190 193 194 190 184 174 172 179 183 187 194 198 195 187 184 182 185 185 177 170 171 176 181 183 185 191 197 194 189 191 196 196 192 190 189 190 191 187
237 192 184 186 191 194 192 193 196 196 197 200 201 204 207 204 201 200 199 198 194 190 192 194 195 196 194 192 192 192 192 194 195 195 194 194 195 197 199 198 197 196 193 193 192 189 188 190 193 193 192 190 192 195 200 204 202 197 196 194 192 192 191 193 194 193 191 191 190 190 190 190 189 189 188 186 184 184 182 182 183 183 186 188 189 188 187 187 187 185 182 183 186 186 185 184 181 181 185 187 187 189 189 189 189 189 187 187 186 184 180 171 158 146 143 155 168 176 179 183 190 194 189 186 188 190 190 186 183 182 182 181 178 177 181 186 186 183 183 185 186 184 184 186 186 183 182 183 182 180 179 183 184 183 184 185 188 187 186 185 184 181 179 175 177 182 187 188 189 189 187 183 180 178 178 178 175 175 176 179 183 186 188 191 191 191 192 192 188 185 182 182 185 186 186 187 187 186 186 186 184 179 175 173 176 179 186 199 207 204 201 202 203 206 204 201 200 195 191 192 196 194 188 182 179 182 182 183 190 194 197 191 187 182 181 183 178 169 171 178 182 183 186 195 201 197 190 189 193 196 193 190 190 190 190 187
237 191 184 186 190 191 190 191 193 195 196 197 199 201 201 200 201 201 201 200 196 193 195 196 196 197 193 193 192 192 192 194 195 196 197 198 198 200 201 200 197 196 193 193 192 190 188 188 190 192 192 191 194 197 198 199 198 198 197 195 194 193 192 192 192 193 192 193 194 192 190 188 188 187 186 185 184 183 181 181 182 183 184 187 189 188 187 188 186 185 183 182 183 185 184 183 180 180 185 187 186 189 190 192 191 189 187 187 186 183 177 168 156 143 137 148 165 176 180 181 184 186 184 184 186 189 189 187 182 181 180 178 171 171 178 185 187 185 184 185 185 184 184 185 186 181 179 182 180 175 174 184 183 183 184 186 186 185 186 185 184 181 178 177 178 180 184 188 189 188 186 182 177 176 178 179 178 175 177 180 183 185 188 190 189 190 191 191 186 184 180 181 184 185 185 187 188 186 184 185 181 177 174 174 175 179 186 196 201 204 205 205 205 205 204 201 200 196 194 193 198 196 191 188 185 183 183 183 189 193 196 193 189 185 181 181 177 171 172 178 182 183 187 198 208 201 191 189 190 193 194 191 190 189 188 186
234 189 183 187 190 191 190 191 193 195 198 198 199 199 198 198 198 199 199 198 195 194 195 196 199 203 201 198 194 193 193 193 194 196 199 199 199 199 201 199 196 195 194 192 191 190 187 188 189 192 193 195 197 201 200 197 196 195 196 195 194 194 192 191 192 192 191 191 187 186 186 188 187 188 188 188 188 186 185 181 181 182 183 186 188 189 189 187 187 185 182 181 184 186 186 184 181 181 185 187 186 188 189 191 191 188 186 186 183 177 171 164 157 144 136 144 159 175 179 181 183 184 185 186 187 189 189 188 183 180 179 178 174 175 182 186 187 185 186 187 186 185 185 185 184 177 172 177 179 175 174 183 184 184 184 183 182 182 184 186 186 184 179 177 178 180 183 187 188 187 185 181 177 176 176 178 177 176 178 180 182 184 186 188 187 188 188 189 185 182 180 179 181 182 184 186 187 184 183 183 180 176 173 173 176 179 187 192 193 200 205 207 205 201 197 195 195 195 194 195 197 195 193 193 192 187 184 185 187 191 195 192 188 186 183 183 179 174 174 179 185 185 185 192 206 204 192 190 191 192 193 190 189 188 187 188
235 187 182 186 189 190 189 192 194 197 200 200 199 198 198 199 199 200 200 197 194 194 196 197 200 208 211 206 197 197 195 194 194 197 198 198 199 198 197 197 196 194 193 194 194 193 191 189 189 195 197 197 199 202 201 199 197 195 196 196 196 195 193 191 192 192 191 186 170 175 186 188 186 187 188 188 191 192 186 171 175 182 183 186 189 189 190 189 188 184 176 177 184 186 188 186 186 185 185 186 185 185 186 190 190 187 186 186 182 174 168 162 158 149 138 141 155 170 177 180 183 185 187 187 188 191 192 190 186 183 183 182 180 181 183 186 186 185 185 186 188 188 185 187 184 177 171 170 177 177 177 183 187 186 183 181 181 182 183 186 186 184 181 178 179 180 182 186 187 186 184 182 179 177 176 176 176 177 180 182 181 183 186 187 187 186 187 187 185 182 179 174 176 182 184 186 186 185 183 181 178 175 175 176 175 179 185 189 192 199 202 205 204 198 193 192 192 192 194 195 196 193 193 194 194 189 186 186 186 188 192 191 187 186 188 187 182 175 173 176 180 182 182 185 196 204 198 192 192 192 193 190 189 188 187 188
235 187 180 183 188 189 188 191 194 196 199 201 198 198 198 199 200 201 200 198 195 194 193 195 199 207 209 204 197 197 196 195 195 197 198 197 198 197 197 197 197 195 194 194 193 193 191 188 191 195 195 196 199 202 202 202 199 196 196 197 197 197 194 192 192 191 191 183 160 172 191 190 187 185 184 187 190 193 184 159 166 183 183 187 190 190 190 191 189 181 163 169 184 186 188 188 187 185 185 186 180 172 178 189 188 186 186 185 180 174 168 161 154 151 145 141 150 163 173 178 182 185 184 182 187 193 192 190 188 188 187 186 184 186 183 184 186 184 184 185 187 187 184 186 183 180 173 168 174 178 180 185 188 186 182 181 182 182 184 185 184 184 182 180 179 181 184 185 188 187 184 182 179 177 177 177 178 178 181 182 182 184 186 186 186 185 185 186 185 182 178 175 176 179 181 183 184 185 184 181 178 176 176 176 177 179 182 186 191 195 199 201 202 197 192 191 192 192 193 194 195 191 190 193 193 189 186 188 187 188 191 191 189 187 187 187 184 178 174 173 176 179 179 181 190 202 201 194 191 193 194 193 191 188 185 185
234 186 179 183 189 191 189 191 193 194 196 197 197 197 198 199 201 200 199 198 198 194 192 193 195 199 200 199 195 195 195 194 195 195 196 196 196 195 197 197 195 195 194 191 190 190 191 191 191 192 192 195 200 202 201 203 200 197 196 196 198 198 196 194 192 191 191 183 160 174 198 197 192 186 182 184 184 187 179 154 166 184 186 189 191 189 189 189 188 178 151 164 185 188 189 189 188 185 184 184 175 157 167 187 186 185 185 186 182 177 172 159 144 150 151 141 144 156 169 178 183 186 176 165 176 188 190 189 187 189 188 189 191 185 175 179 184 183 183 184 185 184 182 184 181 178 175 170 172 179 181 186 189 187 183 182 183 182 182 182 181 182 182 181 181 182 184 186 188 186 185 183 181 179 179 179 180 181 181 182 183 185 185 183 182 183 185 186 186 185 181 176 176 179 180 182 185 186 185 183 179 178 178 179 181 180 180 184 190 194 198 198 199 196 192 191 190 190 192 192 193 189 188 191 193 190 190 191 191 190 191 191 191 188 186 186 186 184 181 179 179 181 183 182 189 200 202 195 190 191 193 193 192 191 189 188
235 188 180 183 189 190 189 191 192 193 195 196 197 198 198 199 200 200 201 201 199 196 194 193 195 195 195 195 194 194 195 194 193 194 194 196 196 195 196 195 194 193 191 190 190 190 191 193 193 191 192 196 200 202 202 202 200 197 196 197 198 197 197 197 194 193 192 184 157 170 193 199 195 185 178 182 184 185 176 155 169 185 187 189 189 188 189 190 189 178 152 165 187 189 189 188 186 185 184 183 173 154 168 187 186 186 188 187 188 184 179 160 141 150 158 143 140 148 166 177 184 185 170 152 167 181 185 186 187 188 189 192 195 179 160 172 182 182 182 183 185 183 182 183 172 164 172 170 169 176 179 184 187 186 185 177 174 181 181 181 180 180 179 180 181 182 181 182 185 186 185 183 181 179 178 179 180 180 180 180 182 184 184 180 180 182 184 185 185 185 183 179 178 180 181 183 184 186 185 183 181 181 181 182 184 185 183 186 193 196 198 196 196 196 194 191 190 190 192 192 191 189 189 191 193 193 192 194 194 192 192 191 190 189 188 189 189 189 187 183 184 185 186 185 192 201 201 194 190 190 190 191 191 193 191 187
237 190 180 182 188 190 189 190 191 194 196 198 197 197 198 199 200 202 205 204 201 198 195 194 195 195 195 194 194 194 196 194 193 193 193 195 195 194 195 194 193 192 191 189 190 191 192 193 194 194 195 196 199 201 202 202 200 197 197 198 199 197 197 198 196 194 193 185 158 169 189 194 190 175 168 177 184 186 175 153 172 189 189 190 185 182 186 189 189 177 154 166 189 188 187 185 182 184 183 183 173 154 167 187 186 188 185 184 186 184 179 158 139 149 161 145 137 145 164 175 183 184 168 149 164 178 182 187 188 188 188 191 193 174 154 169 181 181 181 183 185 183 182 182 165 151 168 171 170 176 179 182 185 185 184 169 159 177 181 182 181 180 179 179 181 181 174 168 180 186 183 182 179 177 177 180 180 174 172 180 183 183 181 178 179 181 182 183 184 184 183 180 180 179 181 182 183 185 185 184 183 183 182 183 186 187 186 187 193 197 198 195 194 196 196 191 190 190 192 192 191 189 189 191 193 193 191 193 193 192 192 190 189 190 191 191 191 191 189 188 188 187 187 188 196 205 200 193 190 191 190 188 188 191 192 185
237 192 182 183 190 193 191 189 190 193 195 196 196 196 198 199 199 201 203 203 200 200 198 196 196 196 196 194 194 198 201 197 193 192 191 192 193 192 192 192 192 192 191 189 190 191 191 192 195 197 198 197 198 200 203 202 199 197 199 201 202 200 198 198 198 197 194 186 160 169 187 190 185 162 153 171 182 183 174 152 173 191 190 191 170 162 179 187 187 176 152 165 186 187 187 173 170 178 181 182 173 154 166 185 184 186 176 171 179 179 176 154 138 149 164 150 138 139 155 170 179 181 164 146 162 177 180 184 189 189 186 184 185 172 153 167 179 180 181 183 184 184 182 180 161 148 166 174 174 176 179 180 183 183 182 162 151 176 184 182 182 182 181 179 179 179 165 151 177 185 183 182 180 177 176 180 179 164 155 176 180 181 181 180 178 178 180 182 183 182 181 181 181 179 178 179 180 182 183 185 184 186 187 187 188 188 187 188 190 192 194 192 190 194 197 193 191 190 191 192 191 191 192 194 195 192 191 193 192 191 191 190 186 188 192 192 192 189 188 192 193 190 188 189 195 199 193 188 189 191 190 188 184 185 190 185
237 191 182 185 195 201 195 191 191 191 193 196 195 194 195 197 199 200 199 200 199 197 199 198 197 196 195 193 194 196 197 198 195 193 191 190 191 191 190 190 190 190 191 189 188 190 191 193 195 197 198 197 198 199 201 200 199 198 199 202 202 201 199 198 197 197 196 187 157 156 167 169 166 151 143 158 168 170 164 146 161 178 180 180 159 152 171 181 180 169 148 160 180 183 182 163 159 175 181 182 171 151 164 183 182 182 162 158 180 181 176 157 139 152 168 154 142 130 144 168 177 179 163 144 162 176 177 178 176 181 187 184 184 171 153 167 179 180 178 178 180 184 180 178 160 147 166 173 174 174 173 176 182 181 180 163 152 177 185 183 182 182 183 181 178 178 166 151 176 185 184 181 180 177 175 176 175 159 150 173 180 180 181 180 179 176 176 178 182 182 179 179 179 177 176 177 178 180 181 181 182 186 189 188 190 191 189 185 184 185 188 189 188 190 195 194 191 190 191 190 190 191 194 196 197 192 188 191 190 190 190 189 187 188 191 193 191 188 186 189 195 192 189 188 189 191 189 186 187 188 191 191 187 183 188 183
237 192 184 185 196 204 197 192 191 191 194 197 195 192 193 194 196 197 196 197 198 197 198 197 197 197 195 194 195 196 195 195 195 193 189 187 188 192 192 189 189 191 193 192 189 191 193 194 195 197 197 198 200 201 201 199 199 200 202 203 201 200 198 196 194 194 196 188 149 123 125 126 123 118 115 122 126 128 127 121 130 139 144 147 136 134 145 152 152 145 135 145 159 163 164 150 148 161 167 169 161 143 155 170 171 168 149 147 170 173 169 155 137 150 164 156 144 122 134 163 172 179 164 145 161 173 172 171 159 165 184 183 186 168 148 163 176 178 176 164 168 179 181 178 156 142 163 171 172 169 161 167 180 181 180 163 152 176 184 182 180 177 179 181 179 179 164 150 173 183 183 182 180 175 172 174 173 157 147 172 179 179 180 179 178 175 174 176 179 178 176 176 175 174 174 177 178 179 179 178 179 183 188 188 189 190 187 182 181 182 185 187 186 187 189 191 190 189 189 190 190 190 193 197 196 189 185 187 187 187 187 188 188 191 191 191 191 188 185 186 190 191 188 187 186 186 186 185 185 188 190 192 188 182 183 178
238 193 183 184 193 200 194 193 192 191 197 200 195 191 192 193 194 196 194 194 196 197 197 195 196 197 196 196 197 197 195 195 195 193 189 187 188 194 196 192 189 192 198 197 191 191 192 194 195 197 197 199 203 204 201 200 200 201 204 203 200 199 198 196 194 193 194 189 159 130 122 120 116 114 110 107 107 107 106 106 106 106 107 109 105 102 101 102 105 103 100 106 112 115 116 112 111 116 119 121 119 112 116 123 123 126 120 120 132 134 135 129 121 130 138 136 127 112 124 144 152 160 150 137 148 155 155 156 144 152 175 175 175 157 139 155 169 175 171 152 155 176 179 176 154 141 162 172 174 162 146 158 178 182 179 161 151 175 182 183 173 160 168 180 180 178 162 148 171 180 182 179 167 168 170 174 172 155 144 169 176 177 177 177 177 174 173 175 177 176 176 174 171 170 174 177 178 179 179 178 179 182 186 188 188 187 185 181 180 180 182 183 185 188 190 190 190 189 190 191 191 190 192 195 194 188 184 184 184 184 186 187 188 191 191 191 189 186 184 185 185 185 187 187 185 184 186 189 193 197 192 191 187 183 181 174
238 191 181 182 192 198 193 192 193 191 196 199 193 190 192 193 194 196 194 195 197 198 197 195 194 194 196 195 195 197 197 196 195 195 193 189 190 194 199 196 190 192 198 197 191 191 193 195 196 196 198 200 203 203 201 200 200 201 204 204 199 197 197 198 194 193 194 192 186 181 176 171 168 164 158 154 154 154 152 151 148 146 140 136 129 123 118 117 120 116 109 111 116 116 116 114 113 111 108 104 100 99 99 98 94 95 98 99 96 96 96 95 94 97 98 95 90 87 96 104 110 116 112 107 112 114 116 120 117 121 135 135 136 125 118 131 144 151 147 138 142 155 158 157 141 133 151 159 161 152 138 151 171 172 170 154 146 169 175 178 164 146 161 179 180 177 163 149 169 177 180 172 150 157 166 172 171 154 145 165 171 172 174 175 175 173 172 175 177 176 174 172 168 167 173 176 177 179 179 179 179 180 185 189 188 187 186 183 182 180 182 183 185 189 191 190 190 190 190 191 191 190 191 192 191 188 185 184 184 184 185 185 187 188 188 190 190 186 184 183 180 181 188 189 188 187 188 191 197 202 196 189 185 183 179 172
236 188 179 180 191 198 192 192 192 191 194 198 193 191 192 193 194 198 198 197 196 199 200 196 194 192 193 193 193 193 194 194 196 196 194 191 191 193 195 194 190 191 194 192 190 192 195 195 195 195 199 201 202 203 201 199 200 203 206 206 202 200 200 199 196 195 195 194 194 193 191 188 186 185 181 181 183 184 184 185 186 186 182 176 170 167 167 166 167 164 157 159 163 166 165 163 161 156 153 148 142 141 140 137 132 130 129 127 121 117 115 114 112 113 112 108 101 98 99 99 102 104 103 100 99 97 99 101 96 95 97 98 98 96 94 100 105 109 109 108 108 112 113 110 106 104 112 118 121 119 117 125 135 138 137 127 124 140 145 150 141 132 143 157 161 161 152 145 158 161 165 157 136 143 157 162 161 148 143 162 168 168 169 171 172 172 173 174 175 174 172 169 167 168 173 176 177 178 180 179 178 179 183 186 187 188 189 185 184 182 182 182 184 190 193 190 190 189 191 191 191 190 187 188 189 188 187 185 183 184 184 183 183 185 188 188 188 187 185 182 177 180 188 191 190 188 189 189 193 198 195 188 185 183 180 168
235 185 175 176 186 194 191 191 189 190 193 199 195 192 191 191 192 196 199 199 197 202 207 200 196 195 194 192 193 192 192 195 195 195 194 191 190 190 190 189 188 188 189 189 190 192 195 195 195 196 199 201 202 203 202 202 203 203 205 206 204 202 202 201 199 196 195 193 191 192 191 188 185 184 182 186 187 186 188 190 192 192 188 182 179 182 184 184 185 182 179 180 182 185 186 186 184 185 183 179 177 177 177 175 174 174 172 169 164 160 159 159 158 161 161 157 152 146 142 141 142 145 144 142 140 139 138 135 129 127 128 125 124 123 123 126 126 124 121 117 115 112 108 103 99 99 99 99 99 100 100 99 99 102 102 96 95 99 100 102 100 99 103 107 110 114 112 113 117 113 117 115 104 106 114 120 125 123 138 164 167 168 168 170 173 174 173 171 172 171 169 167 170 174 177 178 178 181 183 182 180 179 180 183 184 187 189 186 186 185 183 183 186 190 193 192 188 187 189 190 188 187 184 184 187 189 188 184 183 183 181 179 179 183 187 185 185 190 191 187 178 180 189 193 191 190 188 189 190 191 190 186 185 181 178 165
235 184 174 175 185 190 189 189 188 188 192 196 194 191 190 191 191 193 197 203 206 209 212 206 198 198 199 196 198 196 195 195 194 194 194 192 191 189 188 188 188 188 188 189 190 192 192 194 195 196 199 202 202 203 204 204 204 203 205 206 205 202 200 201 200 197 196 191 169 168 181 169 159 157 170 180 167 174 184 187 188 188 187 184 183 185 187 187 185 183 182 182 184 185 185 185 186 188 187 184 184 184 182 182 181 181 179 176 172 168 167 167 167 171 174 173 169 164 163 161 160 164 169 171 173 174 170 165 163 168 174 173 170 171 175 179 179 175 172 169 166 161 158 152 147 145 143 140 137 135 135 131 129 128 125 124 123 121 117 115 112 113 113 109 107 109 109 110 108 101 100 98 92 88 88 92 96 105 137 164 166 168 169 172 175 174 173 170 168 169 166 164 170 177 179 179 180 182 184 184 181 179 179 181 184 187 189 187 186 185 184 186 188 190 192 193 188 186 186 186 184 182 182 183 186 189 187 182 181 182 180 178 178 183 186 183 184 191 197 193 184 184 191 195 194 189 187 189 189 189 187 185 184 180 173 161
235 186 177 178 184 188 187 188 187 187 189 192 190 187 190 193 191 191 195 204 210 214 218 215 206 201 198 197 199 197 198 198 194 193 193 194 194 191 191 190 190 190 190 191 192 193 192 193 193 195 198 201 204 204 205 206 205 205 205 205 203 201 198 199 201 201 199 191 141 129 152 130 121 114 134 153 126 151 185 188 186 185 185 188 188 188 188 188 187 186 183 183 183 183 182 183 186 188 188 187 185 184 184 184 182 181 179 176 173 169 168 169 168 169 171 172 168 164 164 161 158 161 168 175 176 174 170 166 167 173 180 181 178 181 183 184 186 185 185 185 186 184 181 179 176 176 176 173 171 170 170 168 168 167 167 167 168 167 163 162 160 161 159 157 155 152 152 151 148 144 140 138 131 125 123 126 127 132 154 169 169 170 174 175 176 175 173 170 168 167 165 165 172 178 180 182 182 183 185 185 181 179 180 182 187 189 191 188 187 186 186 187 188 189 190 188 186 185 185 183 181 180 180 181 183 186 186 180 179 180 180 180 181 184 186 181 182 189 196 198 193 193 191 193 192 185 184 188 189 189 187 185 182 175 167 153
236 187 179 180 185 186 187 187 186 187 186 188 185 182 187 192 191 189 191 197 201 206 212 214 210 206 199 194 194 193 198 199 193 192 192 195 196 193 193 192 192 191 192 193 193 194 194 192 193 194 197 199 202 203 204 204 206 206 205 203 201 200 199 200 202 201 200 190 134 112 126 108 109 97 109 123 100 141 186 189 184 183 187 189 190 190 191 190 190 189 184 182 180 180 181 185 186 188 191 190 184 182 184 185 184 180 177 174 172 170 170 170 169 169 170 173 171 167 164 157 155 161 170 177 178 175 173 172 174 176 180 182 182 185 184 180 180 181 183 186 188 188 186 184 182 180 178 176 174 172 172 172 172 174 175 174 177 177 173 173 173 174 174 174 174 173 173 175 175 173 173 171 166 164 164 166 169 170 173 173 173 174 176 178 178 176 173 173 169 169 170 174 180 182 183 184 184 185 186 184 180 178 181 185 189 191 193 191 189 188 188 187 189 190 190 186 185 186 184 182 180 179 180 181 180 182 185 182 182 184 184 182 181 184 184 180 180 188 195 198 197 195 190 188 188 185 185 188 191 192 192 188 182 174 167 136
237 188 181 181 184 186 188 188 187 186 184 184 182 180 184 187 189 189 189 192 195 196 199 203 203 203 199 192 191 191 195 197 193 192 193 196 196 193 192 192 193 193 194 193 193 194 193 192 192 195 199 201 201 203 204 202 203 205 203 201 200 199 199 200 200 199 200 189 140 131 141 122 117 109 124 133 110 146 184 188 184 184 188 190 191 190 190 192 190 188 182 179 176 178 183 187 188 188 191 190 181 179 182 183 181 177 173 171 167 164 165 168 170 170 170 172 171 167 161 157 156 161 168 174 176 177 176 176 178 181 183 184 185 185 183 177 174 176 180 184 187 190 188 187 185 183 179 175 173 170 170 171 172 172 174 174 176 176 175 173 172 173 172 172 174 176 177 178 179 178 177 175 172 171 171 172 173 173 175 175 175 176 177 180 179 177 176 176 172 171 174 182 184 182 184 185 185 184 185 183 178 178 182 187 190 192 193 193 190 189 190 190 190 190 189 187 187 185 183 181 180 179 179 180 179 181 183 186 187 188 187 182 181 181 182 179 180 186 191 193 194 192 189 186 186 186 186 188 190 193 195 192 185 180 174 123
236 187 181 181 184 187 188 188 186 185 183 183 181 180 184 185 189 191 191 192 193 194 196 197 197 197 197 193 191 191 194 196 195 195 195 197 196 192 192 192 192 195 196 194 193 193 191 191 191 195 202 205 202 203 204 199 197 201 201 200 199 199 199 199 199 198 199 189 142 148 169 138 121 117 148 160 124 150 185 187 186 188 189 191 191 190 191 192 190 188 182 178 175 179 186 189 188 185 186 186 180 178 181 181 178 174 172 171 166 159 161 166 171 172 171 170 168 164 160 157 158 159 162 169 175 177 175 175 178 184 186 187 187 185 183 178 173 176 181 185 187 189 189 189 187 184 178 175 175 172 170 170 170 171 173 174 176 176 175 173 172 171 168 169 173 177 179 180 178 178 177 176 173 171 170 169 168 169 173 175 176 177 178 179 179 178 177 177 175 173 178 184 184 179 181 185 185 184 184 183 181 181 184 188 190 191 192 192 190 189 191 191 191 191 189 188 187 186 183 180 179 178 179 179 180 184 187 194 195 190 188 184 182 181 183 180 181 185 187 190 191 190 188 187 187 187 188 190 191 192 194 191 184 184 178 108
235 183 178 182 184 186 187 184 183 185 184 183 181 180 184 185 190 192 193 192 191 191 193 195 197 197 197 195 193 193 195 195 195 195 197 197 196 195 192 192 192 195 196 194 193 192 191 190 191 196 203 206 202 204 202 196 193 194 196 197 198 197 198 199 198 197 197 187 142 152 177 143 120 117 156 171 130 152 187 189 189 190 189 188 190 192 193 192 191 188 184 180 177 179 184 186 186 183 183 182 178 177 179 177 174 170 168 170 168 161 161 165 169 173 173 171 170 165 158 153 153 154 157 166 173 174 174 176 180 185 188 189 187 185 183 180 174 173 179 185 187 186 187 187 184 180 175 178 182 181 173 171 170 172 173 175 174 174 174 173 174 173 168 167 171 178 181 181 179 179 178 177 174 170 166 165 165 166 172 175 175 176 176 177 177 177 177 179 178 177 181 185 181 176 177 182 183 183 184 184 183 182 184 188 189 189 189 189 191 191 191 191 191 189 187 188 187 186 182 179 178 177 179 178 181 188 192 199 198 193 191 186 185 184 186 185 184 184 186 190 191 190 188 188 188 189 190 193 194 192 193 189 182 177 158 78
233 178 172 177 182 185 184 181 181 183 186 187 186 182 185 189 191 193 194 192 191 189 190 193 195 196 197 197 195 195 197 197 196 197 198 198 198 197 195 194 194 197 198 194 192 192 192 190 192 197 202 201 200 206 204 192 188 190 191 193 194 194 196 197 196 195 194 183 139 151 177 143 121 119 157 172 131 153 187 190 188 187 186 186 189 193 192 190 190 189 186 183 181 180 179 181 183 183 182 179 174 174 175 173 170 167 166 168 170 167 166 166 169 175 177 176 174 167 155 149 148 151 158 164 171 173 177 180 183 186 187 189 188 185 183 182 178 173 176 182 184 184 184 183 179 175 173 175 184 188 180 174 174 177 176 173 169 169 170 172 176 176 169 165 169 176 179 179 178 179 180 179 176 171 164 161 161 163 169 174 174 175 176 177 178 177 176 177 179 180 183 185 182 179 179 181 183 182 184 186 185 185 188 191 192 190 186 187 192 192 189 189 190 188 185 187 188 187 183 179 175 175 179 178 183 188 190 193 194 191 190 188 188 187 188 190 190 189 188 191 190 188 189 189 189 189 190 193 194 193 192 189 181 165 122 45
230 173 167 172 179 182 180 180 181 182 184 188 189 184 186 189 191 192 191 192 191 189 191 193 196 196 197 197 195 195 197 198 197 198 198 198 197 197 197 197 198 199 200 197 194 192 192 190 191 195 198 196 197 206 203 191 186 188 188 191 191 191 194 194 193 192 193 184 144 155 180 147 126 126 161 172 132 153 187 188 187 184 182 184 188 191 191 190 190 190 188 185 182 179 176 178 180 180 181 176 174 174 174 172 170 169 169 169 170 172 171 172 173 177 180 180 176 169 157 152 152 152 157 163 170 175 179 179 184 190 189 187 185 184 181 182 183 179 178 179 182 183 184 182 178 174 172 174 183 188 186 177 177 182 180 171 164 163 165 170 176 175 166 163 168 173 176 178 178 179 181 180 177 172 164 158 154 158 166 171 173 175 176 178 178 176 175 176 177 180 182 182 183 184 182 183 184 182 184 186 188 189 192 195 194 190 186 186 190 191 190 190 190 189 186 188 189 187 184 179 174 175 178 178 182 185 185 188 190 188 187 188 188 188 189 191 194 193 190 190 191 187 187 190 189 187 188 190 191 191 189 188 180 156 96 25
230 169 165 171 175 177 179 180 182 183 184 188 188 184 186 189 190 190 190 194 193 190 192 194 196 196 197 196 195 195 195 196 197 197 198 197 196 196 197 198 199 200 201 198 196 194 193 191 191 193 195 194 196 201 198 192 188 188 189 192 192 190 190 191 191 192 192 186 164 170 184 166 154 153 174 180 154 167 187 187 187 185 181 182 185 189 191 191 190 190 187 183 181 176 175 177 177 176 175 175 176 177 176 174 172 171 170 169 170 175 175 175 177 178 181 180 175 170 164 158 158 159 159 162 171 174 177 178 182 191 191 186 184 184 182 182 184 182 179 177 180 183 184 182 179 175 173 175 182 187 189 181 181 186 183 173 163 159 163 169 171 169 165 166 170 173 176 178 178 182 184 181 177 174 168 158 152 153 160 167 170 171 172 175 175 174 174 174 175 176 178 179 181 182 182 183 184 183 184 187 190 191 193 195 193 189 187 186 188 191 191 191 191 190 188 189 189 188 184 181 176 175 178 179 181 182 184 187 188 189 187 186 187 187 189 192 194 192 191 191 193 191 188 191 190 187 188 189 189 189 187 184 175 139 70 15
228 164 160 169 176 179 181 182 185 187 189 188 189 186 185 187 189 191 193 197 196 193 194 195 196 198 198 197 196 195 195 196 196 196 197 196 195 195 195 197 200 201 201 200 199 195 193 193 193 194 195 193 195 197 195 194 192 190 193 195 194 190 188 190 191 192 192 187 183 187 189 189 187 186 188 189 185 188 189 189 189 186 183 179 180 186 188 189 188 187 184 180 176 173 172 172 173 172 171 173 177 180 181 177 177 176 171 168 171 178 179 178 178 179 179 177 174 172 168 165 166 164 161 164 173 174 174 178 180 187 189 188 184 184 183 182 184 182 180 180 182 183 183 182 179 178 177 178 181 185 188 185 186 188 185 177 166 159 161 167 166 163 164 170 176 175 175 177 181 187 190 184 179 177 171 161 153 150 156 162 165 166 167 168 170 171 171 173 174 173 174 177 178 178 182 185 185 184 186 189 192 195 195 192 190 189 188 189 189 190 191 191 191 191 189 189 189 187 185 184 181 179 179 179 180 180 182 185 187 188 187 187 187 187 188 190 190 187 189 191 195 196 191 191 191 188 187 185 184 183 182 179 164 108 40 7
228 163 158 169 178 184 186 184 187 194 195 190 190 188 188 188 190 194 199 203 199 195 195 197 198 200 200 199 198 197 197 198 197 198 198 196 195 195 197 198 202 203 201 200 198 196 193 194 194 195 196 195 197 198 196 196 193 190 192 195 195 191 189 190 190 191 192 185 182 186 191 194 194 194 192 193 192 192 191 190 191 188 185 181 181 184 186 187 186 185 182 180 174 169 168 171 171 170 172 175 179 181 182 179 180 181 174 169 173 178 180 178 176 177 177 176 176 174 170 168 169 167 163 165 172 174 176 180 181 184 188 187 184 184 183 183 185 183 182 182 182 182 182 182 180 180 181 180 180 183 186 184 185 189 187 180 171 164 163 164 167 165 165 172 178 177 176 179 183 189 190 183 179 178 173 165 157 152 154 159 163 167 166 165 167 170 172 174 175 173 172 175 176 178 183 186 186 186 188 188 192 196 196 192 189 190 190 191 191 191 191 191 191 191 190 190 190 189 187 186 185 183 180 181 181 180 180 183 185 186 187 188 188 186 187 189 189 188 188 190 194 198 194 190 191 188 185 182 180 178 176 176 153 81 24 8
228 165 160 169 178 182 184 184 186 193 193 188 187 187 190 190 190 194 200 205 201 195 196 197 200 202 203 201 200 199 198 199 198 198 197 195 195 197 201 202 206 202 200 197 195 194 193 192 193 195 196 196 196 198 195 196 195 193 193 194 193 190 187 187 187 189 191 187 186 188 192 195 195 196 195 194 192 192 191 189 190 188 185 182 181 183 185 186 185 184 182 182 177 171 172 173 171 171 172 176 179 180 181 179 181 182 176 171 171 174 176 176 174 176 176 174 175 175 172 169 170 169 166 164 168 174 179 181 181 185 189 186 185 184 182 184 185 184 183 182 182 182 182 182 180 179 180 180 179 180 183 184 185 189 189 183 176 169 166 166 166 166 166 172 177 177 177 181 184 188 187 184 181 180 175 169 163 156 152 154 161 165 165 164 166 171 173 176 175 171 168 171 174 177 180 184 185 187 188 187 189 193 195 193 190 191 192 192 193 191 191 191 191 192 192 191 191 190 187 187 187 186 184 184 182 180 180 181 182 184 186 186 186 185 186 188 188 188 186 189 192 198 198 193 192 188 183 179 177 174 171 168 129 50 12 6
230 169 164 170 176 177 175 177 180 184 185 181 181 183 186 188 188 193 198 200 197 194 196 198 200 203 204 204 201 198 197 198 196 197 197 196 196 199 201 204 206 200 198 196 193 193 193 192 193 195 195 195 196 197 195 195 195 196 194 194 192 187 183 182 182 184 189 191 191 193 194 196 194 196 195 192 192 191 189 188 186 185 185 184 182 182 184 185 183 182 183 184 181 178 178 177 174 175 175 176 177 179 182 179 181 181 176 171 170 171 172 173 174 178 175 173 175 176 175 172 170 168 166 165 170 176 180 181 180 184 187 186 188 185 181 183 186 184 183 182 181 184 183 182 180 178 177 177 177 180 181 184 186 188 187 184 177 170 169 169 166 166 168 172 177 177 178 183 186 188 188 187 186 182 177 172 169 161 151 148 155 161 163 164 167 171 173 175 172 167 165 168 172 176 178 179 182 186 188 186 188 192 192 193 193 193 194 195 195 193 191 192 192 193 194 193 192 190 188 188 187 188 187 187 185 182 180 179 182 183 185 185 184 183 184 186 185 184 183 185 189 195 198 194 191 188 182 177 174 172 170 161 97 26 8 5
229 169 165 170 176 176 170 172 178 182 183 180 178 178 179 181 184 189 194 196 195 194 195 199 203 203 201 202 199 197 196 197 194 196 199 198 198 199 200 201 201 199 195 194 192 191 191 191 193 194 194 195 196 197 197 195 195 196 196 195 192 186 179 177 177 181 186 189 193 194 195 196 195 195 195 193 191 190 190 188 185 182 184 185 183 183 183 183 181 180 180 181 181 180 181 179 177 179 178 178 177 178 180 180 181 180 176 172 171 172 172 170 174 180 178 179 183 182 178 175 173 170 169 171 175 179 182 181 180 181 181 182 186 184 181 183 186 185 185 183 182 184 185 183 181 180 176 175 177 180 181 183 185 185 183 183 179 174 173 171 168 166 169 174 177 177 178 183 186 189 191 190 186 181 176 174 169 163 153 146 151 159 163 166 168 169 170 171 168 165 165 166 170 174 175 178 180 183 185 185 188 190 189 189 191 193 195 197 198 193 192 192 192 192 192 193 192 191 190 189 189 188 189 189 184 181 180 179 183 184 184 185 184 182 183 185 184 182 182 183 188 193 197 194 189 186 181 175 175 173 169 151 73 14 7 6
229 165 160 164 171 174 169 168 174 179 181 181 179 178 175 175 180 185 187 190 192 195 197 201 204 201 198 198 197 196 195 196 193 194 196 198 200 206 209 204 199 199 197 193 191 189 190 193 193 192 192 194 195 195 195 196 196 196 196 195 193 187 180 177 179 184 188 190 192 193 194 195 193 193 195 194 190 189 189 188 185 181 182 183 184 184 184 184 183 183 182 182 181 181 181 180 178 178 179 177 178 178 178 178 179 179 177 175 175 176 176 174 178 184 184 185 189 185 180 178 175 171 170 172 174 176 179 182 181 180 179 178 179 181 181 185 186 185 184 184 184 185 186 185 183 182 179 177 178 181 183 184 186 183 182 182 181 178 178 173 170 170 172 176 178 178 180 184 186 188 190 189 184 179 174 172 170 164 154 145 149 157 163 166 166 165 165 167 164 162 161 164 167 173 176 177 179 180 182 183 185 187 187 188 189 191 193 197 197 194 194 193 192 191 191 193 193 193 190 188 188 187 187 185 182 180 180 180 184 185 183 183 183 183 184 183 182 180 180 183 186 190 193 190 187 184 179 176 177 174 164 125 45 9 7 6
229 163 156 158 167 174 169 165 169 175 178 181 180 179 176 176 176 180 183 186 190 195 200 203 202 197 196 197 197 196 195 194 192 190 190 194 199 207 211 210 201 200 198 194 192 190 192 196 195 192 192 193 193 193 192 193 194 194 195 195 193 190 186 184 186 188 190 190 191 192 194 195 192 192 195 195 192 191 188 186 185 183 181 181 183 184 186 188 188 189 188 189 189 187 187 188 186 183 181 180 181 181 179 178 179 179 179 179 180 180 181 184 188 192 190 185 186 183 180 178 175 170 169 168 170 172 176 180 181 181 179 178 179 183 184 185 185 183 183 183 184 187 187 186 184 183 182 179 178 180 183 187 186 185 184 185 184 183 180 172 173 180 180 179 179 180 182 186 187 188 189 188 183 177 172 171 170 166 157 146 147 155 162 165 164 161 160 162 159 157 159 162 167 173 179 181 180 179 179 182 183 184 187 187 188 190 191 193 193 192 193 192 193 194 194 192 192 192 190 188 186 184 185 183 181 179 180 182 184 185 183 181 181 182 183 182 180 178 179 183 185 186 188 187 187 184 179 177 177 172 150 92 24 9 7 6
228 161 152 155 166 177 172 165 168 172 176 180 180 179 177 177 178 181 184 186 190 194 198 200 198 195 197 198 198 197 195 194 192 191 190 190 192 199 204 208 205 202 197 190 192 192 194 198 195 192 192 193 193 192 190 190 190 191 193 194 194 192 189 187 188 189 193 192 192 193 194 194 191 191 195 196 193 191 188 186 187 186 184 183 184 185 186 188 190 190 191 193 193 194 194 195 194 190 185 182 184 184 181 180 178 178 180 183 183 183 188 191 196 198 193 187 186 183 180 178 176 172 170 168 167 168 175 179 181 181 179 178 181 185 186 184 182 181 180 181 184 186 188 187 185 184 182 181 180 181 183 188 189 188 187 187 186 185 180 175 178 186 186 181 181 181 183 186 187 188 189 188 183 176 170 170 171 169 161 150 148 153 160 164 162 155 154 157 157 156 158 163 168 174 180 183 182 179 178 178 179 181 185 184 186 188 189 189 189 188 189 191 193 195 194 191 189 188 190 188 185 183 183 182 181 179 180 183 183 183 182 181 180 180 181 182 180 178 179 183 185 185 184 187 187 185 182 180 178 169 129 63 18 13 10 7
226 157 149 151 163 176 175 168 168 171 174 177 180 181 181 182 184 185 187 190 190 193 195 197 196 195 196 197 197 197 196 196 195 195 195 192 192 193 198 199 199 198 194 191 193 194 194 195 193 191 191 193 193 192 191 190 189 189 190 191 193 193 191 189 189 191 197 198 196 197 196 193 190 189 192 194 193 194 191 189 188 188 187 186 187 188 186 188 189 190 190 189 189 190 192 194 193 189 184 182 184 185 182 179 177 179 181 184 183 184 186 192 195 195 190 187 187 184 180 177 178 176 175 171 167 166 171 177 181 181 179 179 182 185 187 185 183 182 181 181 183 185 186 187 186 185 184 185 184 184 186 189 190 189 187 184 184 183 181 180 183 188 187 184 184 184 186 187 187 187 188 187 183 177 172 172 173 172 164 153 150 151 158 160 157 149 147 151 158 163 164 167 171 173 178 180 178 177 177 177 178 180 181 180 182 187 187 186 186 188 189 190 192 193 193 190 188 188 188 187 185 183 183 183 182 180 180 183 183 183 185 183 182 181 181 181 180 179 180 183 185 186 187 188 188 186 184 180 179 160 97 38 18 17 13 7
224 152 147 152 158 167 171 169 168 170 173 176 177 179 182 184 187 188 189 192 192 192 197 199 197 196 196 195 195 195 195 195 195 194 196 196 195 193 195 194 193 193 193 195 195 195 193 192 190 190 192 193 192 191 193 192 190 189 188 189 190 191 193 194 192 192 194 195 195 197 200 195 192 193 194 192 195 197 194 188 187 190 188 187 188 190 189 191 191 191 190 188 185 185 187 188 187 186 184 181 182 185 183 180 180 182 182 182 181 181 181 185 188 189 185 183 183 182 181 179 178 178 178 173 168 168 172 178 182 183 181 181 182 184 188 187 184 183 183 182 183 184 184 186 185 185 186 187 185 185 186 189 190 189 186 183 180 181 183 187 189 189 188 186 184 186 188 188 186 187 187 187 186 183 178 175 174 174 166 155 150 152 159 159 153 146 145 147 159 167 167 170 170 171 172 172 173 175 176 178 180 181 178 177 179 183 184 184 184 186 188 188 190 191 191 188 187 186 186 185 184 184 184 184 183 181 182 182 182 182 184 184 181 180 181 180 179 179 181 184 186 188 188 188 189 188 185 179 174 141 65 20 16 18 14 9
222 148 148 153 155 162 169 170 169 170 174 176 176 177 181 186 187 188 190 193 194 195 197 198 196 195 195 193 192 192 192 192 192 194 195 196 196 195 196 195 193 193 194 196 197 196 193 190 188 190 193 193 193 191 191 191 189 188 189 189 189 189 193 197 196 193 194 195 197 200 205 200 195 197 198 195 195 197 195 189 187 189 189 188 189 191 192 193 193 192 192 190 189 187 187 185 185 185 185 185 184 186 185 184 183 183 184 181 180 180 181 184 186 187 186 185 185 181 178 178 180 180 180 176 173 173 176 181 184 184 183 182 184 186 189 188 185 185 185 184 184 184 184 185 185 186 187 187 186 186 187 189 191 190 187 184 182 184 187 191 193 191 189 186 186 189 190 190 188 189 189 188 189 188 183 179 177 176 170 160 154 156 162 161 155 152 150 149 158 166 168 171 172 171 171 171 173 177 180 182 183 182 179 178 179 182 183 182 183 186 189 189 189 190 189 188 186 184 183 183 185 184 183 184 184 183 184 184 182 181 181 181 179 178 180 181 179 179 182 185 188 190 189 189 189 187 184 177 168 116 41 11 12 14 14 7
