207 84 69 70 70 70 71 94 155 204 222 218 217 218 217 220 221 221 222 225 227 226 224 224 226 229 226 226 229 233 233 231 230 228 226 227 231 233 232 229 231 236 240 239 235 238 240 239 240 241 240 240 239 239 239 237 236 241 243 240 238 236 238 240 240 239 239 239 239 239 239 237 237 239 241 243 243 242 240 239 240 240 240 240 241 241 241 241 242 241 242 245 247 247 246 245 244 244 244 245 245 243 243 242 242 240 239 238 238 235 235 235 239 242 237 235 238 239 236 238 241 242 242 243 243 242 242 242 243 243 245 243 241 241 241 241 242 242 243 244 242 241 244 247 245 243 244 244 245 245 246 246 245 242 239 238 240 239 239 243 245 244 241 238 240 239 239 240 240 241 243 242 242 244 243 242 242 242 242 242 244 243 242 243 243 241 239 238 238 240 239 238 237 236 237 237 237 237 237 237 237 237 237 237 235 233 232 231 232 236 237 236 234 233 234 233 232 230 229 227 227 226 223 219 218 219 222 221 219 218 218 218 218 215 207 208 213 213 209 204 199 171 114 70 64 65 66 66 66 66 65 65 65 65 66 64
195 28 7 11 11 11 16 66 148 197 212 210 209 208 207 211 213 212 212 215 216 217 215 214 218 220 218 218 223 228 227 223 221 220 219 222 226 228 226 223 225 229 234 233 228 232 237 235 236 236 233 233 233 233 234 233 230 235 237 233 230 230 232 235 237 235 234 235 233 233 233 231 230 233 236 238 238 238 235 235 235 235 235 235 238 238 236 238 239 238 239 240 241 241 241 241 240 240 241 241 241 241 241 240 238 236 237 237 233 229 229 231 235 239 231 229 233 235 231 235 236 238 238 240 239 236 238 240 241 239 239 237 235 236 238 240 240 240 240 241 239 236 239 243 242 241 240 240 240 241 242 242 241 240 237 235 237 234 233 237 243 244 239 233 235 236 237 237 236 238 238 236 236 238 239 237 237 238 239 240 242 241 241 242 242 240 238 236 236 238 236 234 233 233 234 235 234 233 233 232 231 230 231 232 229 227 228 227 228 233 233 230 228 228 229 228 227 227 224 220 220 218 217 214 209 207 210 211 209 208 208 208 206 201 194 196 200 201 200 199 195 168 94 23 4 5 5 5 5 5 5 5 5 4 3 0
197 31 8 12 13 14 30 103 181 211 216 216 213 212 211 214 218 216 217 218 217 217 219 220 221 224 221 223 228 230 226 223 224 223 222 228 230 231 232 231 230 232 232 233 233 237 241 238 237 237 235 234 233 235 238 235 231 236 236 234 232 232 234 237 240 239 236 235 236 234 235 233 233 236 237 237 239 239 237 238 236 236 239 238 240 240 239 241 241 238 239 241 242 242 242 242 242 242 242 242 242 242 242 240 240 239 241 241 235 232 234 235 238 238 233 231 235 240 237 237 239 240 240 242 241 239 241 243 243 241 240 237 234 235 239 241 241 241 241 243 241 238 241 244 243 242 243 243 240 240 241 239 240 242 240 238 240 238 235 235 239 245 241 236 238 242 242 241 241 240 240 238 237 239 239 238 237 237 239 242 242 240 239 240 241 242 241 238 237 238 236 235 235 235 237 235 234 235 233 233 231 230 231 230 229 227 227 228 228 230 230 229 228 228 229 227 228 227 224 220 220 221 221 220 210 205 210 213 211 210 211 211 206 204 202 201 202 201 203 207 206 195 137 48 7 8 7 7 7 7 7 7 7 6 4 5
197 32 11 11 12 22 63 143 199 216 218 218 217 216 214 217 222 220 221 221 220 217 217 221 226 229 225 223 227 230 226 225 227 226 222 229 234 231 233 234 231 231 229 228 233 240 242 239 238 239 238 236 235 236 237 235 231 234 235 236 236 235 236 240 243 241 238 235 234 234 237 238 237 237 239 238 239 239 241 241 236 237 240 239 239 240 240 240 240 240 240 241 240 239 240 242 243 244 244 241 242 243 243 241 241 241 241 241 236 234 236 237 236 234 233 233 234 238 238 239 241 241 239 240 242 243 244 245 244 244 244 239 238 238 239 240 241 241 241 243 240 237 241 243 240 240 241 242 240 239 239 240 242 245 241 240 243 242 238 234 233 238 238 239 240 242 242 241 242 241 239 237 238 239 239 238 237 239 240 242 242 239 237 237 239 241 241 239 238 239 237 236 236 237 237 236 235 236 235 233 232 231 232 232 233 230 229 230 228 228 228 228 229 230 231 229 229 228 224 222 223 224 224 224 214 211 215 216 215 213 214 214 210 208 208 206 205 206 212 212 211 208 176 90 24 8 8 9 8 6 8 8 8 8 6 5
197 32 11 12 16 38 105 177 205 212 214 214 215 218 218 220 222 222 221 223 222 218 214 219 228 232 225 222 225 227 225 226 228 227 222 229 236 234 233 233 230 230 231 229 232 238 240 239 239 239 237 235 237 237 235 233 231 231 235 238 237 234 234 238 241 241 239 235 230 230 236 238 239 238 240 239 239 239 241 240 235 236 239 240 238 238 240 240 239 240 240 241 238 235 239 242 244 245 244 241 242 242 242 242 241 241 241 240 236 234 236 238 238 232 231 234 234 236 239 241 241 240 238 239 241 244 243 243 242 244 245 242 241 241 240 239 239 239 240 242 237 235 241 242 240 240 242 243 243 241 241 244 246 245 242 242 244 243 239 234 234 236 236 239 241 240 240 240 242 241 237 235 237 238 239 239 241 243 244 243 244 242 239 239 242 244 244 241 241 242 240 240 240 240 240 239 237 238 238 237 238 237 236 235 238 236 233 228 227 229 231 230 232 234 234 230 228 228 229 229 229 228 228 228 222 220 222 219 215 214 215 215 213 210 210 208 205 213 220 216 214 211 191 135 56 12 8 8 8 6 8 8 7 7 6 5
197 33 11 14 21 64 145 196 206 208 210 211 213 216 218 219 220 222 221 222 224 223 219 221 228 230 224 222 226 227 225 226 231 229 223 229 237 238 235 234 230 232 234 236 235 233 235 237 239 239 238 237 237 237 236 234 233 231 236 238 237 234 232 236 240 241 241 239 234 232 235 239 241 241 238 236 239 241 240 241 235 234 239 239 238 238 240 241 241 241 240 240 238 236 240 244 244 244 244 243 244 244 243 243 243 243 241 239 237 236 237 239 240 237 236 235 237 239 241 242 239 237 237 239 243 243 242 243 242 244 246 244 243 242 241 240 239 239 240 243 238 233 240 245 242 242 240 241 242 240 240 241 244 242 241 241 242 242 239 236 238 243 240 240 241 241 241 241 242 242 240 239 241 240 240 240 242 241 240 240 242 241 237 238 241 243 241 238 238 241 241 238 237 239 240 238 236 238 240 238 239 237 233 232 234 234 232 228 227 230 232 230 230 231 233 231 228 227 228 228 225 225 225 226 224 222 225 222 218 217 216 217 215 212 210 207 206 211 215 210 207 207 199 171 92 26 9 7 8 7 7 7 7 6 5 5
198 34 13 17 37 100 174 201 209 212 213 212 215 214 217 221 223 223 223 224 226 227 225 225 228 229 223 223 226 226 224 227 233 233 226 228 232 236 236 236 229 227 232 238 236 231 231 233 234 235 235 235 235 237 236 233 231 232 233 235 235 234 233 234 236 238 240 243 239 235 235 240 241 239 236 234 236 241 239 239 233 235 238 236 236 238 242 243 241 239 237 237 238 239 241 243 243 242 242 242 242 241 241 243 242 242 239 238 239 239 239 241 240 240 239 236 237 239 241 240 237 235 235 236 241 240 240 241 240 242 244 243 241 240 240 240 238 237 239 242 237 232 237 243 243 242 242 242 241 241 241 243 243 244 244 243 242 239 237 236 241 246 242 240 239 240 239 238 238 240 241 240 239 239 240 242 241 240 237 239 241 240 239 239 242 241 238 235 236 239 240 237 236 237 238 236 236 240 241 239 237 235 232 232 231 233 233 227 227 229 230 230 228 228 231 234 232 230 227 223 220 220 222 223 223 220 221 221 218 219 218 218 217 214 212 211 210 210 208 207 206 205 206 199 142 59 16 9 8 7 7 7 6 6 5 5
198 33 10 20 63 134 186 200 209 214 213 211 213 213 217 222 225 224 225 226 226 228 230 230 231 228 223 223 226 226 225 227 231 232 228 229 231 233 237 237 229 224 230 236 234 232 234 236 234 233 231 232 234 237 237 232 228 232 234 235 234 235 232 232 235 238 239 241 240 237 235 238 241 237 237 235 234 236 239 237 231 235 237 234 235 240 242 242 241 240 236 235 237 239 240 241 242 241 240 239 240 240 240 241 240 239 238 237 238 238 240 241 239 238 239 237 236 239 241 240 237 237 235 236 240 241 240 241 241 242 243 240 240 241 241 240 237 237 238 240 238 235 236 240 243 243 241 241 240 240 241 243 242 242 243 242 241 239 236 236 242 247 242 240 238 238 238 237 236 238 239 238 238 239 241 242 241 240 239 240 240 240 240 241 242 241 239 237 237 239 240 239 235 235 237 237 236 239 239 237 236 236 234 232 231 233 235 231 227 230 231 231 229 229 232 232 232 231 227 223 221 221 223 224 224 221 220 219 219 219 220 218 218 216 214 216 215 211 208 210 210 211 211 208 179 99 29 9 8 7 7 9 8 7 5 5
198 33 10 31 96 160 190 203 208 210 208 207 211 216 221 219 220 223 225 225 224 225 229 231 233 230 224 224 228 227 228 231 232 232 227 230 232 232 234 232 228 229 236 238 234 233 237 240 237 232 230 231 235 238 240 234 227 232 236 237 236 235 234 233 236 240 240 240 240 238 236 239 240 237 237 236 235 235 238 237 232 235 237 234 234 240 241 242 243 241 236 233 235 239 241 240 241 241 239 239 241 241 240 241 240 238 237 238 238 238 239 240 239 239 239 237 236 239 241 240 240 237 236 237 239 239 238 241 240 241 243 241 241 242 242 239 238 238 238 239 240 239 241 241 243 243 241 242 240 241 241 243 242 242 242 240 242 241 237 236 243 246 240 239 239 239 240 241 241 242 239 238 237 239 241 242 243 241 241 241 241 240 241 242 242 240 240 239 238 239 242 241 237 235 236 235 236 238 237 236 237 237 235 232 229 230 234 235 232 230 230 232 232 231 231 229 229 230 228 227 225 224 224 225 225 221 220 221 222 221 220 220 219 219 217 218 217 213 210 212 212 214 213 213 200 140 54 13 6 6 7 10 9 7 5 5
197 31 16 54 138 184 198 207 209 210 212 210 210 218 223 217 216 220 223 224 223 223 227 229 234 234 227 228 230 230 230 233 235 232 227 229 231 232 232 230 230 237 241 239 236 234 237 239 238 234 232 234 236 237 240 237 229 230 236 238 237 236 235 235 236 237 239 242 242 241 239 240 240 239 236 236 236 236 236 236 234 237 237 235 234 236 239 242 244 242 237 234 235 238 239 239 238 238 239 240 243 244 241 240 240 238 237 239 239 240 240 240 240 241 241 240 239 240 239 236 239 239 237 236 237 235 234 237 238 240 243 242 243 245 243 239 240 239 239 240 239 241 244 243 243 243 242 242 241 242 242 242 242 242 241 240 242 241 237 236 243 245 240 239 239 240 240 243 246 246 240 236 234 236 238 239 240 239 239 239 240 240 241 243 241 241 241 240 239 240 244 243 240 236 235 235 237 238 235 235 236 236 237 235 231 229 232 238 237 231 230 231 232 230 229 228 229 229 228 229 229 227 224 225 225 221 219 221 224 221 220 220 221 221 221 219 218 216 213 212 210 212 215 215 210 179 91 23 7 7 8 10 8 7 5 5
195 31 28 91 175 199 208 209 208 211 220 216 210 218 223 221 218 220 222 224 224 224 225 226 232 234 229 227 228 229 229 230 234 232 226 227 230 232 233 232 231 238 240 237 237 236 239 236 237 237 234 234 235 235 237 237 233 231 236 239 238 235 233 234 234 234 238 241 243 240 239 240 239 237 232 235 237 237 237 234 233 238 236 237 236 234 237 240 243 241 238 238 238 237 235 238 237 237 237 239 243 244 242 241 241 239 238 238 238 241 241 240 241 242 240 240 240 239 237 234 237 240 239 239 238 235 235 236 236 240 243 242 242 244 243 240 240 239 239 238 237 239 242 242 242 243 243 242 242 241 241 241 241 241 240 239 240 240 238 237 241 243 239 238 239 238 238 238 243 245 239 237 233 234 236 236 236 236 237 238 241 241 242 243 241 240 240 239 240 242 242 242 240 237 236 236 236 237 235 233 235 235 238 239 235 231 233 236 236 231 229 230 230 229 229 230 230 227 227 229 230 227 224 225 226 223 221 222 223 219 218 221 223 223 220 217 216 215 215 214 215 216 219 217 212 198 134 45 11 8 9 9 8 6 5 6
194 38 53 135 192 199 202 206 207 211 219 217 212 223 226 226 223 224 225 225 225 225 225 226 229 230 229 228 226 228 227 227 232 234 228 227 231 234 236 233 229 233 235 236 237 236 239 234 236 238 235 234 237 236 235 237 236 233 235 238 238 235 235 236 233 231 237 240 241 240 239 240 239 236 227 232 238 237 237 234 232 234 234 238 241 237 235 236 240 240 241 243 242 239 234 236 240 238 237 236 238 240 241 242 241 239 239 238 236 239 240 240 241 240 239 240 241 239 240 237 238 242 242 242 240 236 236 236 236 240 244 241 240 240 240 239 241 240 239 238 236 236 240 239 241 244 244 242 242 241 240 240 240 240 239 239 240 240 242 242 240 238 239 241 240 238 237 237 240 240 237 239 237 235 234 236 236 237 238 240 241 240 240 240 238 237 238 238 239 240 238 239 238 239 238 237 235 234 236 236 237 236 238 240 236 233 233 235 236 232 230 231 231 231 230 232 232 228 227 230 230 227 226 225 226 226 223 223 221 218 219 224 228 225 219 217 216 213 214 217 218 220 223 217 213 210 171 78 21 10 10 9 8 7 5 6
194 49 88 174 199 195 194 204 209 212 217 214 215 226 229 226 225 228 227 226 225 224 224 227 231 232 230 229 228 230 229 227 232 235 230 228 232 236 238 234 227 229 231 234 235 232 233 232 236 239 237 237 237 237 237 239 236 233 235 238 239 235 235 236 233 232 236 237 237 240 239 238 238 236 228 233 237 235 236 235 235 232 230 237 241 238 234 235 238 240 242 243 240 239 236 238 242 241 238 236 237 239 237 240 240 240 240 237 235 238 239 239 240 239 239 241 242 239 240 240 241 243 244 243 241 237 236 236 236 241 244 240 239 239 240 241 241 241 240 238 238 237 239 238 240 243 243 241 240 241 240 238 240 240 240 242 241 241 244 244 240 237 238 241 242 240 238 238 238 238 237 240 239 237 234 235 236 237 237 238 241 240 238 238 236 236 238 237 239 239 237 238 238 239 239 239 235 233 235 237 238 236 237 239 236 234 235 236 236 234 231 230 231 232 232 235 232 231 232 232 232 228 228 227 227 226 225 223 221 220 222 227 229 225 219 216 215 215 216 216 218 221 221 216 214 218 199 121 42 13 10 9 8 6 6 6
198 72 125 191 202 201 201 208 210 212 216 217 222 229 229 227 226 227 227 228 227 225 227 229 233 234 230 230 233 234 232 228 230 234 231 229 232 235 239 236 227 230 232 234 235 232 229 229 237 241 240 238 236 236 239 241 238 234 233 233 237 237 236 236 235 233 234 233 233 238 239 238 238 239 234 235 237 233 233 236 237 231 230 238 241 240 235 234 238 240 242 241 238 236 238 241 242 240 239 240 243 242 235 236 240 242 241 236 235 238 238 236 237 238 239 240 242 240 240 241 243 242 242 241 241 238 237 237 239 243 244 240 238 238 240 241 242 241 241 240 241 240 239 237 239 243 242 240 241 241 240 236 237 241 242 242 241 241 241 239 239 241 240 240 240 240 239 238 237 238 239 240 240 239 236 235 235 236 235 238 240 238 236 239 238 237 237 236 237 238 239 237 238 239 242 242 236 233 235 237 238 237 237 237 236 236 236 234 236 236 234 233 233 234 234 236 234 234 235 235 234 230 229 228 228 228 229 227 225 222 224 225 224 221 217 215 215 218 220 218 220 220 219 217 215 219 211 161 77 20 9 8 8 8 8 8
206 105 155 197 204 206 212 213 213 214 218 223 227 230 229 229 228 226 226 230 229 229 229 231 231 232 230 231 234 237 235 229 230 232 230 229 230 234 237 233 230 234 234 235 237 235 230 228 238 243 242 239 237 237 240 242 239 236 234 228 232 237 237 236 234 233 235 234 236 239 240 240 239 241 237 237 236 232 231 234 236 231 231 238 241 241 237 235 238 239 240 240 236 234 238 240 240 237 237 241 246 245 236 234 238 243 242 238 236 239 237 235 235 237 238 241 243 242 242 242 242 241 240 238 239 239 239 238 238 241 242 239 238 239 239 239 239 239 240 240 241 241 240 238 240 242 240 241 243 241 239 234 233 237 241 241 241 239 237 236 238 243 242 239 239 241 240 238 238 239 240 239 241 240 237 235 234 235 236 237 240 237 235 241 240 238 238 237 237 240 242 239 237 238 243 242 237 235 236 236 238 237 236 237 237 236 235 235 235 236 236 235 234 233 236 236 235 235 233 232 232 232 231 228 228 230 230 230 227 224 224 221 221 223 221 217 217 219 222 220 221 221 220 219 218 220 219 193 118 37 10 9 7 7 7 7
219 142 176 199 204 208 215 217 217 218 219 223 225 227 229 230 230 226 226 229 229 229 228 229 229 229 229 231 229 232 235 231 231 235 234 230 228 232 233 229 233 236 234 235 238 240 236 232 238 243 240 240 238 238 241 241 238 238 234 228 231 236 237 236 235 234 236 237 239 241 242 243 241 239 235 237 237 233 232 233 236 234 232 236 239 241 240 238 238 239 240 240 234 232 236 237 236 235 234 236 242 242 236 234 238 243 244 240 239 242 240 235 235 236 239 242 243 243 243 242 242 241 239 236 236 238 239 237 236 238 240 240 239 239 239 238 237 238 240 240 239 239 238 238 240 239 238 239 241 241 239 234 231 233 239 241 241 238 237 238 238 241 242 240 239 241 242 239 238 239 240 239 241 242 239 237 237 236 236 235 238 237 236 239 238 237 238 237 235 239 244 241 237 238 239 239 236 235 235 236 238 238 237 237 238 238 235 235 235 236 238 236 231 230 232 234 236 234 230 228 230 233 233 230 228 229 227 226 225 226 227 224 223 225 224 220 217 216 218 219 224 225 222 217 216 222 224 214 161 66 12 7 7 7 7 5
230 176 192 200 201 208 214 217 219 222 220 220 216 219 226 229 231 227 226 228 227 226 226 228 228 228 228 229 229 232 235 233 234 238 237 231 227 229 230 229 237 236 232 232 235 237 239 237 239 240 238 240 241 239 240 240 237 237 236 233 234 236 236 235 235 235 236 238 240 239 241 241 241 239 235 236 238 237 235 233 238 239 237 238 238 240 241 238 239 239 239 239 234 232 236 234 232 233 232 230 234 237 236 235 236 241 243 240 239 244 243 235 234 235 239 242 243 244 243 241 241 241 239 235 234 237 238 237 237 237 238 238 238 238 238 238 237 238 239 239 238 237 238 238 239 238 237 239 241 240 239 236 233 234 238 239 238 238 237 238 239 240 241 240 240 241 241 238 237 238 240 239 240 241 240 238 239 237 235 232 236 239 238 236 236 238 239 237 234 237 242 239 238 237 236 236 235 235 235 236 238 239 237 237 239 238 235 234 233 235 235 237 232 231 232 232 233 230 229 229 231 233 232 231 228 228 227 225 224 225 226 225 223 223 220 219 218 216 216 216 221 222 220 217 217 220 225 225 195 105 25 7 8 8 6 4
234 190 200 205 204 210 215 217 219 221 222 223 217 219 225 229 230 228 227 228 226 225 226 227 227 227 228 230 231 234 235 234 235 238 238 232 228 229 230 232 238 236 229 231 233 234 237 237 238 238 239 243 245 240 239 238 237 237 239 238 237 237 237 238 235 235 236 238 240 239 239 240 240 239 235 236 240 240 236 233 239 242 240 238 237 239 242 241 238 238 238 239 235 234 236 233 231 235 233 229 231 234 237 238 234 236 239 239 239 243 241 236 235 236 236 239 242 244 242 241 242 242 240 238 235 236 235 237 240 238 238 237 239 239 238 238 238 236 236 239 239 238 239 239 237 238 238 239 241 240 239 236 235 236 237 238 239 238 236 237 240 241 240 241 239 238 238 237 237 237 239 239 238 240 239 238 239 237 234 231 234 239 240 237 239 240 241 241 237 238 239 238 238 237 235 235 234 233 234 235 237 236 236 237 240 239 235 234 233 234 233 234 234 233 233 234 231 229 229 231 232 232 232 233 229 227 228 226 226 226 227 225 224 223 218 218 219 219 217 219 220 220 218 220 220 220 228 227 211 140 47 10 6 7 5 4
237 195 202 209 209 211 214 215 216 216 219 226 223 223 227 228 228 228 226 227 227 227 228 229 229 228 230 230 230 233 234 234 233 235 237 234 230 229 231 232 235 235 230 231 233 233 237 237 234 231 236 242 245 239 237 238 238 239 238 235 234 236 237 238 235 234 236 239 241 242 239 239 239 239 237 238 240 240 238 236 238 241 241 237 236 239 241 241 238 237 237 238 237 236 237 234 233 237 234 228 226 228 234 237 235 234 235 236 236 234 233 234 237 235 234 235 239 241 239 239 241 242 241 240 237 235 234 238 240 240 238 238 240 240 239 239 239 236 234 237 238 238 239 239 238 239 239 240 241 240 239 238 236 236 237 237 237 236 234 235 238 240 239 239 238 238 238 239 238 238 238 237 238 240 239 238 239 239 236 233 234 239 241 240 240 239 240 240 239 237 236 236 237 237 237 236 235 233 233 233 234 236 237 236 239 239 237 237 235 235 233 233 234 233 234 233 232 231 231 231 233 231 232 232 231 228 227 227 227 228 226 224 226 226 219 217 217 219 219 221 222 221 218 220 222 222 226 226 220 173 79 20 7 7 5 4
239 199 205 212 213 215 216 218 218 214 217 222 224 226 225 225 228 228 226 227 228 228 230 231 231 229 227 227 228 234 236 234 229 231 235 235 230 229 228 226 231 236 231 230 234 234 236 238 234 223 229 242 241 236 236 238 239 239 236 231 229 230 235 239 237 234 236 239 243 244 240 237 236 238 240 242 242 241 240 238 237 235 236 234 234 236 239 241 238 237 236 236 238 238 239 238 235 238 236 230 227 226 229 234 237 237 235 235 234 229 231 238 239 234 234 235 237 238 238 240 239 241 240 240 239 236 236 239 240 238 236 238 240 241 240 240 241 239 236 237 236 236 238 239 239 238 240 242 241 241 241 239 237 237 237 237 237 234 234 234 236 239 239 239 239 237 238 239 238 238 238 237 238 240 241 240 240 241 239 236 236 238 240 239 237 236 236 237 238 237 235 235 237 240 242 240 237 235 234 234 235 237 238 234 232 234 237 237 235 236 234 234 234 234 236 234 235 233 231 230 233 231 228 228 230 229 227 227 226 227 225 221 226 227 221 216 216 220 219 220 222 220 217 220 222 221 222 222 221 199 125 48 11 7 5 4
239 201 206 212 213 215 218 222 223 217 216 222 223 223 223 225 229 230 227 228 228 228 229 231 231 230 228 227 229 235 237 234 229 229 232 235 232 230 225 223 229 235 230 230 235 234 234 237 235 225 231 241 239 235 235 238 240 239 237 235 231 228 233 237 238 237 236 239 242 244 240 238 235 236 239 243 242 241 239 238 236 234 233 232 232 235 239 241 238 237 235 234 237 238 238 237 235 238 239 233 231 231 230 232 236 238 236 235 235 234 237 242 239 234 234 236 237 238 240 242 239 238 238 240 241 237 237 239 240 238 236 237 239 241 241 241 240 239 238 238 236 236 238 238 239 238 241 241 239 240 242 241 238 237 237 236 236 235 234 234 236 239 239 239 239 238 237 237 237 237 237 237 238 240 240 240 240 240 239 238 238 238 238 237 235 236 237 236 237 236 237 236 236 237 238 237 235 234 233 235 237 239 239 232 227 231 236 237 235 236 235 235 234 234 236 235 235 233 231 231 233 230 227 227 227 229 229 227 225 226 225 221 224 226 226 222 220 220 218 218 221 220 217 220 222 221 221 219 217 208 160 77 17 7 5 4
240 204 209 214 214 215 219 223 224 219 220 224 226 226 224 226 229 229 228 231 229 228 229 230 229 229 229 228 229 234 236 233 229 229 231 235 236 233 227 224 231 234 232 231 234 236 235 235 234 233 239 240 238 234 233 236 238 239 239 240 237 233 232 237 240 240 238 239 241 241 240 239 236 235 238 241 240 238 234 231 233 234 232 232 235 238 240 241 239 236 232 231 235 238 238 238 236 237 237 233 234 235 233 234 235 239 239 239 238 237 240 242 239 237 237 239 238 239 240 242 239 235 236 238 240 237 234 236 240 238 238 237 239 241 241 238 236 237 237 238 236 235 239 238 241 241 239 235 235 239 240 240 236 234 234 235 236 237 236 235 235 236 236 239 240 239 238 237 237 237 237 238 238 240 238 238 238 239 239 239 239 237 235 234 234 237 240 239 237 239 240 237 237 237 235 233 233 233 235 237 238 239 239 234 230 235 238 237 238 236 235 235 234 234 234 233 233 232 233 234 232 230 230 228 227 228 229 227 226 226 225 221 221 223 227 225 223 221 219 220 221 219 220 223 222 222 219 216 214 205 181 113 33 6 5 4
239 203 209 213 212 214 219 221 222 220 220 227 228 225 225 229 231 228 228 230 229 227 227 228 230 230 231 230 231 231 231 231 231 231 228 233 239 237 231 229 233 235 235 234 232 237 238 236 233 236 241 239 237 236 236 235 237 237 239 241 242 239 236 237 239 242 242 240 239 239 238 239 238 238 238 240 238 235 232 230 229 232 233 234 237 238 239 239 238 237 233 234 236 236 236 238 235 234 235 231 233 237 237 235 235 241 241 240 239 238 239 239 239 241 241 240 240 238 238 239 240 236 237 238 239 238 235 237 239 239 238 238 240 241 240 238 235 232 233 236 235 236 237 237 240 242 239 232 231 233 235 238 237 235 234 234 238 239 238 236 236 233 231 237 239 237 237 238 238 238 239 239 239 239 238 237 238 240 239 239 240 238 237 237 239 239 239 239 237 238 239 241 241 239 236 235 236 237 237 235 234 234 237 236 235 239 238 236 237 237 235 236 234 233 234 232 229 231 235 234 231 230 231 230 229 227 228 228 227 227 225 223 222 223 226 224 222 221 222 222 220 220 222 223 223 220 216 215 214 207 196 149 58 9 5 3
239 201 206 210 210 213 218 219 219 220 220 227 228 224 225 230 231 228 228 231 230 227 227 228 230 230 231 230 232 230 230 233 232 231 227 229 233 234 232 231 231 232 232 232 232 235 235 236 234 237 240 239 235 238 241 240 238 237 239 241 240 240 239 236 237 240 242 240 239 237 238 240 240 239 237 239 239 237 235 235 230 232 234 236 238 238 238 237 238 240 237 236 235 232 235 238 233 231 231 228 231 238 238 235 236 239 238 238 239 238 238 236 237 238 238 239 238 238 238 240 241 239 239 239 238 238 237 238 239 239 238 238 239 240 240 239 234 231 232 235 237 237 236 235 237 241 239 235 234 234 236 238 239 237 236 237 239 239 237 236 236 232 229 233 237 235 235 238 238 238 239 238 237 239 239 238 238 240 239 239 240 239 239 239 238 238 240 238 234 235 237 239 241 240 237 236 238 240 238 233 231 232 235 236 237 238 236 235 236 238 237 237 235 234 236 233 231 232 234 232 230 230 233 233 232 230 226 225 226 226 225 223 224 223 223 223 222 221 222 221 219 220 222 222 221 218 215 215 215 212 203 175 86 18 5 3
240 204 207 210 210 213 219 219 219 221 220 224 228 224 224 229 230 227 227 231 230 227 227 228 229 230 230 230 233 230 228 232 233 231 227 228 230 231 233 235 233 232 232 231 231 233 235 236 237 238 239 239 234 237 242 242 238 236 240 241 240 240 239 236 237 239 239 241 239 238 239 241 240 238 237 239 239 236 236 238 235 233 233 236 238 239 238 237 239 241 237 236 232 228 232 234 230 230 230 229 231 236 238 238 238 239 237 237 239 238 237 236 237 237 237 238 238 238 238 239 240 240 241 243 241 237 238 237 237 238 237 236 238 239 240 239 235 233 234 237 239 237 236 233 236 241 239 237 236 237 237 238 240 238 236 237 240 240 235 234 235 232 230 230 235 236 236 238 237 238 238 237 236 238 239 238 237 239 240 239 239 239 239 239 238 238 240 238 233 234 237 238 239 239 237 235 236 238 236 232 231 232 235 238 240 238 236 235 236 237 237 235 233 232 234 232 232 234 234 231 230 230 233 233 232 231 229 228 227 226 225 224 227 227 224 223 221 222 221 220 221 221 220 220 219 218 215 216 217 216 211 198 125 37 7 3
242 209 210 211 210 216 221 221 221 221 222 225 226 223 226 228 228 226 226 229 228 227 228 228 228 230 230 231 234 233 228 230 233 231 228 230 236 233 235 239 237 235 234 232 232 235 237 235 238 241 242 240 237 237 239 240 238 236 240 241 242 240 238 238 240 238 237 238 238 240 241 242 241 240 238 239 238 234 237 239 238 233 232 233 235 237 237 238 238 239 237 234 230 228 231 231 227 230 232 233 234 233 235 238 236 239 239 238 238 238 237 239 239 239 239 239 239 238 237 236 236 239 242 245 243 238 237 236 236 236 236 235 237 239 239 237 236 237 237 240 240 237 235 233 235 240 239 237 236 238 240 239 240 238 234 235 238 238 232 233 236 235 234 232 235 238 238 235 235 236 237 236 234 237 237 238 238 239 240 239 237 239 239 239 240 240 242 240 234 234 237 238 238 238 238 236 235 234 233 232 232 233 235 236 236 235 237 236 236 236 236 234 232 231 232 231 233 233 232 233 231 232 231 230 229 231 232 233 230 226 226 227 227 225 224 224 224 222 220 220 222 221 219 219 219 221 216 215 218 220 219 213 162 65 13 3
242 210 210 210 211 215 220 220 221 221 225 227 226 223 226 228 228 227 226 227 227 228 229 229 229 231 230 231 233 233 228 229 233 231 229 235 243 237 235 238 240 238 237 235 234 236 237 237 238 242 243 240 239 240 239 238 238 237 240 243 242 239 239 239 239 238 237 235 234 239 243 242 241 240 237 237 238 235 236 238 239 233 232 231 231 233 234 237 237 238 236 232 231 231 232 230 228 233 236 237 236 233 235 236 232 237 241 238 236 237 239 239 239 238 238 238 238 238 235 233 234 236 238 242 242 240 239 237 234 234 235 235 237 240 239 235 234 236 238 239 239 238 236 232 234 237 238 239 238 237 238 241 242 239 235 233 235 235 232 232 235 239 238 235 235 238 237 234 234 236 237 235 234 235 235 236 237 238 239 238 237 238 238 238 240 241 242 240 237 236 237 238 238 238 238 237 236 235 234 233 232 233 236 237 236 235 237 236 236 238 236 234 233 234 233 232 233 232 232 234 234 232 231 229 229 230 232 233 231 228 228 227 222 217 218 223 224 223 221 219 220 222 220 218 216 219 218 218 218 218 216 213 182 94 25 4
241 205 204 208 212 216 220 221 220 221 225 227 227 226 226 228 229 227 226 227 229 229 230 230 229 228 229 229 231 231 228 230 234 233 232 236 244 240 236 238 242 243 240 236 235 238 237 238 239 241 243 241 241 241 240 238 237 238 239 240 240 239 238 238 239 237 235 231 234 242 243 242 241 239 237 236 238 237 235 236 235 236 233 233 234 233 234 237 238 238 236 233 231 232 231 231 230 235 238 239 238 235 234 235 233 236 237 238 236 236 239 239 238 238 239 238 239 239 235 233 235 238 238 240 239 239 238 238 236 234 236 236 238 240 238 236 235 238 238 236 238 237 236 236 238 240 237 236 236 236 236 241 240 236 234 232 236 236 235 234 237 237 237 235 233 233 233 234 234 234 235 235 236 237 237 237 237 238 238 238 238 238 237 237 239 241 238 238 238 237 236 237 239 237 238 238 238 237 237 236 236 236 235 234 235 238 236 234 238 239 239 239 236 233 234 232 234 232 231 233 236 233 231 231 232 233 231 228 227 228 229 224 215 211 217 223 224 224 223 221 223 223 222 221 218 218 221 221 215 211 208 206 193 135 54 7
241 204 203 209 213 218 221 222 222 221 222 224 227 228 226 228 231 228 228 229 229 228 229 229 228 227 228 228 231 231 231 234 236 236 234 235 237 238 238 239 244 246 241 235 235 237 237 238 239 242 243 241 240 240 240 238 237 238 238 239 239 239 239 239 240 238 235 231 236 243 244 242 241 239 238 238 240 238 236 236 233 234 233 233 236 234 234 236 238 237 235 235 233 231 230 233 233 237 238 237 238 235 235 234 235 237 238 238 236 237 239 240 239 239 240 239 240 239 235 234 236 239 239 239 239 239 238 238 237 235 236 237 238 239 236 233 235 238 237 236 236 237 236 235 236 239 236 234 233 233 235 242 241 237 236 237 238 237 236 236 237 237 238 235 232 230 230 233 234 235 236 236 237 238 239 239 237 238 239 239 238 237 236 236 237 238 238 238 238 238 238 239 240 238 238 238 238 238 238 237 237 236 235 235 235 237 233 231 234 238 239 239 236 232 235 235 235 232 232 235 233 231 231 231 232 233 232 229 227 228 229 225 217 216 220 223 222 223 225 226 228 225 222 221 220 219 222 223 218 213 209 207 199 166 87 17
241 205 205 212 215 220 223 223 223 221 220 221 227 229 229 231 232 231 231 229 228 226 228 229 227 227 228 228 232 232 233 236 236 234 234 236 235 235 239 239 245 244 238 235 235 237 238 237 238 241 242 240 238 240 241 239 237 238 237 239 239 240 240 242 241 239 236 232 237 241 242 242 241 241 241 241 240 238 239 239 234 233 231 232 236 235 232 233 235 234 235 236 234 231 230 234 235 237 235 234 235 234 234 234 237 240 241 239 237 240 240 241 240 240 240 240 241 237 233 234 236 237 238 238 239 239 240 240 236 234 234 234 236 237 235 233 235 237 237 235 235 237 236 234 234 236 234 232 232 232 235 242 243 239 238 239 239 235 237 235 234 236 239 236 232 229 232 235 235 235 236 235 236 238 240 240 237 238 240 239 236 236 236 235 235 236 238 240 241 241 239 239 241 240 239 239 239 239 239 238 237 235 233 234 236 236 232 230 233 235 238 236 234 232 234 235 234 232 230 232 229 230 230 231 232 233 232 229 227 228 230 226 223 222 224 223 223 225 226 225 228 225 221 220 220 219 221 224 221 216 211 209 204 186 119 32
241 208 209 213 216 220 222 222 221 223 222 222 226 228 229 232 231 231 232 230 228 227 229 230 229 228 230 230 231 231 233 234 232 232 233 235 234 235 237 237 241 240 234 233 236 237 239 240 239 241 242 240 241 241 242 241 239 237 235 237 238 238 239 241 240 239 236 236 239 241 239 240 241 241 240 239 238 237 239 240 236 234 232 234 236 232 230 231 234 233 233 235 236 234 232 233 235 236 235 234 234 235 235 236 238 239 239 237 239 240 239 239 238 238 239 239 240 237 235 236 236 236 236 237 238 238 240 240 235 231 230 232 234 235 236 236 237 238 238 236 235 236 238 235 234 235 234 233 232 233 234 240 242 239 238 240 237 235 235 234 233 234 237 235 231 231 237 238 236 237 237 236 234 235 238 239 238 239 239 239 237 237 236 236 236 237 238 240 241 241 238 238 240 242 241 241 241 239 238 237 237 235 233 234 238 238 233 232 233 235 236 234 233 233 235 232 233 232 230 229 229 231 231 232 233 234 233 231 229 230 233 230 226 223 221 220 223 229 224 223 222 221 219 218 217 216 220 223 221 215 210 205 202 193 148 54
242 209 211 216 218 219 219 219 221 224 222 223 227 226 225 229 231 231 232 229 229 229 230 231 231 230 230 228 227 231 232 233 234 234 234 234 234 235 236 235 236 239 236 232 235 238 241 243 241 242 242 243 244 244 243 242 240 239 236 237 236 234 236 238 239 239 239 239 242 241 239 238 240 239 236 235 235 235 237 239 238 234 234 236 235 229 229 230 234 233 233 234 237 236 233 233 236 239 237 235 235 235 237 240 239 236 235 237 241 240 238 238 237 238 238 239 239 240 239 236 235 236 236 237 237 237 238 239 236 232 231 233 234 235 235 239 240 239 239 236 235 236 239 236 234 236 237 234 232 232 233 236 236 234 237 239 237 235 234 234 235 234 235 235 232 233 237 236 234 237 238 236 234 233 234 237 239 239 239 238 238 237 237 237 237 238 239 240 239 238 238 238 241 242 241 241 240 239 238 237 237 235 234 235 236 236 233 232 234 234 234 233 233 234 235 232 231 232 231 231 230 231 231 232 233 234 232 230 229 230 232 230 229 223 220 220 223 228 223 220 222 220 216 216 217 216 219 221 218 213 208 204 200 192 168 80
243 211 212 216 218 218 219 219 221 224 224 225 228 225 222 225 229 231 231 228 228 229 231 230 232 230 229 229 227 231 232 232 234 235 234 235 237 237 236 236 237 238 236 232 232 236 241 239 239 242 245 245 243 242 241 241 239 241 239 237 235 232 234 236 239 240 239 237 240 240 239 240 238 234 233 233 235 235 237 239 238 232 233 237 236 230 230 234 237 235 232 232 234 235 235 235 237 240 238 235 235 235 236 240 240 233 230 235 240 240 238 239 237 238 238 239 239 238 237 235 236 238 238 239 240 238 238 238 234 233 234 234 235 234 236 239 239 240 240 237 236 236 237 237 236 236 237 234 233 233 233 233 232 229 231 238 238 237 235 234 234 232 236 236 236 235 234 232 232 235 236 238 238 237 235 235 237 238 239 239 237 238 237 237 237 238 236 237 236 236 239 239 239 238 239 239 240 240 237 235 236 234 235 237 236 233 229 233 236 236 235 233 233 233 235 233 232 232 232 232 230 229 230 233 233 232 231 230 228 227 228 229 227 224 225 225 225 225 223 221 223 221 217 216 215 216 217 218 217 212 209 207 202 194 180 110
243 210 210 215 218 220 220 219 220 223 226 228 230 226 224 226 228 229 229 227 227 231 233 233 232 231 230 230 228 230 232 232 234 235 234 233 237 240 237 237 238 237 237 233 232 235 238 237 238 241 246 247 244 238 238 240 238 239 238 235 235 235 234 237 239 239 237 236 238 238 240 241 237 233 231 234 236 236 237 238 236 230 234 238 239 235 234 236 239 237 234 232 233 235 234 234 237 239 239 238 236 235 237 238 237 233 232 235 238 238 238 240 238 238 238 240 240 240 239 236 237 238 239 241 239 237 235 236 236 236 236 236 235 235 236 238 239 240 240 238 236 234 234 236 238 236 235 232 232 235 234 230 231 228 230 235 236 238 239 238 236 235 234 237 237 233 229 227 228 232 234 237 239 238 238 236 236 238 239 238 237 239 239 238 238 237 237 238 236 234 239 239 238 236 236 237 237 238 237 235 235 234 235 237 237 234 232 235 237 238 239 236 233 233 236 234 233 232 234 234 230 230 233 233 229 228 229 231 229 226 227 228 227 227 228 228 226 226 224 222 223 223 220 220 218 216 216 219 220 215 214 213 206 200 190 142
243 210 211 216 220 219 217 218 219 224 227 229 231 229 228 229 229 229 228 229 231 232 233 232 230 228 229 229 229 230 231 232 234 235 232 230 234 239 238 237 237 240 240 235 234 235 237 237 238 241 244 247 245 238 238 241 237 236 235 236 236 236 236 237 239 240 238 237 237 237 239 239 236 233 231 233 237 234 231 233 235 230 233 237 238 237 235 235 238 238 234 233 236 237 234 233 237 238 239 240 237 233 236 237 237 236 237 238 236 235 236 238 239 236 236 238 239 239 238 237 236 236 237 240 239 238 236 235 236 237 235 236 236 235 234 237 240 240 240 238 234 231 232 236 238 236 232 232 231 234 234 231 233 230 231 235 233 237 240 239 240 237 234 236 237 234 231 227 229 233 234 235 235 236 238 237 237 240 240 238 236 238 239 238 238 237 236 238 236 233 235 238 237 236 235 235 234 237 240 236 235 234 236 238 237 235 235 234 234 239 242 239 234 232 235 233 232 232 234 234 232 234 235 231 226 226 229 231 229 226 227 228 229 229 230 228 226 225 224 222 221 224 223 223 222 219 217 219 221 217 216 213 209 204 195 167
243 211 212 218 219 215 213 215 219 223 226 228 229 230 230 231 231 229 228 231 233 233 230 228 228 227 228 228 229 230 232 233 236 236 234 231 233 237 239 237 235 239 240 238 237 238 238 239 239 240 243 245 243 239 240 242 237 236 235 238 239 238 237 237 238 239 239 241 241 238 237 237 235 233 233 235 241 237 227 227 233 232 234 235 235 236 237 235 237 237 234 234 238 239 236 234 237 237 236 238 237 236 236 237 236 236 237 237 236 236 237 238 239 236 236 237 238 238 238 238 238 237 238 239 238 239 238 236 238 234 224 230 237 236 234 236 238 238 240 239 234 231 232 235 237 235 232 232 232 235 235 232 233 232 233 235 232 233 238 238 240 238 236 236 235 236 237 233 232 233 234 234 233 234 234 236 237 242 242 237 235 237 238 238 238 237 236 237 237 233 233 236 238 237 235 235 233 236 239 236 236 235 236 237 236 237 237 234 233 237 241 239 234 232 233 232 231 230 232 233 232 234 234 229 224 226 230 231 228 227 227 228 228 228 229 226 225 225 224 222 222 225 224 223 222 222 220 219 219 216 214 212 208 200 195 183
243 212 212 218 219 216 213 215 219 222 225 225 226 227 228 229 230 230 229 233 234 232 227 226 228 228 230 229 230 230 231 233 238 237 235 233 234 237 238 237 237 240 241 238 238 239 239 239 240 241 243 245 243 239 239 240 238 237 236 239 240 239 235 236 238 239 239 241 241 238 237 236 234 234 234 238 244 238 227 226 231 234 236 235 234 235 238 238 238 238 236 235 238 240 238 235 236 236 236 238 237 236 236 236 238 236 237 237 237 237 237 239 240 239 238 238 237 238 239 239 240 240 239 237 235 237 237 237 239 229 212 218 236 237 235 234 235 237 240 240 236 233 232 235 237 234 233 233 234 236 236 232 230 233 234 235 232 233 238 238 240 239 239 237 236 238 238 237 235 236 237 236 237 236 235 234 234 241 243 237 234 235 236 237 237 237 236 236 236 234 233 236 239 238 236 236 237 236 236 236 236 236 237 237 234 236 239 238 235 236 237 237 235 232 233 231 231 230 230 230 231 234 234 232 229 230 232 232 230 228 229 228 228 227 229 227 226 225 224 223 223 226 225 224 223 222 221 218 218 216 214 212 209 200 195 190
243 214 212 214 218 218 216 216 218 220 225 227 227 228 228 228 229 230 230 232 231 231 227 225 227 229 230 230 231 232 231 234 239 238 234 233 235 238 237 238 239 241 239 235 238 240 238 240 241 243 244 244 243 239 239 240 239 238 237 238 240 239 235 236 239 240 239 240 238 235 237 235 233 235 235 237 242 237 229 230 232 236 237 236 234 234 238 239 237 238 237 236 237 240 239 235 235 236 237 239 239 236 233 232 234 236 237 238 238 238 238 238 238 237 237 236 237 240 239 239 238 239 236 234 234 238 238 237 238 232 217 221 235 238 236 236 234 236 239 240 238 237 235 235 237 236 236 236 235 235 235 234 233 233 235 233 230 232 239 239 240 240 241 237 235 236 236 238 237 237 237 237 238 237 234 232 232 237 239 236 233 234 236 239 239 237 234 235 237 235 234 235 238 238 235 235 238 236 232 235 237 238 238 234 231 234 239 241 236 235 237 237 236 233 232 231 231 231 228 229 230 233 235 234 232 231 233 231 230 226 227 228 228 229 229 228 227 224 223 223 223 225 226 225 224 221 220 217 218 218 214 211 210 205 199 193
244 215 212 211 214 215 214 216 219 221 225 229 228 227 227 229 229 227 226 227 230 232 229 227 228 228 227 229 233 234 234 237 239 238 235 234 236 238 238 238 238 238 237 234 238 240 240 239 240 242 241 241 241 240 242 243 241 239 238 240 243 239 238 239 238 237 236 237 235 233 234 235 233 234 234 237 242 234 231 238 241 237 234 235 235 235 240 240 237 239 240 237 238 240 239 238 238 239 238 239 240 237 233 231 234 237 238 239 237 236 238 240 238 236 236 237 239 240 239 237 236 237 235 234 235 237 237 236 235 235 231 232 238 237 235 236 235 238 241 240 237 238 237 235 234 236 236 237 235 235 236 236 234 233 232 232 231 232 237 237 237 240 241 236 233 234 234 238 237 235 235 235 236 234 234 233 233 235 237 235 234 234 235 238 239 236 235 236 238 236 234 235 237 238 236 236 236 234 233 236 237 237 235 232 232 234 239 242 237 234 234 236 234 232 232 232 232 232 229 230 233 234 233 233 233 234 234 231 230 227 228 229 228 228 228 227 225 223 223 224 225 223 224 222 221 219 217 217 219 221 218 213 213 211 205 196
244 215 212 212 214 215 212 216 220 224 226 229 227 227 228 229 230 228 221 222 231 232 229 229 230 229 227 228 232 233 234 237 237 236 236 237 238 237 238 239 238 238 237 235 238 240 240 238 238 240 240 240 240 242 246 246 241 239 238 240 242 238 238 239 236 233 233 234 233 233 235 234 233 233 234 237 240 232 228 237 245 239 233 231 234 237 240 241 239 239 239 238 239 240 238 238 240 239 237 240 239 237 233 232 237 240 241 240 237 236 238 240 239 237 237 239 241 241 239 238 237 237 236 236 237 238 237 236 234 234 236 238 238 235 233 233 235 237 239 238 236 238 237 235 234 236 236 236 235 237 238 237 234 233 232 233 233 234 236 235 236 239 239 236 234 235 236 237 234 234 235 235 235 233 234 236 235 237 237 235 234 235 235 238 239 238 236 237 239 238 235 236 237 237 238 238 236 235 237 235 236 234 233 231 233 236 238 239 236 233 234 235 234 232 232 231 231 232 231 231 233 234 233 233 232 233 232 231 232 233 232 229 228 228 227 228 226 224 224 225 223 220 220 219 218 216 216 218 220 220 219 217 216 212 207 197
244 215 213 213 219 221 217 217 221 226 228 228 228 227 225 227 230 233 229 227 232 231 228 230 232 230 227 228 230 232 234 237 236 235 235 237 238 236 237 240 239 238 239 238 239 239 240 239 239 240 239 237 239 239 243 243 240 238 237 238 238 237 238 239 237 233 233 235 235 236 237 235 234 234 235 234 235 235 231 232 238 236 233 231 233 235 238 240 240 240 239 238 239 239 237 238 240 239 238 239 238 235 235 235 237 240 240 239 237 236 237 240 240 239 239 240 239 240 240 239 238 237 236 236 238 238 235 236 234 232 235 236 234 231 232 234 236 236 236 236 237 238 236 235 236 236 236 236 235 236 237 237 235 235 232 234 236 236 236 235 235 236 236 236 236 236 236 236 234 235 236 236 236 235 235 236 236 238 238 236 235 235 235 238 239 238 237 237 237 237 237 237 237 236 236 236 234 233 233 232 233 233 232 232 234 236 237 235 234 234 236 236 235 233 233 230 230 232 231 231 232 232 232 232 231 231 231 228 230 234 233 229 228 228 227 226 227 227 229 230 226 223 223 223 222 223 221 221 220 217 218 218 214 207 203 197
244 215 213 214 217 220 218 218 220 224 226 229 230 226 222 225 231 235 235 232 230 229 229 231 233 231 228 228 230 231 234 236 237 234 234 237 235 235 239 241 240 239 240 240 240 237 238 240 240 240 240 240 239 235 237 240 241 235 235 235 236 236 238 239 239 237 235 237 237 238 238 236 236 236 237 232 230 237 237 232 233 235 235 234 233 232 233 239 241 241 241 239 240 239 237 238 240 240 240 239 237 234 236 238 236 237 238 239 237 237 237 239 241 240 239 238 237 240 240 238 236 237 236 236 238 238 234 234 235 235 236 235 233 232 233 238 239 238 238 238 237 236 234 234 236 235 233 234 236 235 236 238 237 236 233 236 238 238 237 236 234 234 235 237 237 236 235 235 236 237 237 237 237 237 237 237 238 237 237 237 236 234 234 237 239 238 235 235 235 237 237 237 236 234 234 234 233 233 231 232 233 231 232 233 236 237 236 235 234 235 236 237 235 235 234 230 230 232 232 233 232 231 230 230 231 231 231 227 228 230 232 229 229 229 227 228 228 229 230 231 226 225 226 228 227 227 224 221 220 217 218 217 212 205 202 198
245 217 215 213 212 213 213 216 218 222 225 227 230 226 223 227 231 233 233 229 226 226 226 228 232 232 228 226 231 233 234 237 236 235 234 237 237 238 239 238 238 238 240 241 238 236 237 239 239 239 240 242 240 234 234 238 241 236 234 235 236 236 238 240 240 238 238 238 237 239 239 237 237 238 237 232 228 233 239 236 235 236 236 234 233 233 233 236 240 240 241 240 241 241 240 239 240 240 239 238 236 235 236 237 237 236 237 240 239 238 238 239 239 240 239 237 236 238 238 238 236 235 236 237 236 237 235 233 234 238 237 235 234 235 235 238 239 238 240 239 237 234 233 235 237 236 232 233 235 237 239 242 238 234 231 234 237 238 237 237 237 235 238 236 236 237 237 238 237 237 238 238 236 236 236 236 237 236 235 236 236 235 235 237 238 236 235 235 235 234 234 233 232 231 231 232 234 236 235 235 235 234 233 231 233 235 235 234 234 234 234 236 234 236 236 234 233 232 231 233 233 231 228 230 230 231 229 228 227 227 229 230 229 228 229 229 230 229 228 228 223 223 225 224 221 221 222 220 222 220 220 218 212 206 205 200
244 216 215 217 215 211 211 217 220 221 223 225 228 225 222 224 230 232 231 227 226 226 226 229 234 234 230 229 237 238 234 233 234 236 236 238 241 237 235 236 237 236 238 239 238 236 237 240 240 239 239 240 239 235 233 236 242 241 237 236 240 239 236 238 240 239 238 238 238 238 238 239 238 239 238 233 228 230 236 237 236 235 235 236 235 237 237 235 236 240 241 240 241 240 240 240 240 240 239 238 239 237 237 238 237 237 237 238 240 240 237 235 237 240 240 239 237 239 237 235 232 234 236 238 237 235 236 233 232 236 238 237 237 237 237 238 237 235 237 239 237 234 234 236 238 237 235 234 233 235 238 240 235 230 228 229 230 232 235 238 239 238 237 236 236 237 238 238 239 238 237 238 236 235 235 234 234 231 230 233 236 236 236 234 233 234 234 234 234 235 233 232 231 231 231 231 234 239 238 235 235 237 234 229 228 231 234 235 235 233 234 234 235 237 236 235 235 233 232 232 235 233 228 227 230 231 229 229 228 226 229 232 231 228 229 229 230 226 222 222 222 222 221 221 219 220 224 223 222 219 220 218 209 206 206 203
244 216 215 218 220 219 217 220 222 221 221 224 226 224 222 224 230 233 231 228 229 229 230 231 233 233 234 237 244 241 234 232 234 238 238 238 239 236 235 236 237 236 237 238 238 237 238 241 240 238 238 240 240 236 233 237 241 240 239 240 241 239 236 238 240 239 239 239 238 236 236 238 238 238 238 235 231 230 235 237 235 233 233 236 237 239 238 234 234 240 241 240 240 240 240 241 242 240 239 238 239 240 240 239 238 237 237 237 239 241 237 234 236 238 240 240 238 239 236 232 229 233 238 240 238 235 236 234 233 235 238 237 238 238 238 238 236 235 237 239 239 236 236 237 238 238 236 236 236 236 235 236 234 230 231 231 232 228 230 237 241 239 238 236 237 238 237 236 236 237 237 238 237 235 235 233 233 232 231 234 235 236 236 234 233 234 234 235 236 235 235 236 236 234 232 233 234 238 236 233 234 235 233 229 229 233 235 236 235 235 235 234 234 236 235 232 233 234 233 234 235 234 231 227 229 233 232 232 230 228 230 232 232 229 229 229 227 223 220 222 222 222 219 221 223 223 224 224 222 219 218 216 208 206 207 205
242 212 213 216 219 222 221 222 225 222 221 224 224 224 225 226 230 233 231 230 231 231 231 232 230 230 235 239 243 239 234 233 236 240 239 237 237 235 234 235 237 237 236 237 238 237 237 240 238 237 239 240 241 238 237 237 239 237 239 241 241 238 237 236 238 240 241 240 239 236 235 237 236 236 237 237 235 234 236 236 233 233 232 233 237 238 237 236 236 241 240 240 240 240 240 240 240 240 240 238 239 239 241 241 239 238 237 236 238 240 237 236 235 237 238 239 239 241 237 233 229 234 239 239 236 234 236 235 234 232 234 235 237 236 236 236 234 236 237 238 238 238 237 237 237 237 237 237 237 235 234 238 236 232 234 235 235 228 226 233 239 238 236 237 238 239 238 234 234 237 237 238 237 237 236 233 232 234 234 236 236 235 235 235 234 235 236 236 235 233 233 237 239 238 236 235 235 235 233 232 233 234 233 233 234 235 236 237 236 237 235 232 233 236 236 234 236 236 234 233 234 234 234 231 232 234 232 230 232 232 232 232 232 230 227 230 230 228 227 226 225 222 219 222 225 226 223 223 223 220 217 215 208 205 203 201
242 211 215 218 218 219 220 224 228 223 222 225 226 227 227 227 229 232 233 233 234 233 230 229 227 228 233 238 239 237 236 236 237 239 238 239 239 236 235 236 236 236 236 237 237 237 237 239 237 236 238 241 240 239 240 240 237 235 236 239 239 236 236 235 236 238 240 239 239 238 236 236 235 235 238 239 238 237 237 236 234 236 232 230 234 238 237 236 239 240 240 242 241 240 239 239 238 239 240 241 240 238 240 241 240 240 238 237 238 240 240 239 238 236 236 237 238 241 240 237 237 239 239 237 234 233 233 234 232 232 233 237 236 234 233 233 233 236 237 238 238 239 238 236 238 237 236 236 236 237 237 241 237 233 235 236 235 231 226 231 239 239 235 234 236 239 236 231 232 235 237 239 237 238 237 235 234 233 234 235 237 237 236 235 235 236 237 238 234 231 230 234 239 239 237 237 235 234 233 233 233 234 236 236 234 234 235 236 237 237 234 231 230 233 236 237 238 238 235 233 232 231 234 234 235 235 230 229 231 234 235 235 232 228 229 230 230 230 230 229 228 225 224 229 230 227 224 222 219 218 219 217 211 206 203 198
241 211 216 218 216 216 218 224 228 224 222 227 230 230 228 226 228 230 232 234 234 234 230 230 230 229 233 236 236 236 236 237 239 237 236 239 239 233 232 233 234 235 238 238 238 238 238 238 237 236 237 239 239 240 242 240 239 235 234 237 238 236 236 237 238 236 236 237 239 239 237 236 235 237 238 237 239 237 237 236 235 237 234 231 234 238 236 234 237 240 241 240 241 239 238 240 239 238 237 240 241 239 239 239 240 240 239 238 238 240 239 238 236 234 236 238 240 241 240 238 238 238 237 237 236 235 233 235 235 235 236 238 236 235 233 233 233 236 238 238 237 236 235 235 236 237 236 236 238 239 239 241 235 233 233 234 233 232 230 231 241 240 236 236 236 238 235 230 232 238 240 239 237 237 236 235 234 233 232 234 237 238 236 236 236 236 236 238 235 232 231 235 239 238 237 237 235 234 235 235 236 236 236 235 234 232 233 236 237 236 234 231 229 233 238 238 238 234 231 231 232 232 235 234 235 236 233 230 231 233 234 235 233 227 225 225 224 224 227 227 227 228 230 231 228 226 225 222 219 219 220 220 215 209 206 202
241 209 212 214 215 216 218 222 226 221 220 225 229 230 228 226 227 230 232 233 232 233 231 230 231 232 233 235 236 237 236 236 238 236 235 235 234 230 231 233 235 235 236 237 237 237 237 238 237 237 239 240 239 240 241 238 237 236 234 237 238 237 237 237 239 240 238 236 237 238 237 236 236 239 238 235 238 239 238 236 237 239 237 234 235 238 236 235 239 240 241 239 241 239 239 240 238 235 234 237 240 239 239 239 240 241 240 239 239 239 238 238 237 236 236 237 240 241 240 238 238 239 238 238 236 236 235 236 236 235 235 236 237 236 235 234 234 237 238 236 237 236 235 235 235 235 233 235 236 236 236 239 235 235 234 235 233 233 233 233 237 239 237 237 236 237 235 232 234 238 239 238 236 234 234 233 233 233 231 233 237 236 234 234 236 236 236 238 235 233 231 234 237 237 236 236 237 236 235 235 235 234 235 236 234 234 234 236 237 235 233 231 231 235 237 237 237 235 232 233 234 234 236 234 235 236 234 232 230 229 228 232 234 227 221 219 217 218 223 226 229 231 232 227 223 223 222 222 220 222 221 221 218 214 211 207
242 209 211 213 216 218 219 223 225 222 221 227 229 229 229 228 229 232 233 232 231 231 229 227 229 231 231 233 235 237 237 234 235 235 234 234 232 231 232 235 236 236 235 235 236 236 236 238 238 239 242 241 239 239 240 238 236 238 236 238 236 233 233 231 234 238 238 234 230 233 236 237 235 236 234 234 237 237 237 238 238 241 239 236 236 236 236 237 240 238 237 237 240 240 240 241 238 234 233 234 238 239 238 237 239 241 240 240 240 237 236 237 239 238 237 237 239 239 238 236 237 239 238 236 234 235 237 234 231 231 234 235 238 237 236 236 236 235 235 235 238 236 235 234 232 231 231 233 234 233 234 237 235 236 238 237 235 235 237 235 234 237 238 235 235 239 239 234 235 237 237 238 235 233 232 231 234 233 231 235 237 235 233 233 235 236 236 237 237 235 233 234 235 234 235 234 236 238 234 233 235 235 236 238 238 236 237 237 237 235 233 233 234 237 235 234 237 237 234 234 233 235 236 233 234 234 235 234 231 227 222 227 230 229 224 221 216 215 219 223 227 229 228 223 220 220 220 221 221 221 221 220 219 215 213 211
243 213 216 218 219 220 222 225 225 225 224 226 229 229 230 231 231 231 232 232 231 231 229 227 228 229 231 234 236 238 238 235 235 237 236 236 235 235 234 234 235 237 234 235 235 235 235 238 238 241 243 241 240 239 240 239 237 236 236 238 234 229 232 231 231 233 236 233 228 231 235 236 235 236 234 233 235 236 235 236 237 240 238 235 235 236 235 238 239 236 235 238 239 238 239 240 238 235 235 234 238 240 239 238 239 239 240 240 240 238 237 238 238 239 240 238 237 237 236 236 237 238 238 235 233 235 237 234 229 229 232 234 235 235 234 238 238 235 233 235 238 237 237 235 233 230 231 234 235 234 234 234 233 235 237 236 236 237 238 236 234 235 235 235 235 238 239 234 234 236 236 236 236 234 232 232 232 232 234 237 237 235 233 233 235 236 236 237 237 236 236 235 235 234 235 234 235 237 237 235 236 235 236 239 240 238 237 236 236 235 233 233 235 238 236 236 239 237 234 234 232 233 236 236 234 233 234 233 231 228 224 227 229 227 226 225 220 217 220 222 226 228 227 223 221 220 220 220 220 218 219 221 218 214 212 208
243 217 220 221 220 221 223 226 224 225 224 224 227 229 230 231 231 231 230 232 231 231 231 230 229 229 231 235 237 239 238 238 238 238 237 237 235 237 235 232 233 235 233 234 235 235 235 237 238 242 242 239 239 238 240 239 238 236 237 238 236 233 234 235 234 233 236 234 231 233 234 234 236 238 238 234 234 235 234 234 235 238 236 234 234 234 233 236 238 235 234 238 239 237 237 239 238 237 236 235 236 240 241 241 239 238 238 241 240 239 239 239 237 237 240 240 238 236 235 236 237 237 238 236 235 237 238 236 232 230 232 232 233 232 232 236 235 235 235 235 237 238 238 237 235 232 233 235 236 235 234 233 232 234 235 234 234 237 238 238 236 234 233 233 233 234 236 234 233 234 235 235 236 234 235 234 231 231 236 239 238 235 233 234 235 236 236 236 236 235 235 237 238 237 235 235 234 235 238 239 239 236 236 239 240 238 237 235 235 236 235 233 233 237 237 238 239 235 231 232 230 230 234 236 234 233 234 233 233 230 229 231 229 224 224 224 221 220 222 223 225 228 230 227 224 223 221 221 220 217 215 217 218 214 208 204
245 221 222 222 221 222 225 226 226 227 225 225 225 229 230 228 229 230 229 231 233 231 230 231 233 234 235 237 238 238 237 240 240 238 236 236 236 236 234 230 230 236 235 235 235 235 235 236 237 240 242 240 238 236 236 238 238 237 237 239 239 238 237 237 237 238 239 237 234 233 230 232 235 240 243 239 234 233 234 236 237 238 235 233 233 233 233 236 238 235 236 238 240 239 237 237 238 237 237 236 235 237 242 241 239 239 240 241 240 236 237 239 238 237 238 242 242 238 234 237 237 236 236 239 240 240 240 238 236 232 232 233 233 231 231 234 235 236 237 236 236 237 237 236 238 237 238 237 236 235 236 236 235 234 233 232 232 234 238 238 235 235 236 235 232 232 234 234 233 234 236 236 236 235 236 234 231 233 238 240 238 235 234 236 236 236 235 235 235 236 236 238 239 238 237 237 235 234 238 240 241 240 239 238 237 237 236 234 235 236 235 234 235 236 235 234 235 235 230 231 232 232 236 237 235 234 235 235 235 234 233 231 228 227 226 224 223 223 225 223 222 226 229 227 226 226 222 223 224 221 217 214 213 209 203 202
245 220 221 222 222 224 224 224 226 226 225 224 224 227 230 229 228 229 228 229 231 231 229 229 234 235 237 238 239 238 237 241 238 236 235 235 235 236 234 229 229 236 237 237 236 235 235 236 235 237 240 238 236 235 235 237 237 238 237 238 238 238 237 236 236 237 240 238 235 236 231 230 233 239 241 240 238 237 233 234 239 239 235 233 233 233 233 236 238 237 237 239 239 240 238 237 237 238 237 236 236 236 239 239 238 241 242 241 239 236 236 238 238 236 236 238 240 239 238 238 239 235 235 238 239 239 239 239 237 236 233 231 232 232 232 235 234 235 236 235 234 235 235 233 234 236 238 238 237 235 235 236 236 233 231 233 232 234 236 236 234 233 237 235 234 235 236 236 235 236 239 239 236 236 236 234 233 236 239 240 236 234 234 237 237 236 234 233 234 236 237 238 239 238 236 237 236 235 236 238 239 241 240 236 234 236 234 231 232 235 235 232 234 236 234 232 234 234 231 231 233 235 237 237 234 233 236 235 236 234 231 229 229 228 226 224 223 225 228 225 222 225 226 224 224 224 221 225 227 224 217 212 209 207 203 204
245 220 221 222 223 226 225 223 223 227 227 226 225 227 229 228 228 229 229 228 228 230 230 229 231 235 235 235 236 237 237 238 237 236 236 236 235 237 236 231 230 237 238 237 236 235 235 236 236 236 237 237 236 235 236 238 238 237 239 238 238 238 238 236 234 235 238 238 237 239 237 233 234 237 238 237 237 238 236 233 237 238 237 235 236 236 236 237 238 236 237 237 239 240 240 239 238 237 237 237 236 236 238 238 236 239 241 239 240 238 238 238 235 234 233 234 236 237 240 241 240 236 235 236 237 239 240 236 235 238 237 233 232 232 232 235 236 235 236 235 233 234 234 230 231 234 236 238 238 235 234 234 235 232 229 232 232 235 236 237 234 233 235 235 235 237 237 237 238 238 238 238 236 236 236 235 236 238 237 237 234 235 237 238 236 235 233 232 234 236 237 238 238 238 238 239 237 235 234 235 237 241 240 236 235 238 234 229 230 234 235 233 233 236 233 232 236 235 232 231 232 236 238 239 234 233 234 232 233 231 228 229 229 228 228 225 225 227 229 227 225 226 225 225 224 224 223 226 229 223 217 212 210 207 205 207
245 222 224 222 222 226 225 221 221 226 229 228 225 226 227 226 228 229 230 228 229 230 229 227 229 233 233 234 235 236 236 234 234 233 234 236 236 236 236 231 230 237 238 236 233 233 235 237 237 236 235 236 236 235 236 238 238 237 240 239 239 239 239 238 234 233 236 237 237 238 240 239 238 236 236 237 237 238 240 239 239 236 236 235 235 237 236 235 236 236 236 236 238 240 240 239 238 237 238 238 237 236 237 238 236 238 239 239 240 240 240 237 235 234 233 233 233 234 239 242 240 236 235 235 235 238 238 235 233 235 239 236 234 233 233 235 235 236 237 236 234 234 235 233 232 233 236 236 234 233 235 230 233 232 230 231 232 235 236 237 236 233 233 232 235 238 237 236 238 236 233 235 236 235 237 239 241 239 234 231 232 235 237 238 236 236 235 234 235 236 237 237 236 237 238 239 239 236 235 236 236 239 239 236 236 238 236 232 233 235 235 234 233 234 232 233 235 235 233 231 231 232 236 235 232 233 232 231 233 233 229 228 229 228 229 227 228 231 232 229 228 228 226 226 226 224 224 228 228 223 218 215 212 207 205 205
245 224 225 223 221 222 223 222 221 226 230 229 227 226 226 225 227 229 230 230 230 230 228 224 226 233 233 233 235 235 235 234 232 231 234 234 234 235 236 233 231 236 239 238 235 235 237 238 236 235 234 234 237 236 234 236 236 238 240 240 239 240 241 239 235 233 237 236 237 237 240 240 238 235 235 237 238 240 243 244 242 236 236 234 234 235 234 234 235 235 235 235 236 240 241 240 237 237 238 237 237 236 237 239 237 237 238 238 240 239 239 237 236 235 235 234 234 234 237 242 239 237 235 234 234 236 237 235 234 234 236 236 235 234 233 235 235 236 237 236 237 238 238 236 232 227 229 236 235 233 233 232 233 232 233 235 235 238 237 236 235 232 230 231 235 237 236 236 236 235 232 234 236 235 237 242 246 240 232 229 231 236 238 238 237 236 236 235 235 236 238 236 235 236 239 240 240 238 236 238 236 238 241 238 235 235 237 237 236 235 235 235 234 233 232 232 235 235 234 233 231 232 235 232 231 232 230 230 233 235 231 227 229 228 228 227 228 232 233 229 228 228 227 227 226 226 227 228 227 223 219 214 212 209 207 204
245 223 225 225 223 223 224 222 223 228 232 230 229 230 225 224 226 230 231 231 230 230 230 228 229 233 234 234 234 234 235 235 233 233 235 233 233 234 237 235 234 234 236 239 240 239 237 237 235 236 233 234 237 237 235 236 238 240 239 239 239 240 240 238 235 233 236 235 237 238 240 238 236 236 236 240 241 241 241 242 240 238 237 236 234 236 236 235 236 236 235 233 235 239 240 238 237 239 238 236 236 236 239 240 238 238 237 238 240 241 241 239 235 236 237 237 237 234 237 244 241 237 236 234 234 235 236 237 237 233 235 235 235 235 236 235 234 236 237 236 236 238 239 237 234 223 224 236 238 235 234 232 234 233 234 234 234 236 235 234 233 231 230 231 233 234 234 234 234 235 235 235 237 237 238 243 246 240 233 232 234 237 237 238 238 237 237 236 234 235 236 235 234 236 238 239 239 238 237 236 236 238 240 239 235 234 235 235 235 234 234 234 234 234 234 234 234 237 234 232 233 234 233 230 229 231 231 229 230 232 230 228 228 228 229 228 229 233 231 230 229 227 227 227 228 230 230 227 225 222 217 211 209 211 209 207
245 221 225 227 227 227 227 226 227 230 232 230 229 229 227 227 228 231 232 231 230 231 233 233 234 237 237 236 235 235 235 234 234 234 235 234 232 232 237 237 235 233 232 236 238 238 237 238 236 236 234 233 237 238 239 239 238 241 241 240 240 240 239 236 233 233 235 235 237 238 239 236 233 233 234 238 239 240 238 237 239 241 240 236 234 236 237 236 236 236 234 234 235 239 239 237 238 239 238 235 236 236 237 237 236 239 239 238 240 239 240 238 233 233 235 235 235 232 233 240 241 239 236 231 230 233 237 240 235 233 236 235 235 238 240 235 233 236 235 233 232 234 237 237 237 231 230 236 237 236 236 235 235 234 233 234 232 230 231 234 233 232 232 233 233 233 234 234 234 235 235 235 235 236 238 241 244 240 231 233 237 237 237 236 235 236 238 237 236 235 236 235 235 236 238 238 238 237 236 234 236 237 238 238 237 236 233 233 236 237 235 235 234 234 235 235 236 237 233 232 234 233 231 230 230 232 232 229 229 228 226 226 227 230 231 230 229 230 229 230 230 229 228 230 232 233 231 229 226 222 215 209 209 209 209 209
245 221 225 228 228 227 228 229 231 231 229 228 227 228 228 228 229 231 232 231 231 232 234 236 237 238 236 236 236 236 235 234 234 235 236 234 232 231 234 233 232 234 235 235 235 238 240 238 236 234 234 235 237 239 240 239 238 239 239 237 237 238 239 237 234 234 235 235 238 238 238 235 232 232 233 235 236 238 238 236 237 239 241 237 234 235 236 237 237 236 234 234 234 237 236 235 238 238 238 235 235 235 235 233 234 237 238 238 238 237 239 238 232 231 232 233 232 230 230 234 238 236 234 229 227 233 240 243 236 233 237 236 237 240 242 236 234 235 233 232 233 234 235 235 236 237 237 236 237 236 236 237 235 233 233 233 231 226 230 234 235 234 235 235 233 232 232 233 233 234 235 235 234 235 237 239 241 237 230 231 236 237 235 234 233 234 237 237 237 237 237 236 235 236 238 238 238 237 236 235 236 238 238 239 241 239 236 237 237 237 234 235 233 232 235 235 235 234 231 231 233 231 230 231 233 233 232 230 231 230 226 225 227 229 232 231 230 229 228 228 229 228 227 229 229 230 229 229 227 224 218 213 210 205 206 210
245 222 226 229 228 226 227 229 229 229 227 226 225 225 227 229 231 231 231 231 231 232 234 235 236 237 235 236 237 237 236 233 234 237 238 236 233 233 235 235 234 236 237 235 235 237 239 238 236 235 237 237 239 239 239 239 238 238 238 237 237 237 238 237 236 236 237 235 236 238 237 233 231 233 233 234 233 236 240 238 237 237 241 239 236 236 236 236 238 236 234 235 234 234 233 234 236 237 237 235 237 237 237 237 236 237 238 238 236 234 237 238 234 229 228 231 232 231 231 233 235 236 233 229 230 234 241 242 237 232 232 234 239 239 237 234 235 235 234 233 235 235 234 232 231 234 235 235 236 236 237 236 234 234 234 233 232 228 230 233 236 236 236 233 230 229 229 232 233 234 234 235 233 234 235 235 237 235 230 229 234 236 235 234 232 233 236 236 237 237 237 237 236 238 238 238 238 238 235 233 235 236 236 237 240 241 241 240 239 240 236 235 232 231 233 235 233 231 228 231 234 233 231 233 235 233 232 232 233 233 230 227 227 226 228 228 230 230 230 229 227 227 227 229 228 227 228 229 229 227 223 217 211 203 205 211
245 223 226 228 226 224 225 228 228 228 227 228 226 224 225 228 230 230 232 232 229 231 233 234 234 234 234 236 237 235 235 233 234 236 236 235 235 235 237 238 237 236 236 236 234 236 238 237 237 237 238 238 238 239 240 238 237 239 239 237 238 238 239 237 236 236 236 236 235 236 235 232 231 235 235 236 233 234 239 239 237 234 236 237 235 234 234 235 237 236 235 237 239 236 234 237 238 238 237 236 238 240 240 240 239 239 240 238 234 233 235 237 235 229 228 229 233 234 235 235 237 236 233 232 235 239 240 239 239 232 230 231 234 231 230 231 234 235 236 235 237 236 235 233 232 233 235 234 235 234 235 235 234 235 235 236 236 232 231 232 234 234 233 231 227 226 226 230 232 235 235 233 232 233 233 233 235 235 231 230 233 236 235 234 234 235 236 237 237 236 235 234 234 236 238 238 239 236 230 229 235 237 235 234 239 244 243 239 238 239 238 235 232 233 235 234 232 230 229 234 235 235 233 234 234 231 230 231 234 236 233 227 225 224 225 225 228 230 229 227 226 226 227 230 229 225 229 234 231 229 225 220 213 206 207 212
245 223 227 227 224 223 225 229 227 227 226 228 229 226 225 228 229 230 232 231 227 229 231 232 233 232 233 236 236 234 235 236 235 233 232 233 235 233 234 236 237 237 236 237 237 238 238 236 236 238 237 237 237 239 241 239 238 239 239 238 238 239 240 238 236 235 235 236 234 233 233 234 235 236 236 235 232 232 239 241 238 233 234 234 230 230 234 236 237 236 237 240 241 238 238 240 239 237 237 238 240 239 240 240 239 239 240 237 233 234 237 237 235 233 231 231 232 233 235 237 239 238 236 236 237 240 239 236 238 234 232 231 228 226 226 232 234 235 236 235 236 237 235 236 236 234 235 234 235 234 234 233 234 237 238 237 237 234 232 231 230 228 230 232 229 226 226 230 232 235 236 233 232 232 232 232 235 235 233 231 233 235 236 235 235 235 236 238 238 237 232 225 226 229 233 235 236 232 227 229 236 237 236 235 242 244 242 239 238 238 240 238 235 237 237 236 234 232 234 234 231 233 236 234 233 230 229 230 234 238 236 229 223 222 226 225 226 228 228 228 228 227 226 229 226 225 230 231 228 226 227 226 219 212 209 209
245 224 228 227 223 222 225 229 227 226 226 228 230 228 226 229 229 231 233 231 229 228 228 230 232 233 235 236 235 233 236 238 236 233 231 232 235 233 234 237 237 237 237 238 238 238 237 235 236 238 237 236 237 239 241 239 238 238 239 239 239 239 240 239 237 235 235 236 233 231 233 235 235 235 235 234 232 232 238 241 239 234 234 234 229 228 233 235 236 237 238 239 239 239 240 241 239 236 236 239 239 238 238 238 239 239 239 237 234 235 237 237 235 236 233 231 231 232 236 238 241 240 240 239 237 237 237 236 234 234 233 230 228 226 227 232 234 234 235 235 234 236 236 238 239 236 236 235 234 235 234 232 235 239 238 236 236 234 232 230 226 225 227 231 229 227 228 231 232 233 234 233 232 232 233 234 233 234 235 232 232 234 235 236 236 235 236 238 238 237 232 228 228 228 232 235 235 233 233 235 237 236 236 238 242 241 241 240 239 237 237 238 239 240 237 235 236 234 234 233 229 232 237 234 232 230 229 229 233 237 237 229 222 223 227 225 225 227 228 229 228 227 227 227 226 226 228 225 224 226 227 227 223 216 209 206
245 223 227 227 222 220 224 230 229 226 226 229 231 230 229 229 229 229 232 235 233 230 229 230 231 233 235 236 235 234 236 237 236 233 231 232 235 235 234 236 237 237 237 239 239 238 238 236 237 238 237 234 235 238 240 239 238 238 239 239 239 239 238 238 236 234 235 237 233 232 236 236 234 231 231 232 232 233 238 240 237 235 236 236 235 234 233 232 236 238 238 235 235 238 240 241 240 238 237 239 237 236 237 237 238 239 239 237 236 238 237 235 233 235 234 231 231 232 234 237 241 243 242 239 238 236 232 232 230 231 232 229 227 227 229 232 231 233 233 234 234 235 236 239 237 235 236 236 235 236 235 233 234 238 238 236 235 234 233 230 228 227 227 230 231 231 232 234 232 230 230 231 232 233 233 232 232 234 235 233 230 230 232 234 236 236 236 238 237 236 235 236 236 234 232 233 233 235 237 236 236 235 235 236 238 237 241 241 240 237 236 236 238 237 234 234 237 235 234 233 232 233 237 235 233 232 230 229 232 236 234 229 225 224 227 228 228 227 228 227 228 229 227 226 225 225 225 224 225 225 226 224 222 217 211 208
245 221 224 225 222 222 225 229 228 228 228 230 232 231 230 230 229 228 232 235 233 232 233 232 232 233 233 234 236 236 238 237 235 233 232 234 236 237 234 235 236 237 238 239 238 237 240 239 239 237 237 235 236 240 241 240 237 237 238 239 239 240 239 237 233 231 233 235 234 234 238 238 235 232 231 232 233 234 236 235 234 233 235 235 239 240 236 233 236 239 238 236 234 237 241 243 242 241 239 238 238 238 235 234 236 237 236 235 237 240 238 233 231 234 235 232 232 231 232 233 236 243 244 238 237 238 233 229 231 232 233 230 227 226 228 231 230 228 231 234 236 235 235 237 236 234 238 237 236 237 236 235 236 237 236 234 234 236 235 233 234 232 231 233 232 231 234 233 231 229 227 230 234 233 232 231 232 233 232 232 232 230 230 233 235 236 236 238 237 235 236 240 238 236 234 232 232 234 236 234 234 234 235 235 236 237 240 242 241 239 237 233 235 235 235 233 235 236 234 234 233 234 236 233 233 233 232 231 231 233 232 229 226 226 228 230 230 227 227 225 225 230 229 224 224 227 226 225 225 223 224 223 220 217 214 211
245 221 224 225 224 225 226 229 230 229 227 228 229 229 230 230 230 227 231 234 230 230 233 233 233 233 233 236 238 238 237 237 235 233 232 234 237 235 234 234 234 236 239 239 239 238 241 241 239 237 236 235 236 239 241 240 237 237 237 239 240 240 240 237 232 229 231 234 234 234 236 237 234 233 230 231 234 234 231 230 232 232 234 235 237 238 238 236 235 235 235 236 236 239 240 242 242 242 239 238 239 239 235 233 234 234 233 233 236 239 237 234 232 235 235 232 233 232 234 235 234 239 242 237 233 238 236 229 231 232 231 231 228 227 229 232 231 229 231 235 236 235 235 235 236 235 236 236 237 237 236 236 238 238 237 235 236 236 236 235 235 234 234 233 229 228 232 233 231 229 228 231 234 234 232 231 233 232 232 232 235 234 232 233 235 236 236 236 235 235 236 238 236 237 235 234 232 232 234 234 232 233 236 236 237 236 238 238 239 238 238 235 236 237 236 233 235 236 236 234 232 234 236 233 233 232 231 232 233 234 234 229 226 227 229 228 228 227 225 225 226 229 228 224 225 228 229 226 224 221 221 222 218 216 215 211
245 223 224 225 224 224 224 227 231 229 226 227 228 228 230 234 242 234 233 233 230 229 232 232 233 234 234 236 237 236 236 236 235 235 234 235 237 235 232 232 233 235 238 238 238 239 240 239 239 237 236 235 236 239 241 240 238 237 237 239 240 240 240 238 234 230 231 234 234 234 235 236 235 233 231 232 235 234 229 229 232 234 236 235 235 236 237 238 236 232 229 234 238 238 238 241 242 241 238 237 238 238 235 234 234 234 234 235 235 237 235 233 234 236 235 234 232 232 237 240 237 237 240 239 238 241 237 230 231 232 231 233 231 230 230 232 233 232 231 234 234 234 234 235 237 236 235 235 237 236 235 235 236 238 238 236 237 236 236 235 235 235 235 234 230 230 232 234 233 230 230 232 233 233 231 231 232 231 230 233 236 233 232 232 235 237 237 237 235 236 236 235 233 235 236 233 232 235 238 236 232 233 236 235 235 235 236 237 237 234 237 238 239 237 236 233 236 237 236 232 232 232 235 233 234 232 233 234 235 235 234 230 227 229 228 226 228 230 227 225 226 228 226 225 226 229 227 223 221 220 218 217 216 215 213 210
245 224 224 224 224 224 224 225 228 228 225 226 229 228 228 236 248 239 235 233 231 231 233 232 233 234 236 236 235 235 235 235 236 237 233 233 236 235 230 230 232 234 234 235 237 238 237 235 237 237 236 235 237 239 241 240 239 238 238 239 239 239 238 237 235 233 233 235 235 234 233 234 236 234 233 232 234 235 233 233 236 238 238 236 234 234 237 240 241 234 231 235 237 236 236 239 241 240 238 237 238 238 237 237 237 235 234 234 233 235 235 234 235 236 236 233 229 232 236 241 242 240 240 242 244 243 238 232 231 233 234 235 235 234 233 233 235 236 234 235 234 234 234 236 238 238 236 235 236 236 235 234 236 239 240 238 239 236 236 237 237 237 236 236 234 234 234 236 236 234 232 231 231 229 230 230 231 229 228 231 232 229 229 231 235 237 237 237 235 236 235 234 231 232 236 232 232 236 242 239 233 231 234 233 233 233 233 236 239 234 236 240 238 233 234 234 238 239 236 232 229 228 232 235 235 234 235 236 236 234 232 230 229 231 230 226 229 233 231 226 228 229 227 227 228 226 223 222 222 220 214 210 211 212 210 209
246 225 225 225 225 226 227 227 227 227 227 228 230 230 229 232 239 233 233 234 233 233 233 233 234 234 235 236 236 236 235 234 236 235 231 231 236 236 231 232 233 232 233 235 237 237 236 235 236 237 236 235 238 240 241 240 240 240 239 237 237 237 235 236 237 237 236 237 236 234 232 233 235 234 232 230 232 235 237 239 239 239 238 237 235 235 237 242 243 237 234 237 237 235 235 239 240 239 239 238 239 238 238 240 239 235 233 233 235 235 234 234 235 237 237 234 229 231 234 237 242 241 242 246 248 244 236 232 230 233 235 234 234 234 234 233 235 235 235 237 236 235 235 235 236 238 238 237 237 236 235 235 237 238 239 239 238 235 235 237 237 235 235 235 234 234 235 235 235 235 234 232 231 229 228 228 231 230 229 229 228 226 228 232 234 236 236 235 234 234 235 236 234 233 234 233 231 233 238 238 232 230 232 233 234 234 235 238 242 239 238 238 233 230 231 235 239 238 236 233 228 226 229 233 233 232 233 236 236 234 232 231 230 230 230 228 231 235 230 222 226 229 229 227 226 225 221 223 222 217 212 209 209 208 208 210
246 225 226 226 227 228 229 229 227 226 228 230 230 230 230 228 229 228 230 233 234 234 233 235 235 234 233 234 235 236 235 234 235 236 232 230 234 233 231 233 231 231 233 235 236 237 236 235 236 237 237 238 238 240 241 240 240 239 237 235 235 236 234 234 235 237 238 237 237 237 235 236 237 236 233 231 232 234 237 239 239 238 238 238 239 238 237 241 242 238 237 238 239 237 235 239 239 237 237 238 240 239 239 238 237 235 234 235 234 235 235 236 236 237 238 236 233 237 239 239 238 239 243 248 247 241 236 233 232 234 235 235 236 234 233 234 235 235 234 236 236 235 235 233 232 234 236 237 237 235 234 232 234 236 237 238 237 236 236 237 237 236 236 236 235 234 234 233 233 235 237 236 234 232 228 227 230 229 228 229 231 229 229 231 233 235 234 234 234 234 237 240 236 233 234 233 231 227 229 235 235 232 232 232 234 237 239 240 243 241 237 237 233 231 232 235 237 236 237 237 232 230 232 233 232 232 234 234 234 235 233 231 231 232 232 231 234 234 225 217 224 229 229 228 227 227 221 221 222 218 214 211 207 206 208 212
245 223 226 227 227 229 230 231 231 230 230 233 232 231 231 229 229 230 229 233 234 233 234 236 235 234 233 233 235 236 236 235 236 238 235 230 231 232 233 233 232 232 234 235 236 236 235 235 235 237 238 241 240 240 241 240 239 238 237 235 234 236 235 234 235 236 236 235 237 238 238 239 239 238 234 232 233 234 236 237 238 238 238 239 240 240 238 240 240 239 240 241 240 237 236 239 238 237 237 239 241 241 240 238 237 236 235 233 234 235 238 239 236 236 236 236 235 240 243 241 239 239 243 244 242 236 235 235 234 234 235 236 236 234 234 234 235 235 234 235 236 236 235 233 232 234 236 237 235 234 233 229 230 234 237 237 236 237 237 238 238 237 238 237 236 235 234 233 233 236 238 236 235 234 233 231 230 229 228 229 232 232 230 230 233 232 232 233 234 233 237 239 237 234 234 234 232 227 227 236 240 236 235 234 233 237 240 239 241 241 236 237 235 233 233 236 236 235 236 237 236 235 234 233 232 233 236 234 232 233 233 232 232 233 233 232 232 232 226 222 229 228 229 229 230 228 223 220 224 223 217 214 210 208 210 214
245 223 226 227 227 229 230 231 232 232 231 234 233 232 233 232 231 230 229 232 235 233 235 236 234 233 234 235 236 236 236 236 236 238 236 231 230 232 236 236 236 236 238 237 237 236 238 236 236 237 240 241 241 240 240 239 238 237 234 233 234 236 236 236 237 236 234 234 235 238 241 242 239 236 235 234 235 235 236 236 235 237 238 238 240 242 240 238 237 237 239 241 240 237 237 237 237 237 237 238 240 240 240 240 237 235 236 233 234 235 237 239 237 236 235 234 234 238 239 239 241 243 242 240 236 234 235 238 236 235 236 236 234 235 236 237 237 237 235 234 236 236 236 235 234 234 236 236 235 234 233 229 229 234 237 236 235 236 237 238 237 238 238 238 237 236 235 233 231 232 236 238 236 235 235 235 234 231 230 230 231 232 232 232 233 229 228 231 234 233 235 236 235 235 235 236 234 233 231 236 240 239 240 239 236 237 238 235 239 241 236 235 236 234 234 237 236 237 236 235 235 236 235 233 232 233 236 235 232 232 233 233 233 232 232 229 231 231 230 229 231 227 227 229 231 225 222 221 226 224 218 216 214 212 212 214
245 224 227 227 226 229 231 232 232 231 230 233 234 234 235 233 233 231 229 231 233 233 234 237 236 234 236 239 237 235 234 235 235 236 236 233 229 232 235 235 235 237 238 237 237 237 240 238 238 239 239 239 239 238 238 237 236 235 232 231 234 237 238 237 236 237 237 236 236 240 242 241 238 235 235 236 237 237 238 236 236 236 237 239 240 241 242 239 235 236 240 241 239 235 235 238 238 237 237 237 237 238 238 239 238 237 237 235 236 236 235 236 237 236 236 235 235 235 235 236 239 242 239 237 236 235 236 238 238 236 235 235 234 233 234 238 236 236 236 235 236 235 236 237 236 236 236 236 235 236 235 231 231 233 236 235 234 236 236 237 237 239 238 237 237 238 238 235 229 225 232 237 234 234 236 236 236 233 232 232 232 233 233 232 231 229 227 230 234 234 234 234 234 234 235 235 235 236 234 234 236 238 239 239 238 236 236 234 238 242 236 233 235 235 233 235 236 236 236 236 235 235 234 234 234 236 237 235 234 233 232 235 235 234 231 228 230 232 230 230 229 227 225 227 230 227 222 221 226 224 218 218 217 214 214 216
246 225 227 226 225 229 231 232 232 231 230 231 234 234 235 233 233 232 230 231 232 233 235 236 235 234 236 237 236 233 230 231 235 235 236 235 231 233 235 235 234 235 236 237 237 238 241 240 239 238 238 237 236 236 238 236 234 235 232 233 236 238 237 236 235 237 240 241 240 241 241 239 236 235 235 238 239 239 238 238 237 236 237 240 240 238 241 242 237 237 240 240 237 233 235 238 238 237 237 237 235 235 236 238 238 238 238 237 238 236 232 232 235 236 237 240 240 236 234 237 236 236 235 236 238 237 236 237 238 236 235 235 234 232 232 236 235 235 236 236 237 235 236 237 237 238 237 235 237 237 235 232 232 233 235 235 234 236 235 235 236 238 238 237 237 238 238 236 232 228 233 235 232 232 235 236 235 233 233 233 234 235 233 232 231 231 230 231 235 235 235 234 234 235 236 235 235 235 235 235 235 236 235 235 234 233 235 237 238 239 235 234 236 234 232 234 236 235 236 235 234 235 234 235 235 235 233 232 232 235 236 236 235 235 233 230 232 232 230 229 228 227 224 226 231 231 226 224 226 224 219 219 219 215 215 217
247 226 227 225 225 229 231 231 229 229 228 230 234 234 233 232 233 235 234 232 231 232 235 235 234 235 234 235 236 233 229 230 235 235 237 236 234 233 236 235 234 235 236 235 235 237 243 242 239 237 236 234 234 235 241 240 237 237 237 238 238 238 236 235 234 236 240 242 242 241 239 237 236 235 236 240 239 240 238 237 236 235 237 241 241 238 241 242 238 240 240 240 237 232 234 237 238 237 236 235 234 234 234 237 237 239 239 238 236 235 232 232 236 236 239 241 240 237 237 239 237 233 233 235 238 237 236 236 238 237 237 236 236 233 232 236 235 236 237 237 236 236 237 236 237 238 236 234 235 236 235 232 232 232 233 235 235 235 234 233 234 236 237 237 237 238 238 237 236 237 237 236 232 231 233 234 235 233 233 234 234 233 232 232 232 234 234 233 233 234 236 235 235 235 236 235 233 234 236 235 234 234 233 232 231 233 236 236 236 236 236 235 236 234 234 236 236 236 235 233 235 233 233 235 235 234 232 228 231 238 239 236 233 233 234 232 233 233 231 229 228 227 224 225 228 231 227 225 225 224 221 221 221 216 215 217
247 227 228 226 225 228 232 232 229 230 229 232 238 235 230 231 233 235 236 234 231 232 235 235 234 235 234 233 234 232 233 233 236 236 237 237 234 229 233 235 235 236 236 235 235 237 244 245 239 236 233 231 232 235 241 242 240 238 238 240 240 237 238 236 235 237 238 239 241 241 238 236 234 235 237 240 240 239 238 237 236 235 237 239 240 240 242 242 238 239 239 241 238 232 233 236 236 234 234 235 234 233 236 239 239 239 238 238 234 235 235 236 238 238 238 239 239 238 239 240 235 231 232 234 237 237 237 237 237 236 237 238 239 236 234 237 236 236 237 237 237 237 236 236 237 237 236 234 234 235 234 233 232 231 232 234 237 237 234 232 232 234 236 237 238 239 238 235 235 237 239 237 234 233 234 236 235 233 234 234 232 231 230 231 234 235 235 234 231 232 235 235 235 235 235 233 233 235 237 236 234 233 232 232 232 233 235 235 234 234 236 236 236 234 234 237 237 237 234 233 235 233 233 234 233 233 231 229 233 240 242 236 230 230 233 232 231 230 230 230 231 230 225 224 226 228 228 225 224 224 222 223 221 218 218 216
247 225 227 228 226 227 233 233 230 230 230 236 243 239 231 230 234 234 235 234 233 233 235 237 236 237 237 234 235 234 235 236 236 236 236 235 230 224 232 237 236 236 236 237 236 236 242 243 238 234 234 232 234 236 239 239 237 235 235 238 240 236 237 236 235 237 236 236 239 240 238 236 235 237 239 240 241 240 240 239 238 236 235 235 238 240 240 241 239 239 239 239 236 233 233 234 233 232 235 236 234 232 235 238 240 239 237 236 235 236 236 237 237 237 238 238 241 240 238 240 236 232 233 235 236 238 237 238 236 235 237 238 238 236 236 236 235 236 236 236 238 238 236 237 239 238 237 235 234 235 235 233 234 233 233 235 236 235 234 232 231 232 234 236 238 237 236 233 232 235 238 237 236 234 235 235 234 234 235 234 232 231 231 231 232 234 235 233 233 233 234 235 235 234 234 232 233 235 236 236 236 235 234 234 235 234 234 235 236 235 235 236 234 233 233 235 236 237 235 233 234 235 234 233 233 234 232 231 232 238 239 234 230 229 232 232 229 228 229 229 230 232 229 226 227 229 227 225 225 225 224 223 221 220 219 217
246 224 226 228 226 227 233 233 231 231 231 235 240 237 233 233 235 234 233 234 233 233 232 235 235 237 238 237 237 237 235 234 233 237 238 235 230 227 232 236 236 235 235 235 236 237 240 240 235 233 235 237 239 240 238 235 235 234 234 235 235 233 234 235 235 237 233 232 236 239 239 238 238 239 240 240 240 240 240 239 238 236 233 234 239 240 239 241 240 240 238 236 233 233 233 234 233 232 235 235 233 231 233 236 237 237 237 238 238 238 238 236 237 240 240 238 238 240 241 242 238 235 235 235 236 237 237 237 237 237 237 236 236 235 235 236 236 237 236 235 236 237 235 237 239 237 237 236 236 236 235 232 234 235 236 236 234 233 234 235 232 232 233 235 237 236 235 233 232 235 238 238 238 236 234 233 233 234 234 233 232 231 231 231 231 233 235 234 233 233 234 233 233 234 234 233 232 234 235 236 234 234 233 234 234 234 234 235 236 235 235 236 236 234 234 235 236 237 234 231 233 237 236 232 233 234 233 232 232 233 234 233 232 230 231 232 230 227 227 228 228 229 230 229 229 229 225 223 224 225 222 222 222 221 219 214
246 224 225 228 227 228 232 232 231 233 232 231 232 231 234 235 235 234 233 234 233 233 231 232 234 236 237 236 237 239 237 233 233 237 239 237 235 234 233 235 235 236 235 236 239 240 240 239 235 233 236 240 239 239 238 235 235 235 234 233 231 230 234 236 236 237 233 232 236 239 239 238 239 239 239 239 239 239 238 238 237 235 234 237 241 241 238 239 240 240 237 234 232 232 232 233 233 234 235 235 234 232 233 236 237 239 239 240 239 239 239 236 236 243 242 238 238 241 244 244 239 236 236 236 236 237 236 236 237 239 238 234 235 235 235 236 237 237 236 234 233 233 235 237 238 237 237 237 237 236 235 232 234 236 237 236 234 233 235 236 235 234 235 236 237 236 235 234 234 235 238 239 238 236 234 232 232 234 234 233 232 231 231 231 232 233 234 234 233 233 233 233 233 233 234 233 232 233 234 235 235 236 235 236 236 235 235 236 237 236 237 237 236 234 234 236 237 238 235 233 234 238 237 234 234 236 236 234 232 232 234 233 232 231 231 233 230 227 227 227 227 226 227 228 228 227 223 222 223 224 222 220 221 222 218 215
246 224 225 228 227 228 231 231 231 234 234 231 230 229 232 233 233 233 233 234 233 233 231 232 233 234 235 234 235 236 236 235 235 239 240 239 237 238 236 235 235 235 235 236 239 239 240 239 235 233 235 237 238 236 237 237 236 238 237 234 232 232 236 239 238 238 235 234 236 239 239 238 238 239 238 238 238 237 235 236 235 235 237 240 242 241 238 236 239 240 238 235 234 232 232 234 235 237 236 236 239 234 233 236 237 242 242 239 237 235 237 236 235 240 241 238 239 242 243 243 239 235 235 235 236 237 236 235 236 238 237 235 234 234 236 238 237 237 236 233 230 230 235 237 236 238 238 238 239 236 235 234 234 236 236 236 235 236 236 237 238 237 238 239 238 237 236 236 236 237 237 237 235 235 235 235 234 234 234 233 232 233 232 232 233 233 235 235 234 234 233 233 232 233 234 234 233 232 233 234 236 238 237 236 236 236 236 237 237 234 236 237 236 234 234 236 237 237 235 233 234 237 236 234 235 239 239 237 233 232 235 234 233 233 234 233 230 228 228 229 229 227 227 228 227 225 223 221 223 224 221 220 221 222 219 217
247 225 227 229 227 227 229 231 232 234 233 232 231 230 230 231 231 231 234 234 233 232 233 235 234 234 236 235 236 235 235 236 237 239 239 239 239 238 238 237 237 236 236 238 238 237 240 239 236 233 234 236 237 236 238 239 238 237 236 236 235 234 235 236 237 239 238 236 237 237 237 236 237 238 237 236 237 238 237 237 236 233 236 239 241 240 237 236 238 239 241 238 237 234 232 236 236 236 235 235 239 236 233 235 238 241 240 238 236 235 236 234 233 235 237 237 238 240 239 238 236 235 235 234 234 236 235 235 237 237 236 236 235 236 238 239 238 237 237 234 232 232 235 237 237 239 238 239 240 237 235 233 235 234 234 235 236 236 237 239 238 239 240 239 236 236 236 236 236 237 237 235 232 231 236 237 236 236 234 232 234 237 236 235 234 232 234 234 235 235 232 232 232 233 233 234 234 233 232 232 235 237 236 236 235 235 234 238 239 235 235 237 237 235 235 236 237 235 234 234 235 236 235 235 235 238 241 238 235 234 237 238 234 235 238 234 231 230 230 232 231 229 228 227 226 225 224 222 222 222 222 223 222 221 220 216
247 228 230 229 226 227 229 231 232 234 233 232 231 231 230 231 230 230 233 235 234 234 233 236 236 235 236 237 237 236 237 237 237 237 236 237 239 238 239 238 237 237 237 238 237 237 240 242 238 234 234 236 237 237 237 238 236 234 233 235 236 236 234 235 237 240 240 238 236 236 236 235 235 234 234 235 236 237 235 237 236 233 233 237 239 238 237 236 236 239 242 240 238 235 231 234 235 236 235 234 237 237 234 233 235 241 242 241 238 236 236 233 232 233 232 234 237 237 235 237 238 236 235 235 235 236 235 235 237 237 236 235 234 237 238 238 237 236 237 238 235 233 235 238 239 239 238 239 240 237 235 234 235 235 235 235 236 236 237 239 238 238 239 238 237 236 236 236 234 235 236 236 233 232 237 238 237 235 233 230 230 236 238 235 233 233 232 232 235 237 235 234 234 233 233 234 234 233 232 231 233 236 236 236 236 235 235 238 239 237 236 237 235 234 235 236 237 235 234 234 235 236 235 235 235 235 236 234 234 236 236 236 232 232 236 233 230 231 230 230 229 229 228 227 226 226 227 225 224 223 225 227 224 221 219 217
247 229 231 230 226 228 230 231 231 233 234 233 233 233 233 232 230 230 233 235 236 235 236 237 235 235 237 237 237 238 238 238 238 236 235 237 239 239 238 237 237 237 239 238 238 237 240 240 238 235 235 235 236 236 235 236 234 233 233 235 237 236 235 235 236 239 240 238 235 235 235 235 235 234 234 236 238 236 233 235 236 233 233 237 239 239 239 233 230 237 240 239 240 237 233 237 237 236 235 237 238 238 235 233 234 238 240 239 237 238 239 236 236 234 232 235 238 237 235 237 239 236 235 235 236 236 235 236 237 237 236 234 234 237 238 238 238 237 237 238 236 233 235 237 239 239 238 238 238 237 236 237 238 237 236 236 236 236 237 238 238 238 238 236 236 235 235 236 235 236 236 236 234 233 237 238 235 232 231 230 228 235 239 236 235 234 232 232 235 237 238 237 236 233 233 233 235 234 232 231 233 235 235 235 235 236 236 238 239 237 237 236 235 234 235 236 237 235 234 235 235 236 235 236 235 234 233 232 232 234 235 232 230 231 233 232 230 231 230 230 229 229 228 227 226 226 228 228 227 224 226 226 224 220 217 217
247 229 231 231 228 230 232 231 231 233 234 234 233 234 234 234 232 231 233 236 237 236 236 236 232 233 237 237 235 235 237 239 239 238 236 237 239 238 237 237 236 238 237 239 239 238 237 236 237 236 236 234 236 235 234 235 234 235 236 236 236 236 237 238 237 238 238 236 235 234 235 237 236 236 236 238 240 237 234 235 236 236 236 238 241 241 242 235 230 236 238 236 238 236 235 238 238 235 235 237 238 236 235 236 237 239 241 241 241 241 242 239 237 234 233 236 238 235 234 236 238 235 235 236 239 238 237 237 236 236 235 233 234 235 238 236 236 237 237 238 236 234 235 237 240 239 236 237 235 236 236 238 239 237 236 237 236 236 237 238 238 238 236 235 235 235 235 237 238 238 236 234 233 234 237 237 234 231 231 233 233 237 239 237 234 235 234 233 234 235 237 238 237 234 233 233 235 235 233 232 235 236 234 233 234 234 237 239 238 237 237 236 234 233 235 237 237 236 236 237 236 236 236 237 237 235 232 231 233 235 234 231 232 235 235 232 231 232 231 231 231 229 229 227 225 225 228 229 229 227 225 224 222 220 218 219
247 227 229 229 228 230 232 232 231 231 232 230 230 232 232 233 231 231 233 236 236 234 233 234 233 234 236 236 233 232 235 237 238 238 237 238 239 236 235 235 235 237 237 237 238 238 237 237 238 239 239 236 236 236 235 236 236 238 238 236 235 235 238 240 239 236 236 236 236 236 237 240 239 237 237 239 240 239 237 236 237 238 238 239 240 241 243 237 234 237 239 237 234 234 236 237 235 235 234 232 233 234 234 236 236 241 243 245 245 240 239 238 236 235 235 237 239 237 237 240 239 236 235 236 239 238 236 235 235 236 235 234 233 235 236 236 234 235 238 239 237 234 233 235 239 238 236 235 235 236 237 238 237 234 234 236 238 237 238 239 237 236 236 235 235 237 237 239 238 236 234 234 232 233 236 235 236 235 234 237 238 239 237 235 235 236 236 234 232 233 235 236 235 233 232 232 233 235 234 233 236 234 232 233 235 235 236 239 239 237 235 234 235 233 232 233 235 235 236 237 235 234 235 236 236 234 233 233 234 234 235 233 236 240 238 232 230 232 232 231 230 227 228 227 226 226 229 228 227 228 226 224 223 224 223 221
245 223 227 230 228 229 233 233 233 232 230 230 229 230 232 231 231 234 234 234 235 234 234 236 236 237 238 235 235 234 236 235 236 238 239 237 238 238 235 235 236 237 237 237 238 239 238 238 237 238 239 238 237 235 234 236 237 237 237 235 234 234 238 240 238 235 234 236 238 238 238 239 239 239 240 240 240 241 238 237 238 239 239 238 240 241 240 238 233 234 238 238 236 234 238 237 232 234 234 227 231 237 234 233 235 239 241 242 242 239 236 233 234 234 237 239 238 237 236 238 238 234 234 236 239 237 235 235 234 235 236 234 232 234 235 236 235 237 239 238 236 234 232 233 235 237 234 234 235 236 237 237 237 236 235 236 236 236 236 237 237 235 232 232 234 235 236 237 238 236 234 233 234 234 235 235 236 236 236 237 237 238 237 235 236 236 236 235 233 232 234 235 235 234 230 229 232 234 234 234 235 233 232 233 236 236 235 235 235 236 236 236 236 236 234 232 232 234 235 237 235 234 235 234 235 236 234 233 233 233 234 236 237 238 237 233 232 233 232 233 231 228 229 228 226 227 230 229 229 230 228 225 225 228 226 223
245 223 227 230 228 228 233 234 234 234 231 231 231 231 232 230 232 234 235 236 235 233 234 236 238 239 238 235 235 235 237 236 232 233 237 238 238 239 236 234 235 237 238 238 239 239 238 237 237 237 237 238 237 235 234 237 237 237 237 235 235 235 237 239 237 235 234 237 239 238 237 235 236 238 240 240 240 241 239 238 239 239 239 238 240 240 239 237 235 237 238 239 239 239 242 240 233 235 231 222 223 233 234 233 235 241 241 241 241 239 237 232 229 231 233 236 235 234 235 237 236 234 236 236 238 237 235 235 234 235 238 235 232 234 234 236 237 238 239 238 237 235 232 233 235 237 235 235 236 237 236 236 238 237 236 236 236 236 236 236 236 234 232 233 235 235 236 237 238 236 235 235 235 235 235 237 237 236 236 237 237 238 236 234 234 236 236 236 233 232 234 235 234 232 229 228 231 233 234 234 235 235 234 235 237 236 235 233 234 236 238 238 238 237 236 233 232 234 235 236 236 235 234 233 234 235 234 233 232 233 234 237 237 236 237 237 234 233 234 235 231 228 228 230 229 228 231 231 231 231 229 226 225 227 226 223
245 224 229 230 228 228 231 233 236 235 233 233 234 231 232 230 232 234 235 236 235 236 235 235 236 236 236 233 234 236 238 236 231 230 234 238 238 239 236 234 235 237 239 238 237 237 237 237 237 234 234 238 238 237 236 238 238 236 236 236 237 237 238 236 237 236 235 237 239 238 234 232 233 235 239 241 240 241 239 239 239 239 238 238 238 238 237 238 237 240 240 239 240 242 243 240 235 236 229 217 218 229 233 233 236 242 241 241 241 239 237 232 230 232 232 232 233 233 235 238 235 237 239 238 236 237 236 237 237 237 239 239 235 234 234 237 238 238 238 238 238 235 233 234 234 235 236 236 236 236 235 235 237 235 236 236 236 236 234 234 236 234 232 233 235 235 235 238 237 237 236 238 236 237 237 238 237 236 237 237 239 238 235 233 233 236 236 236 234 233 232 232 231 229 229 228 230 234 234 234 235 235 235 235 235 233 233 233 233 235 237 237 236 235 236 233 233 235 235 236 235 236 234 233 233 234 234 234 232 232 233 235 236 235 237 238 237 236 235 233 231 228 228 231 231 229 230 231 232 230 228 226 226 227 227 225
247 226 229 231 229 229 231 233 236 236 234 235 237 233 233 232 233 233 233 234 234 237 239 238 237 236 233 233 233 234 237 237 234 231 233 236 237 238 236 235 236 238 239 238 236 236 238 239 238 234 234 237 240 239 238 238 237 237 237 238 237 237 237 235 236 237 237 237 239 239 233 230 231 235 240 240 239 239 240 241 240 239 238 237 238 237 237 237 236 239 240 238 238 241 241 238 238 239 230 221 224 231 233 234 236 240 238 238 238 236 234 234 233 235 236 235 234 233 236 239 236 238 240 238 236 235 236 237 237 239 239 239 238 236 236 237 237 236 236 236 236 234 235 233 232 233 234 234 235 234 233 233 235 235 234 234 235 235 234 234 234 233 232 233 234 235 237 237 236 236 238 238 237 237 236 236 236 237 238 238 238 238 236 234 236 237 236 238 236 232 230 230 230 230 230 229 231 233 233 233 233 233 233 233 231 232 233 232 233 234 235 236 236 235 238 233 233 236 238 237 236 237 236 235 235 235 237 237 234 232 231 232 233 235 236 236 237 237 235 231 231 230 229 230 230 227 227 228 229 227 225 225 225 226 227 228
246 224 228 232 230 229 230 229 236 241 237 235 236 234 234 233 233 232 234 235 234 235 237 237 237 238 237 234 233 232 235 236 234 234 235 235 235 236 236 236 237 239 240 238 236 237 241 241 239 236 236 237 240 240 239 238 237 238 238 238 237 236 236 237 237 235 235 237 239 241 236 231 233 237 241 239 238 238 240 241 240 240 239 238 238 238 238 236 236 238 240 239 239 241 240 239 238 239 235 231 232 234 232 234 237 238 238 238 237 235 235 237 236 235 240 240 237 233 236 238 235 238 241 238 236 234 236 237 236 239 239 238 238 237 236 235 236 234 234 234 235 234 235 234 232 233 235 236 237 236 235 232 235 235 234 234 235 235 233 234 234 235 235 234 234 235 238 236 233 235 237 237 237 236 235 234 235 237 238 238 237 238 237 236 236 235 237 238 236 232 228 228 230 231 232 233 232 231 231 231 231 232 230 231 232 233 233 232 233 233 234 237 239 238 239 237 234 234 236 236 237 237 236 235 234 236 241 242 236 233 232 230 233 236 235 235 234 233 235 233 233 231 229 230 230 226 228 228 228 227 225 225 225 227 225 224
246 225 231 233 229 226 228 228 236 245 239 235 236 235 234 234 233 233 234 236 235 234 234 236 236 238 239 237 233 232 235 235 235 235 236 235 235 236 235 236 237 239 240 239 238 238 241 240 239 239 238 239 239 237 235 235 235 237 239 237 236 234 236 238 237 234 232 233 237 239 235 233 234 238 239 237 235 237 239 241 241 241 243 241 239 238 237 237 236 238 239 240 239 240 240 238 235 237 235 235 236 235 234 237 237 238 241 242 238 236 239 242 238 234 237 240 238 236 236 235 234 238 241 239 237 235 235 235 236 237 237 237 236 237 236 233 234 235 234 235 236 236 235 234 232 231 234 236 237 236 235 234 234 237 237 235 235 235 234 234 234 234 234 234 235 236 237 236 233 233 235 236 237 236 235 234 235 235 236 237 237 237 236 236 236 236 237 238 237 231 226 227 229 231 234 234 232 229 230 230 230 231 231 232 232 233 233 232 232 232 236 237 238 237 239 238 234 232 233 235 238 239 236 234 235 236 240 242 237 233 232 230 232 233 232 234 234 232 232 233 234 231 228 230 229 228 229 230 229 229 228 226 225 225 224 222
247 226 232 233 226 225 228 227 233 241 238 236 237 236 235 234 233 232 234 234 235 235 234 235 235 237 239 238 234 232 235 234 236 237 236 235 236 236 235 236 238 240 240 240 239 239 239 240 240 240 239 239 239 235 230 229 232 235 240 240 236 234 237 238 238 234 229 229 233 236 237 237 237 238 238 237 236 237 240 241 241 241 243 243 241 238 238 240 239 239 239 238 238 238 239 237 234 234 234 236 237 237 238 240 238 238 242 242 238 237 241 242 235 230 233 237 238 237 236 234 234 238 238 238 237 235 233 234 236 237 239 237 236 237 237 234 235 236 235 236 237 237 236 234 232 231 234 236 237 237 237 234 232 235 237 236 234 234 234 236 235 234 234 234 235 234 236 236 233 233 234 236 236 237 235 236 235 235 237 237 237 236 236 235 234 236 236 238 237 232 227 230 232 233 235 233 230 227 229 230 230 231 231 233 233 233 234 236 235 235 237 237 236 235 237 238 232 232 233 236 237 238 235 233 236 235 238 239 234 232 231 231 231 231 230 232 232 232 230 231 234 232 230 230 230 229 228 231 232 235 235 231 228 225 221 220
247 227 230 229 225 225 227 229 231 235 235 236 237 236 237 235 232 230 231 234 236 235 235 235 236 238 239 238 236 235 235 235 237 239 237 234 235 238 236 236 237 240 239 240 239 239 239 239 239 237 237 238 239 237 232 230 234 237 241 242 239 236 236 238 240 236 230 228 232 234 237 238 237 236 236 237 237 238 240 241 240 238 239 241 240 239 239 240 239 238 238 239 239 238 238 238 235 234 233 234 236 236 238 238 235 236 238 239 239 239 240 239 236 231 233 236 236 237 238 234 235 239 237 236 236 235 234 235 237 239 239 238 237 238 237 235 236 235 233 234 237 235 232 230 233 235 236 235 234 235 236 234 232 233 236 234 233 233 234 236 237 236 234 234 234 234 234 235 234 232 232 234 234 236 237 236 236 235 235 235 234 235 236 235 235 234 235 237 238 235 231 231 232 233 234 231 227 226 228 230 230 231 232 233 235 236 238 240 238 236 235 235 234 236 239 239 232 231 236 240 238 235 233 233 235 236 236 236 233 233 233 234 232 231 231 232 232 233 231 230 231 231 228 230 232 230 229 231 233 235 236 233 228 224 220 221
247 228 228 226 226 228 231 234 235 235 234 236 237 237 238 236 232 230 232 235 237 235 235 236 238 238 237 237 237 237 237 237 237 240 238 234 235 237 237 236 236 238 238 239 238 237 238 237 236 234 235 238 239 240 237 236 238 242 242 240 238 236 236 237 239 237 234 234 233 233 234 234 235 234 235 237 238 240 240 239 240 239 238 240 239 239 239 240 239 239 238 238 238 237 237 236 237 239 237 233 235 236 236 236 234 236 237 238 240 241 241 240 235 232 235 239 234 233 237 234 235 238 236 232 234 235 235 236 236 238 237 237 236 236 235 235 236 233 230 231 235 234 230 229 233 237 237 235 233 234 235 234 233 234 235 233 232 232 233 234 235 235 236 235 233 233 233 233 233 232 232 233 234 236 237 238 237 236 235 235 234 235 235 236 234 233 235 236 236 235 233 232 232 231 230 230 227 226 228 230 231 231 232 233 233 233 237 240 237 234 233 234 234 236 239 237 233 234 240 243 241 236 233 234 235 236 235 235 233 233 234 234 232 231 232 232 232 232 231 231 233 232 228 230 234 235 235 234 232 234 232 229 227 225 223 224
247 229 229 226 227 231 238 240 239 237 234 236 238 238 239 237 232 231 234 235 237 236 236 236 238 237 235 237 238 238 238 239 239 240 240 237 235 235 236 235 235 236 237 237 237 236 237 236 236 236 237 238 242 240 237 238 239 239 239 240 238 236 236 237 237 236 236 235 233 231 230 232 233 234 235 237 239 241 240 239 241 240 238 240 241 241 241 239 239 240 240 239 238 236 235 235 237 242 244 238 237 238 235 233 233 235 236 237 239 241 242 241 233 232 237 240 234 231 234 233 234 235 235 231 232 236 235 235 234 237 237 237 236 234 233 233 234 233 229 230 233 234 233 233 235 235 237 235 234 234 234 235 234 235 236 234 231 232 233 234 232 234 236 237 236 234 233 232 233 232 233 234 235 236 237 238 238 237 237 237 236 235 235 236 234 233 235 236 235 235 235 233 232 230 228 228 228 227 229 230 231 232 232 232 231 233 237 240 236 232 233 234 233 233 236 237 237 236 240 245 243 238 235 236 237 235 234 234 233 232 234 234 233 232 232 231 231 233 233 232 236 236 235 237 239 240 238 231 231 234 233 229 227 224 224 226
248 230 230 229 227 229 237 241 239 239 236 235 236 238 236 236 234 233 235 234 234 236 236 237 237 238 236 236 238 239 239 240 241 241 241 239 237 238 238 236 235 235 235 236 235 234 237 237 236 236 238 237 239 241 237 236 238 237 237 240 238 236 237 237 237 235 235 233 232 230 229 231 233 234 235 237 239 240 239 239 241 241 240 240 244 244 242 239 240 242 242 240 239 236 233 232 234 240 243 239 236 235 235 232 232 234 235 235 239 242 243 240 233 233 238 239 235 233 233 231 231 234 234 232 233 236 236 236 234 236 238 239 238 236 233 231 232 232 231 232 233 235 235 234 235 234 236 236 234 235 236 235 234 237 236 234 232 233 234 234 230 231 234 236 236 234 233 231 232 233 235 235 236 237 238 238 238 238 239 239 236 234 234 237 236 236 237 238 235 234 235 234 234 230 227 228 227 228 229 231 233 232 231 231 233 236 241 242 238 234 232 232 233 232 236 240 240 236 237 242 243 238 236 236 237 234 232 233 231 232 235 234 234 233 230 230 230 231 234 234 234 234 237 238 238 239 236 229 230 234 234 231 228 225 224 222
247 229 230 231 230 230 234 237 236 238 238 235 235 237 235 236 234 234 235 234 235 235 236 236 236 236 237 238 237 236 236 239 240 240 240 238 237 238 239 239 238 237 238 236 236 236 238 241 239 237 238 240 239 240 238 238 239 238 236 237 238 237 235 236 239 237 237 236 235 232 232 232 233 234 238 238 238 238 239 240 245 244 241 241 243 243 241 238 237 239 241 239 238 239 234 232 232 235 239 239 237 237 237 236 235 236 234 234 237 240 241 239 235 234 235 238 238 236 233 230 231 235 237 235 235 236 235 236 236 237 238 239 237 235 233 231 232 233 233 233 234 234 235 235 236 235 236 236 233 234 235 236 235 236 235 231 230 231 232 233 230 229 233 235 236 234 234 235 235 236 236 234 234 236 237 237 236 237 240 239 236 234 234 235 236 237 238 238 237 237 236 235 235 232 228 229 228 228 228 231 234 233 232 233 235 238 241 241 238 234 232 231 231 231 235 240 241 237 238 239 241 239 236 236 236 236 233 233 231 233 233 235 235 234 228 227 230 231 232 233 231 231 235 235 232 233 232 229 229 234 237 235 230 224 221 219
247 227 229 232 232 229 232 233 232 233 233 233 234 235 235 236 236 236 236 233 234 234 236 235 233 234 237 238 237 235 233 233 238 240 240 237 235 236 238 240 239 239 238 235 235 238 239 241 240 238 239 240 239 240 239 238 237 237 236 237 238 237 235 236 240 238 235 236 237 235 232 232 233 233 238 238 236 237 238 242 250 247 242 240 241 242 239 237 236 236 237 236 237 240 236 233 232 232 236 238 237 238 241 241 239 236 235 235 237 238 237 235 234 237 238 238 237 237 234 232 232 235 237 237 236 237 237 236 234 235 236 237 237 235 233 231 232 234 232 230 232 234 236 237 237 236 237 236 233 234 235 236 236 236 234 231 229 229 231 233 232 232 233 234 235 235 235 237 238 238 237 233 232 234 235 235 236 237 239 239 236 235 235 235 236 237 236 236 236 236 238 236 236 234 231 231 230 228 226 230 233 232 230 231 232 234 235 239 239 236 235 232 231 231 234 236 239 240 239 239 239 238 237 236 237 238 235 233 231 233 233 235 237 235 228 228 231 230 230 231 229 229 233 234 230 228 230 230 230 231 235 237 232 222 219 220
247 227 229 231 231 230 232 235 233 232 231 234 234 234 234 236 237 239 239 235 234 234 235 234 233 235 238 238 239 237 235 232 236 239 240 238 237 237 237 238 239 239 238 236 236 238 239 239 239 239 239 240 240 240 239 238 236 237 236 237 238 238 236 237 240 237 233 233 237 236 232 232 234 233 236 236 234 233 235 239 245 244 242 240 241 241 240 238 236 237 236 234 233 236 235 234 235 236 235 234 234 235 237 238 235 233 233 235 236 237 236 233 233 236 239 236 234 235 234 233 232 234 236 237 236 238 238 236 233 233 234 235 236 234 233 234 233 234 233 231 232 234 236 236 236 236 236 235 232 233 235 234 236 236 234 231 230 231 233 235 234 233 233 233 236 235 235 236 236 237 237 234 232 233 235 236 237 238 239 238 236 235 235 235 236 237 236 235 235 236 238 236 236 235 234 233 231 231 229 231 232 230 229 228 231 232 234 237 241 240 237 234 233 232 233 235 237 239 239 239 238 236 235 235 237 238 236 236 234 234 233 235 238 236 231 230 230 229 229 229 229 230 235 234 229 227 230 232 229 225 230 237 233 221 218 222
247 226 229 231 232 231 232 235 232 231 233 235 235 235 234 235 237 239 238 235 232 232 233 234 235 236 238 239 239 238 237 236 238 239 239 239 239 239 238 237 238 240 240 238 238 238 240 239 239 238 237 238 239 239 239 238 236 237 236 237 239 239 236 237 240 237 233 234 234 235 236 235 234 234 235 236 234 232 235 238 241 242 241 240 240 240 240 240 238 240 239 237 234 235 237 237 240 239 235 231 232 234 236 238 238 234 234 234 235 236 235 236 236 234 234 236 236 235 233 230 232 233 235 235 234 236 239 237 235 234 234 233 233 234 234 236 235 235 235 235 234 234 235 235 234 235 235 233 231 233 234 233 234 236 234 233 233 234 236 236 234 232 232 234 235 235 235 235 235 235 235 235 232 232 235 238 238 237 238 238 237 236 235 235 236 237 237 236 235 236 237 236 235 234 234 232 230 232 234 234 234 232 229 227 230 230 230 235 241 242 237 234 234 234 233 235 237 239 237 237 237 235 233 232 236 238 237 240 238 236 234 233 234 236 234 231 228 227 229 227 228 231 233 231 228 227 231 231 227 217 220 232 232 224 221 223
247 229 230 233 233 234 233 233 233 234 236 236 234 234 234 234 237 238 236 233 231 230 232 237 238 235 236 238 239 238 237 238 241 240 239 239 238 240 241 239 238 239 240 239 239 240 239 240 240 239 237 238 239 239 238 237 238 238 238 239 239 239 239 239 241 238 235 233 231 236 239 238 236 237 238 239 236 235 236 239 241 243 242 242 240 239 239 240 239 240 239 239 238 236 237 239 240 238 234 231 233 235 236 240 241 237 235 236 237 236 235 237 237 234 235 237 236 235 234 230 232 234 236 235 233 235 237 237 236 234 233 231 230 233 234 237 236 235 235 237 235 234 235 236 235 234 234 232 231 233 235 232 232 233 234 233 234 235 236 235 232 232 232 234 234 233 233 234 236 235 234 235 235 233 235 238 237 237 238 237 236 236 236 237 237 237 236 236 237 238 238 236 235 234 234 232 231 233 235 235 237 235 230 228 229 230 229 232 238 240 236 233 234 236 237 237 239 240 239 238 238 238 234 233 235 235 237 240 240 237 234 233 233 233 234 233 230 226 227 228 229 232 232 231 229 230 234 232 227 220 222 231 230 227 222 220
247 229 230 232 232 233 235 233 233 234 237 236 234 233 234 234 236 236 234 234 233 232 233 237 237 236 235 234 237 239 238 238 239 238 238 239 239 240 239 237 236 238 239 238 239 240 239 239 241 239 237 237 237 239 238 237 240 242 241 238 237 239 240 240 242 240 237 234 231 236 242 242 239 238 238 239 239 239 239 241 242 243 243 243 241 239 239 240 239 238 237 236 238 238 238 238 237 236 236 234 236 236 236 239 239 238 240 239 237 234 233 237 240 236 235 236 234 234 235 233 234 235 236 236 236 236 235 235 235 234 233 232 229 231 234 236 235 234 235 235 233 234 236 237 234 232 232 232 231 233 235 232 232 233 234 235 236 234 235 233 232 231 231 234 234 232 232 233 236 235 235 235 235 234 235 238 236 237 237 237 237 237 236 237 237 237 237 237 237 238 238 237 236 236 235 234 232 231 232 234 237 236 233 231 231 232 232 232 237 240 234 233 233 236 239 237 239 242 243 242 241 240 236 234 236 233 234 238 239 237 236 236 234 234 237 238 234 228 228 229 233 234 232 233 232 232 235 233 231 229 230 230 229 227 222 219
247 229 231 231 231 233 236 235 233 235 237 237 237 234 235 234 235 235 236 235 234 235 237 237 237 237 236 233 236 239 240 238 237 237 237 239 240 239 237 237 237 238 239 239 240 241 239 238 240 240 240 238 237 239 239 238 241 242 241 238 237 241 241 241 242 240 239 237 231 232 237 239 237 235 237 240 241 242 240 240 241 241 240 241 241 239 239 238 237 235 233 232 234 237 239 240 237 236 239 238 240 237 235 238 239 236 237 237 235 233 233 241 243 239 237 233 233 234 235 235 235 236 236 237 237 238 235 234 234 236 237 235 229 231 233 235 236 234 235 234 233 234 237 238 234 231 232 232 233 235 236 235 234 234 234 235 236 234 234 232 231 232 232 234 235 234 234 234 236 236 236 236 233 232 236 238 237 236 237 237 237 236 236 238 239 238 237 237 238 239 239 236 234 235 237 236 234 231 231 232 236 237 235 232 231 233 236 231 235 237 234 234 234 234 237 236 237 242 245 245 243 239 236 235 235 233 233 237 237 236 237 238 235 235 239 238 235 232 234 235 236 235 231 233 234 232 233 235 236 235 230 227 227 224 222 221
247 231 232 231 231 231 237 236 233 234 236 237 238 234 235 234 234 235 236 236 236 236 236 236 236 237 238 237 237 239 238 237 236 236 237 239 240 238 237 238 239 239 239 240 241 242 239 239 240 242 242 241 238 238 238 240 242 241 238 237 239 242 242 239 239 237 236 237 232 230 235 237 235 234 238 242 242 241 238 238 239 240 239 239 239 240 238 236 237 234 231 232 234 237 240 241 239 237 238 237 239 235 234 236 235 232 235 236 234 232 235 241 242 239 235 231 232 233 233 233 234 238 238 237 237 238 236 233 233 238 239 237 233 233 232 236 238 235 233 233 233 236 237 237 234 232 231 231 234 236 236 237 236 236 235 235 235 234 234 232 230 232 232 234 235 237 237 235 236 237 237 235 232 231 234 237 235 234 235 237 237 236 237 239 240 238 236 236 236 237 240 235 231 234 238 237 236 233 230 230 232 234 235 232 230 232 234 230 230 232 233 234 234 233 235 236 235 239 241 241 238 236 235 235 235 234 236 236 235 237 237 238 233 232 235 236 237 237 238 239 238 237 234 235 236 232 232 236 238 236 231 228 228 226 224 223
248 232 234 233 230 231 234 235 233 234 237 237 236 231 232 233 231 232 231 234 242 241 237 235 237 238 238 240 240 238 237 237 236 237 238 240 239 238 239 241 240 238 237 238 240 240 240 242 242 242 243 244 242 238 238 240 241 240 237 238 240 241 240 238 237 236 236 238 235 231 233 236 236 234 237 239 239 238 237 238 239 239 241 239 238 238 238 234 234 234 232 235 237 238 240 239 238 237 234 234 236 234 236 236 232 233 236 238 237 234 236 238 238 240 236 233 234 233 233 233 234 237 238 236 235 236 236 234 236 239 238 236 235 234 233 237 239 236 234 234 234 237 236 234 234 234 233 231 231 232 233 236 235 235 234 233 234 234 235 233 231 232 233 234 235 236 235 233 233 236 237 235 234 234 234 234 234 234 235 236 235 237 238 239 239 238 237 237 237 236 238 236 232 234 236 237 238 234 230 229 229 232 235 234 230 232 233 231 229 231 233 235 236 235 235 235 235 237 238 236 234 234 237 238 238 237 239 236 234 238 239 235 231 230 232 234 236 238 238 236 236 237 235 236 236 234 234 235 235 235 232 231 229 226 224 223
248 231 233 231 230 230 232 234 234 236 238 237 235 231 230 232 232 231 230 234 243 241 237 235 237 238 239 244 241 236 237 237 237 237 239 239 238 237 240 243 242 240 239 239 240 241 241 241 242 242 243 243 242 240 239 240 241 240 238 239 240 242 239 237 235 236 238 238 236 233 233 236 237 235 235 237 238 238 237 237 239 239 241 239 237 237 237 234 233 234 235 239 240 238 237 236 237 238 239 236 233 233 239 237 232 234 237 241 242 238 237 238 237 237 235 236 238 235 234 234 235 237 238 237 235 236 236 235 238 240 236 233 234 234 234 235 237 237 237 235 234 236 235 234 234 234 235 232 229 230 232 235 232 233 234 232 231 232 234 233 232 232 234 235 236 235 234 232 233 236 238 237 235 235 235 233 232 234 235 235 235 236 237 240 239 239 239 239 238 236 237 236 235 234 236 237 236 233 230 230 229 232 235 234 231 231 231 230 231 232 233 236 238 239 236 235 236 236 236 236 236 236 236 237 239 239 239 236 235 237 237 235 234 231 232 234 236 235 232 233 236 237 233 234 235 235 237 235 234 233 231 231 228 224 225 225
248 233 235 235 232 230 231 233 233 234 236 236 235 234 233 232 233 235 235 235 236 236 237 235 237 238 241 242 238 236 238 239 240 240 240 239 238 237 237 239 240 239 238 239 239 241 240 242 241 240 241 241 241 240 240 242 241 241 240 239 239 240 239 235 235 237 239 237 236 235 235 236 235 233 234 236 238 238 239 237 238 240 240 238 238 240 239 237 237 239 239 239 238 239 235 232 234 239 241 237 233 234 238 239 238 240 242 244 243 243 241 238 236 232 231 235 237 236 235 234 236 237 238 236 236 237 237 236 237 237 235 234 235 234 234 235 235 236 237 236 234 236 236 235 232 232 232 231 229 229 232 238 235 233 235 232 230 232 234 236 235 232 232 236 237 237 236 236 236 237 239 238 236 234 233 233 233 234 235 236 236 237 238 240 239 237 236 236 237 236 235 235 235 233 235 236 236 234 232 232 231 233 235 234 232 231 231 232 237 238 235 236 238 237 235 236 240 238 236 238 238 237 233 232 236 236 237 237 236 236 235 235 233 233 233 234 234 232 230 232 232 232 230 232 231 231 236 237 233 230 232 231 226 224 225 226
247 231 235 237 233 230 231 232 232 233 234 234 234 235 233 233 234 237 237 228 227 232 237 237 237 237 239 238 236 237 239 240 242 242 241 239 238 236 235 236 238 239 238 239 238 239 241 240 239 238 240 241 240 240 242 244 243 243 242 240 239 239 239 239 239 239 236 233 232 235 236 237 235 236 236 238 240 240 241 239 239 241 242 241 240 241 240 240 240 243 243 237 236 238 236 235 235 237 240 238 235 236 240 241 242 244 243 241 244 246 243 239 237 233 233 233 235 235 234 235 236 238 238 235 235 236 235 235 235 235 235 236 234 235 235 236 236 236 235 234 233 236 236 233 230 231 231 232 230 228 228 233 235 232 234 231 230 232 236 239 238 234 232 235 236 238 239 239 237 238 237 237 235 234 234 234 235 235 235 236 238 238 239 238 237 235 235 235 236 237 236 235 237 235 236 235 235 235 233 233 233 233 233 232 231 230 229 233 240 240 237 237 238 237 235 236 243 242 238 236 237 236 232 230 235 235 235 235 236 235 234 233 234 235 233 233 233 231 229 229 230 230 228 230 233 232 236 238 234 229 230 231 227 227 229 226
247 230 233 237 234 231 233 234 233 233 234 235 234 234 234 234 233 236 234 221 223 232 235 236 237 238 239 236 236 237 239 240 241 241 239 239 239 236 235 236 238 241 240 240 239 239 241 240 238 238 241 241 240 239 241 243 242 243 240 238 238 239 240 241 240 238 236 235 233 234 234 236 238 239 239 240 242 242 241 239 239 239 241 242 240 239 238 238 238 244 242 238 239 239 240 241 239 239 243 241 235 235 239 240 241 242 241 241 243 246 242 238 235 236 235 233 234 236 237 235 236 237 236 236 235 236 234 235 236 236 236 237 235 234 234 235 236 235 235 234 233 234 235 233 230 231 232 232 231 229 228 230 232 232 234 233 232 233 235 238 237 235 235 236 235 235 238 238 238 237 237 235 233 234 235 235 235 234 233 235 238 239 238 237 235 234 235 236 238 237 236 237 238 237 237 236 236 237 234 233 234 233 233 233 231 230 230 234 239 239 236 236 237 237 233 233 240 240 236 234 235 236 235 233 235 236 235 234 235 234 234 233 233 235 234 234 234 234 232 231 230 230 228 230 234 232 235 235 233 230 231 232 229 231 232 228
247 230 233 238 235 232 233 234 234 233 235 237 234 232 232 232 231 233 233 223 227 231 231 235 237 239 239 237 237 238 239 240 240 240 239 239 240 238 237 238 240 241 241 240 239 238 241 242 238 238 241 241 240 238 240 242 240 239 237 238 238 238 239 241 241 238 236 235 231 231 232 234 236 238 239 240 240 240 240 238 237 235 239 242 239 237 237 236 238 245 245 242 244 241 242 242 240 241 244 246 241 235 237 237 237 240 239 240 245 247 245 240 235 237 237 235 235 237 238 237 235 236 236 236 236 237 235 235 236 238 238 238 237 235 233 233 234 234 235 234 233 233 235 234 231 230 232 233 234 231 230 232 231 232 234 235 233 234 235 236 237 235 236 237 236 236 237 237 237 237 237 235 233 233 234 235 234 232 231 233 235 237 237 237 235 234 236 237 238 237 236 237 238 237 237 236 236 237 235 234 234 234 234 234 232 232 231 233 237 238 238 238 239 237 231 232 234 235 234 233 234 236 235 235 236 236 234 233 234 234 234 232 232 234 233 234 234 234 234 235 230 228 228 231 232 231 234 235 233 231 232 233 231 231 230 228
247 231 236 237 233 232 233 233 233 233 235 236 233 228 230 230 225 228 227 226 228 228 230 234 237 240 240 239 239 240 241 241 240 240 238 238 239 242 240 241 243 242 241 241 239 239 240 241 239 239 241 241 240 240 240 240 239 239 237 239 239 238 238 240 240 239 238 236 232 230 231 231 234 238 236 237 238 239 239 237 237 236 240 240 238 238 239 242 241 245 245 243 243 242 241 240 239 241 244 243 240 236 236 236 238 241 239 239 244 247 247 241 237 237 238 238 236 236 238 239 237 237 237 238 238 237 236 236 236 237 237 237 238 235 232 232 233 234 236 236 233 233 234 234 232 230 233 235 236 235 233 232 231 231 234 236 235 235 235 236 236 234 236 237 237 238 237 237 236 234 234 237 237 234 234 235 232 229 231 232 232 234 235 236 235 235 238 239 239 239 237 237 238 239 238 236 236 237 236 235 235 234 235 235 232 233 232 232 234 236 236 237 236 235 233 233 235 237 238 233 233 236 235 233 235 236 233 233 236 235 234 232 233 234 233 233 232 232 232 233 232 230 229 230 229 228 233 236 235 233 233 234 229 228 225 224
248 233 236 236 233 233 233 231 231 232 233 233 231 230 232 228 224 225 221 224 230 229 230 232 235 239 240 239 240 239 239 242 241 239 237 236 238 240 240 243 244 242 241 240 239 239 241 240 237 239 243 243 242 239 239 240 240 240 241 240 239 239 239 238 238 240 239 238 237 236 234 234 237 237 233 234 237 240 238 238 237 237 240 239 238 239 241 243 242 245 245 241 241 243 241 240 239 240 241 241 239 237 236 237 238 239 240 238 241 245 245 240 237 237 238 237 236 236 237 240 238 238 239 240 238 237 235 236 234 233 235 236 237 235 233 232 233 235 236 236 234 234 236 235 231 230 233 235 235 235 236 234 232 231 234 237 237 235 235 236 235 235 237 239 238 238 238 237 237 234 234 237 237 235 235 235 232 230 231 231 231 232 234 235 236 237 238 237 240 241 240 238 237 239 238 237 237 238 235 234 234 235 236 236 234 234 232 230 232 235 235 234 234 236 237 235 240 243 242 237 235 237 236 233 234 234 235 236 235 234 234 231 233 234 233 232 231 230 230 231 231 231 231 230 228 227 232 238 236 233 233 234 228 225 225 223
249 234 238 239 235 232 233 231 231 232 232 232 232 233 234 230 227 229 225 221 230 233 231 233 234 239 240 242 241 239 238 240 239 239 237 237 240 240 239 241 241 240 241 240 239 239 239 240 238 239 242 242 241 239 238 240 241 242 241 236 235 237 237 236 237 239 240 240 239 238 238 239 242 240 235 236 238 238 238 239 239 238 237 238 239 239 239 241 240 242 242 239 240 243 239 238 239 242 242 242 241 238 238 240 240 238 241 241 242 242 239 236 234 235 238 238 236 237 238 238 236 236 238 240 239 238 236 237 235 231 233 235 235 235 234 232 232 233 234 233 231 233 236 234 231 233 234 235 235 233 236 233 233 232 235 238 238 236 236 237 237 236 237 239 236 236 236 236 236 237 238 237 234 234 235 235 232 230 232 232 229 230 234 236 236 236 237 236 238 240 239 239 238 236 235 235 237 238 237 236 235 235 235 234 232 233 232 230 232 237 237 234 234 237 237 238 241 243 242 238 237 237 235 234 234 234 235 234 235 235 234 233 233 234 233 233 232 232 230 231 231 231 230 230 229 230 235 238 235 231 232 233 228 226 228 226
249 233 237 238 234 232 233 231 232 233 233 234 234 234 234 231 231 233 229 221 228 233 232 233 235 239 240 242 240 238 237 237 238 239 239 240 242 243 240 237 237 239 240 239 238 238 237 239 239 240 242 241 240 239 238 239 241 242 238 235 234 237 236 235 235 236 237 237 236 235 236 239 240 237 235 236 237 236 237 239 240 239 237 239 241 239 237 238 238 239 240 240 242 243 240 239 240 241 239 239 237 235 237 240 241 240 241 242 242 240 238 235 234 235 238 238 237 238 239 238 236 236 237 239 239 238 237 237 236 234 234 235 235 235 234 232 232 232 233 232 229 231 233 232 231 232 232 234 235 232 230 230 231 231 234 236 237 235 235 238 237 235 236 238 235 234 236 236 234 236 238 236 232 232 234 234 232 230 231 231 228 229 234 235 235 235 236 236 238 238 237 238 237 235 234 235 237 238 237 237 236 235 235 234 232 234 234 231 233 240 241 236 237 239 237 239 240 238 238 237 236 234 233 233 234 235 233 227 232 236 235 234 233 233 232 232 232 232 233 233 232 231 230 231 231 232 236 238 235 231 231 233 229 227 229 226
248 233 235 233 231 232 233 233 233 234 234 234 235 235 232 232 231 231 227 223 227 231 235 236 236 240 241 241 237 236 236 237 238 241 242 245 246 244 241 238 237 239 239 238 236 236 237 238 239 241 241 241 241 239 238 239 241 241 241 241 240 241 240 238 236 235 234 233 234 233 235 238 238 237 236 236 236 234 236 239 241 241 237 238 242 240 238 239 239 239 240 241 243 243 240 240 242 240 234 233 234 233 236 239 240 240 241 243 242 238 236 235 235 236 239 239 238 238 238 238 236 237 237 237 239 237 238 237 237 236 235 234 235 235 234 233 233 232 232 231 230 231 231 231 232 232 231 233 233 230 225 227 229 229 232 235 234 234 235 237 237 234 235 237 237 235 236 235 233 232 236 236 232 234 234 234 230 226 229 228 226 228 232 234 232 234 237 237 239 238 237 236 234 234 237 237 237 238 237 237 236 235 235 236 235 235 236 234 234 241 242 239 239 238 234 238 239 237 237 237 236 233 233 233 234 236 232 222 228 236 234 233 233 233 231 231 232 232 233 235 233 232 230 231 233 235 238 237 233 232 232 232 229 229 227 222
248 233 234 232 231 233 234 233 232 233 233 235 237 236 232 233 232 230 227 227 229 232 236 236 235 240 241 240 236 235 238 238 238 240 240 244 246 244 243 241 239 239 239 238 233 235 240 240 240 240 240 242 243 241 240 241 241 240 240 240 238 239 239 240 239 238 237 238 239 236 236 239 240 238 238 236 235 237 239 239 239 239 237 239 240 242 241 242 241 239 240 240 241 240 239 242 245 245 239 237 238 237 238 236 237 238 239 241 240 240 238 235 236 239 241 241 240 239 238 237 236 237 236 236 239 239 238 237 236 235 234 233 234 234 235 236 235 234 231 231 233 232 229 230 233 233 232 231 231 227 219 219 226 227 231 233 233 233 235 236 236 236 236 237 238 235 234 234 231 227 230 232 229 231 232 234 230 227 228 227 225 224 229 235 231 234 237 239 240 239 237 235 232 234 238 238 237 236 235 235 237 237 236 235 235 235 234 232 234 241 243 240 239 238 237 240 238 235 234 235 234 234 235 232 233 237 235 228 230 233 231 232 232 232 232 231 231 230 231 234 235 233 231 231 235 234 235 231 230 231 231 230 229 228 226 220
248 233 235 233 231 231 233 234 233 233 233 235 237 236 232 233 232 230 230 229 227 230 235 237 237 240 241 240 239 238 239 239 239 243 240 243 244 245 244 241 239 239 238 238 236 237 241 241 240 241 242 241 241 241 240 240 241 242 237 232 234 236 236 237 237 239 239 241 242 241 238 239 240 241 240 239 239 241 242 240 238 238 240 239 238 241 239 238 238 239 237 238 239 240 240 244 246 246 243 243 245 243 240 237 237 239 242 239 239 241 238 235 236 240 242 240 238 239 238 239 238 238 238 238 239 240 238 237 238 237 236 235 233 234 235 234 235 234 234 233 231 230 229 231 232 232 231 230 229 228 219 215 223 226 229 231 232 233 232 235 238 238 237 236 237 236 235 234 228 223 225 227 224 226 230 234 232 230 230 230 226 223 227 232 230 230 232 235 240 240 237 235 232 234 238 237 237 235 233 233 236 239 238 238 238 235 234 230 231 237 240 239 239 243 245 242 239 234 232 232 232 234 236 234 233 235 238 236 231 228 231 234 233 232 231 231 230 228 229 231 233 233 233 230 231 231 232 229 230 231 230 229 228 226 226 223
249 235 236 233 231 231 233 235 235 235 234 235 236 236 234 234 231 230 231 230 227 226 233 236 237 239 239 238 240 241 240 240 245 250 247 248 245 243 241 241 239 239 239 238 237 239 242 242 240 241 243 241 239 239 238 239 240 241 237 233 235 236 236 236 236 237 237 238 240 239 238 237 240 243 242 241 241 242 243 242 240 240 244 240 237 239 236 235 237 238 237 237 238 241 242 244 243 242 242 245 247 246 244 241 238 238 238 236 240 244 239 236 238 241 241 239 237 237 237 238 238 238 238 238 239 239 238 238 238 238 238 236 233 234 234 232 232 232 232 233 231 230 230 231 231 231 231 229 229 228 221 213 219 223 227 231 233 233 227 229 234 236 238 237 236 236 236 233 229 225 226 227 225 224 228 234 235 230 228 229 228 226 230 233 231 229 229 232 240 239 237 234 232 234 238 237 237 235 233 232 235 238 238 237 237 236 233 229 228 233 239 239 241 244 246 245 242 237 233 231 233 233 234 235 234 235 235 234 231 230 233 238 233 231 231 232 230 225 227 230 232 234 233 230 229 231 232 231 230 229 230 230 228 226 224 224
249 236 236 233 233 233 234 236 236 236 235 234 235 235 234 235 233 232 234 234 229 228 232 234 239 239 237 239 240 241 241 239 242 246 247 248 245 240 240 241 241 240 240 239 239 239 241 241 241 242 243 242 241 240 239 238 239 240 238 238 237 237 237 237 237 238 238 238 239 240 240 241 241 242 242 242 241 242 245 245 242 241 243 240 237 239 238 236 237 238 238 237 240 241 241 243 241 237 240 244 244 243 239 236 236 232 231 232 240 243 240 239 240 241 241 239 238 238 238 240 238 237 238 238 237 237 238 238 238 239 239 237 235 234 234 234 233 230 231 233 232 232 232 230 231 231 231 230 229 228 225 219 221 218 221 227 228 227 224 224 223 229 236 237 234 234 234 226 223 226 232 229 225 225 227 232 232 229 229 230 230 229 232 236 237 234 231 230 235 237 236 233 233 233 237 239 238 235 233 233 235 238 238 236 237 237 234 229 227 232 237 238 240 244 246 245 243 240 237 236 236 236 235 235 234 233 236 235 235 235 235 234 230 230 234 237 234 228 232 232 236 235 231 232 235 237 235 232 229 227 227 228 227 224 222 221
248 233 233 231 232 235 235 235 235 235 233 233 234 233 231 233 234 235 236 237 233 232 231 232 238 240 239 240 240 241 240 237 238 240 242 243 240 239 240 242 242 240 240 238 238 238 240 241 241 241 243 243 245 242 240 239 240 239 239 241 239 239 239 239 240 240 240 240 241 240 241 242 240 240 241 242 241 243 245 243 240 238 240 239 239 241 239 237 237 239 240 238 239 239 239 243 242 236 237 239 238 237 232 232 234 232 229 233 239 242 241 241 240 240 241 240 238 238 238 238 237 238 238 237 237 236 238 238 238 239 238 238 237 236 235 237 235 231 230 233 234 233 232 229 229 231 232 232 229 228 226 221 217 212 215 224 221 223 226 226 217 222 234 237 233 234 232 223 219 226 234 232 229 227 226 227 229 229 230 230 229 228 233 237 239 239 232 225 230 235 236 233 232 232 235 237 236 236 235 234 237 239 238 236 237 238 236 230 227 231 237 238 237 239 242 238 237 237 236 239 241 240 237 234 233 232 235 236 236 237 234 230 228 230 236 239 239 234 233 235 238 237 234 236 238 239 236 231 226 224 225 226 227 226 223 220
247 230 230 231 231 235 234 233 233 234 232 232 233 232 230 231 234 234 235 235 235 235 233 236 240 242 241 241 240 239 238 238 237 239 241 240 238 238 241 242 241 240 240 239 239 240 239 240 241 241 242 244 244 241 239 239 239 239 238 240 240 240 238 238 240 243 242 242 242 241 241 241 241 239 240 242 241 241 243 241 240 238 239 240 239 240 239 238 238 240 240 240 238 238 237 241 243 240 239 239 237 234 231 233 237 234 232 233 236 239 241 242 241 241 241 240 239 239 238 236 237 237 237 236 237 238 238 238 238 237 236 236 236 235 235 237 234 231 231 232 233 234 232 228 226 229 233 234 229 226 222 209 204 207 214 218 217 222 232 231 217 220 235 237 231 229 230 224 223 232 235 233 231 228 226 227 228 229 229 229 229 227 229 235 237 237 229 220 231 237 236 233 232 232 234 234 231 233 235 235 236 237 238 237 237 238 234 230 228 231 234 236 235 235 238 237 236 236 233 235 238 240 240 236 234 233 236 238 237 236 234 231 230 232 236 237 237 233 230 233 235 234 233 235 233 234 232 229 228 227 228 227 227 226 223 219
247 228 229 232 231 235 233 229 231 232 232 232 232 232 231 233 233 233 233 235 236 238 240 241 242 243 242 242 240 238 238 238 237 240 241 239 238 238 239 241 241 240 241 240 240 240 238 239 241 241 243 243 242 241 239 238 238 239 237 238 238 239 238 238 241 244 243 242 242 241 241 242 242 240 239 240 241 241 242 242 241 239 238 239 239 240 240 239 240 240 240 240 239 237 235 237 242 244 244 243 241 236 234 239 244 239 234 234 235 236 241 243 241 241 241 241 240 239 237 235 236 236 236 236 238 238 239 239 238 237 235 234 235 235 236 236 235 232 231 233 234 235 232 227 224 226 230 231 226 218 206 192 196 207 216 215 211 217 232 232 217 222 238 237 227 223 228 228 229 233 232 231 230 227 228 233 231 229 229 230 230 227 227 230 233 235 229 228 236 236 235 233 232 233 234 232 231 233 235 235 236 236 237 238 237 237 234 229 228 232 232 232 233 233 236 240 239 237 233 233 234 238 241 237 235 235 238 240 238 236 234 234 234 234 236 235 234 231 229 230 232 232 231 232 231 229 228 228 232 235 235 229 226 225 224 222
247 228 231 235 233 234 231 227 229 233 234 233 233 233 232 234 233 233 233 237 238 240 243 244 243 239 238 238 239 240 239 236 237 239 240 240 241 240 239 239 240 240 242 240 238 238 241 241 241 240 242 242 241 241 240 239 239 239 237 238 238 239 237 236 238 241 241 240 241 240 241 243 243 242 237 237 240 241 240 240 240 240 242 242 241 241 240 239 239 238 239 239 238 237 235 238 244 244 244 244 244 241 238 243 245 240 235 235 235 235 241 243 241 241 241 241 240 239 236 234 234 236 236 237 238 239 239 239 238 237 235 234 236 236 235 235 236 233 232 232 234 234 230 226 222 223 226 229 221 206 192 188 200 210 214 209 204 210 223 224 213 218 229 231 223 221 227 229 228 226 225 227 229 228 231 234 231 230 231 233 232 230 229 229 230 233 233 236 236 234 234 236 235 233 234 233 234 234 235 234 234 235 235 236 237 237 234 229 229 232 234 234 235 236 235 239 240 240 237 235 234 235 239 239 238 238 239 238 238 235 234 236 237 235 234 232 233 231 230 230 231 231 229 230 230 230 228 228 232 236 236 230 224 222 223 224
247 228 233 236 235 232 228 228 231 236 237 235 235 235 233 233 233 233 234 239 239 240 243 243 241 238 236 235 238 240 241 238 237 237 239 242 244 240 240 241 241 240 240 238 238 239 243 242 240 239 240 241 241 240 240 241 241 241 240 240 240 241 239 237 236 239 240 241 240 239 240 242 243 242 240 241 242 241 239 239 239 242 247 245 242 240 240 238 237 238 239 238 237 237 237 240 241 239 239 239 241 240 240 243 243 237 237 238 237 237 239 240 240 240 240 239 241 240 235 233 233 234 236 239 240 238 239 239 238 237 236 236 238 238 237 237 238 235 232 231 232 233 229 226 224 227 227 227 215 199 189 192 206 214 209 203 202 208 213 215 213 213 216 222 223 223 225 227 226 225 227 229 231 229 228 228 227 229 230 231 231 232 235 233 233 234 235 237 236 235 236 238 237 235 236 235 236 236 235 234 233 233 233 236 237 238 235 231 230 232 235 236 239 240 237 237 238 241 242 238 236 235 238 241 239 240 237 235 236 234 232 232 234 234 235 233 233 233 232 231 231 232 230 228 229 231 229 227 229 232 234 229 223 221 222 223
247 229 233 235 234 231 229 230 231 235 237 236 235 234 233 233 233 233 233 240 242 241 241 240 239 239 237 237 239 241 241 241 239 237 239 243 243 239 241 243 242 240 239 239 239 239 241 242 241 240 241 240 240 240 240 242 242 243 243 244 242 241 239 236 236 238 240 240 241 241 240 242 242 242 246 246 244 242 241 241 240 243 246 245 242 241 241 240 237 239 239 239 237 238 238 240 241 241 239 238 240 241 241 242 243 238 238 238 236 238 237 238 239 240 240 239 240 240 236 233 233 235 236 237 239 238 239 239 238 237 237 236 238 239 239 238 238 236 233 231 230 233 231 227 227 226 221 219 204 193 192 198 209 214 206 199 205 210 212 215 218 212 206 215 221 221 223 227 227 228 230 233 233 230 227 225 225 226 227 227 228 230 236 237 237 238 237 238 239 236 237 238 237 235 234 233 236 235 235 234 234 232 233 234 237 238 235 232 229 231 233 236 239 241 240 239 240 242 244 241 235 236 240 243 241 240 238 234 233 234 232 232 234 235 235 233 234 236 233 232 232 232 230 228 229 231 228 228 229 229 230 227 224 222 223 224
247 230 233 234 233 231 231 231 231 234 236 236 234 234 235 234 233 233 232 236 241 242 240 239 239 239 239 239 240 241 240 241 240 238 239 242 240 238 242 243 242 240 239 240 240 239 239 240 241 241 242 240 241 240 240 242 242 240 241 245 243 241 240 240 239 238 240 239 242 241 241 242 241 240 243 242 243 243 241 239 239 242 243 244 244 242 242 240 239 239 240 241 238 238 238 241 242 241 243 240 239 242 241 240 243 240 238 237 237 237 238 239 239 240 240 239 240 240 237 235 235 236 236 237 238 238 239 239 237 237 236 236 238 239 239 237 237 235 234 231 229 231 226 218 215 210 200 193 184 185 194 203 207 209 202 197 205 212 214 218 220 211 203 210 219 222 225 230 231 230 230 234 235 232 229 225 224 223 226 228 228 229 232 234 237 236 234 235 237 236 237 238 237 235 232 233 236 236 234 234 234 233 234 234 237 238 234 232 229 230 232 234 238 241 242 239 238 240 241 238 234 234 239 243 243 242 238 235 234 234 234 235 236 236 235 234 235 236 233 232 231 232 231 230 230 229 227 229 230 228 227 226 226 225 225 224
247 230 232 232 232 235 234 233 235 237 238 235 233 234 235 236 235 234 232 230 235 239 238 238 239 239 239 240 240 240 241 241 241 241 239 239 238 238 239 242 241 241 241 240 239 238 238 236 238 241 243 241 242 241 240 241 240 239 240 242 242 241 242 242 241 240 240 240 241 241 240 242 241 241 238 238 243 245 242 239 239 241 242 244 244 241 241 240 239 240 241 241 240 237 237 239 242 241 241 237 235 238 239 239 239 239 238 237 238 238 239 240 239 239 239 240 241 240 239 239 238 238 238 238 238 238 238 238 237 236 236 236 238 239 239 237 237 237 235 231 229 228 221 208 200 192 181 174 174 184 197 206 207 204 197 194 203 214 214 210 206 205 205 208 218 224 228 233 234 233 232 234 237 234 230 227 224 222 226 229 228 228 229 231 234 232 230 231 233 235 236 237 238 238 235 235 235 236 234 234 235 234 235 234 234 236 236 235 232 233 233 234 238 242 242 237 236 238 238 236 236 233 235 241 244 243 238 235 238 237 236 237 236 235 235 234 235 234 230 229 230 231 230 230 229 226 225 228 228 225 226 229 230 228 226 224
248 232 234 233 234 237 236 236 238 238 236 234 233 233 234 237 239 236 234 230 233 238 237 237 239 240 241 241 241 241 240 242 242 241 239 240 240 240 240 240 240 241 242 241 239 238 238 236 237 241 244 242 244 244 242 240 238 239 240 243 244 242 241 241 240 238 239 239 240 239 240 242 243 243 240 240 245 248 244 241 240 241 240 241 242 242 240 239 240 242 242 241 240 238 236 239 239 238 237 236 234 236 241 244 239 235 236 235 236 237 237 241 241 238 238 240 242 240 240 240 240 240 240 238 237 238 237 238 238 236 235 235 237 238 237 236 237 236 235 230 227 227 222 209 195 180 174 171 179 191 200 204 204 197 194 200 208 211 201 187 183 195 205 208 217 223 226 231 232 230 230 231 233 232 231 229 225 224 229 230 226 228 230 232 230 230 231 232 232 233 234 236 239 237 235 235 235 236 236 236 236 236 237 235 232 233 235 234 234 233 231 232 236 239 237 238 238 240 241 241 241 237 236 239 241 240 233 233 237 239 237 238 234 233 232 232 233 232 231 230 229 227 226 229 230 226 226 229 227 225 228 232 233 227 224 223
248 231 231 231 232 234 232 232 233 232 233 235 235 236 238 241 241 240 238 235 237 238 239 238 239 239 241 240 240 240 238 239 238 237 237 242 244 243 240 241 241 241 240 238 238 239 239 239 238 240 242 242 242 242 242 241 239 241 241 244 248 245 242 243 243 238 240 241 238 237 239 241 243 245 243 243 246 246 245 244 244 243 239 237 239 242 242 241 242 242 241 240 241 240 239 238 236 238 241 240 239 238 241 245 242 235 236 236 237 237 237 240 241 240 239 241 240 239 238 238 238 241 241 238 235 236 237 239 240 237 234 234 236 236 235 236 236 235 234 230 227 227 226 215 196 178 167 166 176 188 197 200 197 191 192 202 203 196 178 167 176 195 206 212 220 221 220 226 227 228 227 227 228 230 232 231 228 227 229 228 226 229 232 231 229 232 234 232 231 232 233 234 236 237 237 235 234 236 236 236 236 238 238 235 231 232 235 234 233 230 230 232 235 235 234 239 241 242 241 241 242 243 241 239 236 235 235 236 235 235 234 235 232 231 232 232 232 231 232 233 229 227 226 229 230 228 229 230 229 228 230 234 233 227 221 219
248 231 231 230 232 231 229 229 228 228 231 236 237 237 239 240 239 242 241 239 239 240 241 239 238 238 240 240 240 240 238 238 238 235 236 241 244 242 241 242 242 241 240 238 238 239 240 240 238 239 242 242 242 242 241 241 242 243 242 242 244 243 242 245 249 243 242 243 239 237 238 240 241 243 243 242 243 243 244 246 248 245 240 237 239 243 244 242 242 242 240 239 240 241 239 238 236 241 247 244 241 241 239 241 239 236 236 237 238 240 238 240 241 241 240 240 239 238 238 237 238 242 242 238 235 236 237 239 240 238 235 235 236 236 236 236 235 235 234 232 229 231 227 215 197 175 160 156 162 172 185 194 193 186 183 190 188 181 168 167 184 203 210 217 222 221 220 224 227 229 227 226 227 229 232 230 230 227 226 225 226 231 233 233 231 233 234 234 233 232 232 233 235 237 237 234 233 235 236 236 237 238 238 235 231 233 235 234 233 231 232 234 237 236 236 240 242 241 239 239 241 245 244 240 235 235 239 239 235 230 229 234 232 232 234 236 234 231 232 233 230 228 228 230 230 229 228 229 231 230 231 233 232 226 220 218
247 231 233 232 232 232 231 232 232 231 234 237 240 238 236 236 238 242 239 235 239 242 244 240 239 239 239 240 241 240 240 239 238 235 236 238 241 239 240 241 240 239 240 240 240 242 240 239 238 239 242 242 241 241 240 239 242 242 241 240 241 242 243 247 250 245 246 248 243 239 238 238 239 240 239 239 239 239 240 244 247 245 241 238 239 243 245 242 241 240 239 238 240 238 238 239 239 243 247 244 243 244 240 238 236 235 237 237 238 240 238 239 241 241 241 240 238 238 239 238 240 243 242 239 236 236 236 237 237 237 237 236 237 238 237 236 235 235 236 234 231 231 221 206 192 171 156 147 148 158 172 182 177 169 166 173 176 173 172 181 196 207 213 221 224 222 222 226 230 231 229 228 227 228 228 227 229 228 228 228 228 231 231 230 230 232 233 234 234 232 230 231 232 233 234 233 232 234 235 237 238 239 236 234 232 234 235 235 233 232 233 236 237 235 237 243 242 239 237 238 241 245 245 242 238 238 242 241 236 230 227 231 233 233 237 236 232 231 233 233 232 230 229 229 229 229 227 230 233 232 229 227 229 224 218 217
247 231 234 233 234 233 230 234 237 237 236 239 242 238 234 235 239 243 236 231 237 241 244 241 239 240 239 240 240 241 241 241 240 237 237 239 239 240 240 239 237 236 238 240 242 241 238 237 239 240 241 241 241 240 238 237 239 240 239 238 241 243 243 246 245 243 248 249 244 241 241 241 241 241 238 237 238 238 239 241 244 244 242 239 240 242 243 241 239 238 239 240 240 237 237 240 241 241 243 244 243 245 242 239 235 233 234 236 238 240 237 237 239 240 241 241 239 239 239 238 239 241 242 240 238 237 236 235 234 235 235 235 236 237 236 234 234 234 235 235 233 228 215 199 190 175 163 148 144 160 173 167 156 148 153 167 173 171 180 192 199 209 219 227 226 223 224 227 229 229 228 230 227 228 229 230 231 229 229 230 230 229 228 227 228 233 233 234 235 234 232 232 231 230 233 235 233 233 234 235 237 239 237 233 233 234 237 237 234 232 233 237 238 234 236 240 238 236 236 238 240 244 244 243 241 241 241 240 239 236 229 229 233 233 236 234 231 232 232 231 234 232 231 229 228 230 229 232 233 231 226 221 223 222 218 220
247 230 233 233 234 233 231 233 237 236 235 237 240 236 237 238 240 242 238 232 235 238 241 240 239 239 240 239 237 237 239 241 240 238 239 239 239 240 240 238 236 236 237 239 240 237 235 237 239 241 240 240 240 240 239 238 240 242 241 239 243 243 241 242 240 241 244 244 241 241 244 246 246 245 240 238 240 241 244 243 244 244 243 241 242 241 240 240 239 238 239 241 241 241 240 243 243 240 240 242 241 241 239 235 232 232 232 235 238 239 237 237 239 240 241 241 239 239 239 238 239 240 241 240 237 237 236 235 234 234 234 236 237 237 236 233 234 233 233 234 233 227 215 206 198 184 175 158 147 167 178 160 144 138 151 168 175 173 186 194 195 204 221 232 228 221 222 225 226 225 225 228 228 229 234 235 232 227 228 230 232 231 230 229 230 232 231 232 234 234 232 232 231 230 232 235 234 233 234 235 236 238 240 237 233 234 236 237 234 232 232 235 239 237 237 239 239 237 236 237 240 243 244 243 241 242 242 242 239 238 235 230 232 232 235 233 232 232 230 227 233 234 232 229 229 228 229 232 231 230 228 223 221 222 223 224
247 230 232 232 233 234 233 233 233 231 231 234 236 235 237 240 239 241 239 235 236 238 240 242 239 238 239 239 236 235 238 240 239 237 238 239 239 240 241 238 237 239 239 239 238 236 235 237 240 241 240 240 240 240 239 238 241 242 239 241 247 245 240 239 238 240 242 240 239 240 243 247 247 246 240 238 241 245 248 244 243 243 243 242 242 240 238 239 239 238 239 241 240 239 240 244 245 240 239 239 239 241 241 236 232 233 231 233 237 237 237 237 239 240 241 242 240 239 239 238 238 240 240 239 236 236 235 235 235 236 236 237 238 236 235 233 233 232 232 232 232 229 223 221 212 194 188 176 157 166 172 154 142 140 156 174 182 180 192 194 190 196 218 234 230 224 223 226 229 228 224 225 225 224 228 231 228 225 227 230 231 233 233 232 229 229 227 229 233 233 231 233 234 233 234 236 235 234 234 235 236 237 240 239 236 234 236 237 234 232 232 233 239 240 240 240 239 238 237 237 241 244 243 241 237 237 241 242 239 236 235 231 232 232 235 237 234 230 229 228 233 234 232 229 228 226 228 232 233 235 231 226 225 226 225 224
247 229 231 230 231 234 234 232 230 228 228 233 234 234 235 237 237 238 237 238 238 238 242 245 243 240 240 238 236 236 238 239 238 237 238 239 240 244 244 238 237 239 240 239 239 237 235 236 240 241 242 241 240 238 237 236 239 240 237 240 247 244 238 239 238 240 241 241 240 238 240 243 243 241 237 239 243 245 247 244 242 243 243 242 242 241 238 237 238 239 240 241 239 238 238 241 242 240 237 236 238 243 246 241 236 233 230 231 235 238 237 238 239 241 241 241 240 240 240 239 238 240 242 240 236 236 234 235 237 239 239 238 236 234 234 233 233 233 234 234 234 232 229 230 221 201 196 188 168 163 163 151 144 150 169 188 195 191 193 192 189 196 216 233 232 229 227 228 231 230 225 224 223 222 225 228 225 222 225 228 230 233 235 234 229 224 224 229 233 234 232 235 237 236 236 237 236 235 235 235 236 236 238 240 236 234 237 236 235 234 232 233 238 242 242 241 240 238 237 240 242 244 242 239 235 234 238 241 237 233 232 232 233 234 237 238 234 228 228 231 232 233 232 231 227 224 228 236 238 237 233 228 228 228 224 223
247 230 232 231 232 235 234 232 231 230 229 232 234 235 233 235 238 238 238 237 234 236 241 245 245 242 240 239 238 238 239 238 238 238 239 239 241 248 246 240 238 237 238 240 241 238 235 237 241 244 244 242 238 236 236 235 237 239 238 238 241 240 240 240 240 236 237 240 242 240 241 241 239 237 235 238 244 245 245 242 241 244 242 241 242 242 239 237 237 238 238 239 239 239 239 239 239 240 237 236 237 245 246 239 235 234 231 232 237 239 238 239 240 242 242 242 241 242 241 238 239 240 242 241 237 235 235 236 237 239 239 237 235 235 235 235 236 236 236 236 234 231 230 231 226 212 202 194 180 169 163 159 154 159 179 200 209 202 194 193 194 202 216 231 234 231 230 232 231 231 230 229 225 224 227 228 227 223 223 226 231 233 233 232 226 222 225 232 237 235 234 235 236 235 235 236 236 235 236 235 236 237 238 238 235 233 235 234 234 233 232 235 239 240 240 243 245 242 238 238 240 243 243 238 235 234 236 237 237 235 232 233 237 238 237 236 233 229 229 233 233 230 228 228 226 225 230 239 240 233 229 230 230 228 223 223
247 230 233 232 233 236 235 235 235 235 234 235 234 233 231 233 239 241 240 236 231 234 240 241 241 240 240 242 242 241 240 238 239 239 240 239 239 241 243 243 241 239 238 238 240 241 239 238 243 246 245 242 238 236 239 239 237 236 238 237 236 237 240 241 238 230 231 236 242 245 246 244 241 238 235 239 243 244 244 242 242 244 241 241 241 242 239 237 237 237 235 236 239 242 241 240 241 242 239 237 238 243 242 235 233 231 229 232 236 236 236 237 238 241 240 241 240 240 238 236 237 238 240 240 238 236 236 237 235 235 235 236 234 234 236 237 236 234 234 234 233 231 231 230 228 221 209 200 190 178 171 171 163 166 184 205 217 208 196 197 200 206 214 228 231 228 231 233 233 232 233 234 230 227 226 229 230 227 222 223 228 229 229 227 223 225 230 233 234 234 235 236 236 235 236 237 236 235 235 235 234 236 238 237 236 234 235 234 233 235 234 236 239 237 238 241 246 244 239 237 239 244 245 239 236 235 233 235 241 243 238 236 239 240 237 235 233 230 231 234 234 229 226 228 229 228 230 233 235 233 228 231 233 227 223 225
247 228 231 233 233 235 234 235 237 237 236 236 235 233 230 232 239 241 241 238 232 235 241 241 238 239 241 244 243 240 239 238 239 241 240 241 240 237 239 244 242 240 240 238 240 242 242 240 243 246 244 241 236 236 239 240 238 237 240 239 238 239 240 240 237 234 234 235 241 245 247 245 241 237 236 240 242 242 244 242 240 241 241 241 241 242 240 237 238 238 234 235 240 244 241 239 241 242 239 236 236 237 238 238 235 231 230 232 234 234 234 236 237 238 239 240 241 240 238 236 237 237 239 241 240 238 237 237 235 234 234 236 235 235 236 237 235 233 233 233 233 232 232 230 230 227 218 204 196 190 183 177 173 178 190 204 213 207 196 197 200 207 216 225 229 229 230 230 231 232 234 234 232 227 226 230 230 226 221 220 224 225 226 225 228 233 234 232 230 232 236 236 236 235 237 238 236 235 234 234 233 234 237 238 237 237 237 234 233 237 236 237 239 236 235 240 241 241 239 240 241 245 246 243 240 238 236 237 243 247 242 237 238 238 235 235 236 234 232 235 236 233 230 230 232 230 227 221 228 232 231 232 230 226 225 225
246 227 231 233 233 235 233 233 235 236 237 237 236 233 230 232 238 239 240 239 236 235 239 239 238 240 241 243 239 234 235 236 237 240 239 241 240 239 240 244 242 240 240 240 241 242 240 238 239 241 239 237 236 237 238 240 241 239 239 241 239 239 239 240 240 243 242 237 240 242 244 244 242 239 237 238 237 239 244 242 239 240 242 241 241 242 242 239 239 238 234 234 237 240 237 238 241 241 239 237 235 235 240 242 237 232 231 231 232 234 235 238 237 236 236 240 239 240 238 236 237 237 238 241 240 237 238 237 236 236 237 237 238 238 237 237 235 233 232 231 232 234 234 232 233 231 224 212 204 198 190 185 187 191 195 201 206 203 198 197 198 202 209 220 229 231 228 227 229 233 235 234 232 227 226 229 230 228 227 227 227 226 221 221 232 236 237 233 230 232 236 236 236 235 237 238 237 235 234 234 232 231 234 239 240 239 238 235 233 237 239 237 240 238 236 238 238 239 242 243 244 246 245 243 242 241 240 241 244 244 241 235 236 234 232 235 238 237 235 236 239 237 233 232 231 231 227 221 228 231 231 231 227 223 225 225
247 229 233 234 233 234 233 233 233 233 233 234 235 233 231 233 236 236 238 241 238 238 239 239 240 241 239 239 236 233 233 232 234 240 240 240 240 241 241 242 240 239 240 241 240 236 233 236 237 239 240 238 237 238 240 242 244 241 239 240 240 237 237 237 239 244 244 239 238 240 242 245 245 241 238 236 235 238 244 243 242 243 243 241 242 242 241 241 240 238 236 236 237 235 232 236 242 242 242 240 237 237 242 244 238 233 233 232 233 236 237 237 238 237 237 239 240 241 239 237 238 238 239 239 240 238 238 236 237 239 239 238 237 237 237 238 236 234 234 232 233 233 232 234 235 234 230 221 209 203 197 202 210 205 200 201 201 199 199 200 195 194 200 212 225 231 229 225 230 232 232 234 232 228 227 228 227 228 231 235 230 223 217 218 228 235 237 236 234 235 235 236 236 236 237 236 236 234 234 233 232 232 235 238 239 238 236 233 232 237 238 236 239 240 237 237 238 241 243 243 244 244 243 243 241 242 243 242 242 241 239 236 233 230 233 235 237 238 235 232 231 233 234 232 230 231 230 226 229 227 227 231 227 224 225 227
247 230 233 235 233 234 233 233 233 231 230 233 234 233 231 233 234 234 238 239 238 240 242 239 236 236 236 233 232 236 238 232 231 239 241 240 240 241 242 242 240 239 239 239 240 237 233 236 238 240 243 242 240 239 241 243 242 240 237 239 240 238 237 237 238 241 242 240 238 239 240 244 244 242 237 236 237 239 243 243 244 244 243 241 242 241 240 240 240 238 237 237 235 232 230 236 241 242 244 240 236 238 240 240 238 234 234 235 235 237 238 237 238 238 239 240 241 241 239 238 238 238 238 239 241 239 234 235 237 240 239 239 238 237 237 239 237 235 235 234 234 233 231 233 236 235 234 227 211 205 207 220 228 217 202 200 202 199 198 201 194 193 199 208 217 227 229 227 229 231 233 235 233 228 228 228 227 225 227 235 230 225 221 220 226 234 235 236 236 235 234 235 235 235 236 235 233 231 231 233 233 234 236 237 238 239 237 230 229 237 238 235 237 240 240 237 238 239 238 240 241 240 241 242 240 238 239 239 240 240 239 235 234 232 235 236 237 238 237 229 223 228 234 233 229 231 231 226 225 224 226 229 227 223 224 225
247 231 233 236 234 234 233 233 233 231 231 233 235 233 232 235 237 237 239 239 239 241 243 239 232 230 232 229 230 235 239 231 231 237 241 240 241 241 241 242 241 239 239 239 240 240 238 238 239 240 242 243 241 240 242 243 242 239 236 238 240 239 238 239 238 239 241 242 239 239 240 243 243 242 237 235 238 240 243 244 244 244 243 241 242 241 240 240 240 238 237 237 235 230 232 238 241 241 243 239 235 238 240 240 238 234 234 235 236 238 239 237 238 238 240 241 242 241 240 239 238 238 237 239 241 237 232 234 237 240 239 238 238 237 237 238 238 236 235 235 234 234 233 234 236 236 235 231 216 212 217 228 229 217 201 203 208 201 199 204 200 198 203 208 213 222 227 229 227 230 237 239 235 229 229 230 231 228 225 230 228 227 228 226 230 234 234 235 237 234 233 234 234 234 235 235 232 230 230 232 233 235 237 238 237 237 234 229 228 237 239 237 236 237 240 239 238 237 237 237 236 234 236 240 240 238 236 234 236 238 239 235 234 234 237 238 235 238 238 233 229 231 234 232 230 232 230 223 224 227 228 229 226 223 223 223
247 231 235 238 237 237 234 234 233 232 235 236 235 233 232 235 239 242 241 240 242 242 240 238 231 229 233 233 235 238 237 231 231 238 241 242 242 241 241 242 242 242 242 240 239 241 241 240 238 237 238 240 240 240 242 243 239 238 237 238 240 239 242 243 241 241 241 240 237 237 240 240 240 239 235 235 238 240 241 243 243 241 242 241 242 241 239 239 240 239 238 237 234 231 235 239 238 238 240 238 238 237 238 238 235 231 229 230 235 239 241 239 238 241 242 241 242 240 240 240 239 238 237 238 238 234 234 237 239 241 239 237 237 237 237 236 237 235 233 234 235 236 236 236 237 236 235 230 224 223 225 230 225 217 209 216 218 209 205 211 210 204 207 212 218 224 231 233 230 231 238 239 236 232 232 233 234 232 229 230 228 227 229 232 234 234 232 233 235 235 236 237 235 234 234 235 232 230 230 232 234 236 236 237 234 235 233 229 230 238 240 235 234 233 234 236 236 237 237 236 237 235 233 236 238 241 237 232 234 238 238 235 235 235 238 239 235 236 238 235 234 233 229 229 233 234 228 224 227 230 228 227 225 223 222 220
247 231 234 236 236 235 233 231 232 233 234 236 235 232 230 231 235 240 239 237 237 238 239 238 233 231 235 235 239 241 238 235 237 240 242 241 241 242 241 242 242 242 241 242 241 239 238 239 236 235 235 238 242 241 243 243 239 239 239 239 239 239 242 242 241 242 239 238 236 236 237 237 236 236 235 237 238 239 239 241 242 240 241 242 244 242 239 237 239 238 237 237 235 233 234 236 235 236 240 239 238 240 237 235 234 230 228 231 236 238 239 238 239 241 243 242 241 239 239 239 239 239 239 237 236 232 234 236 238 239 239 238 238 237 236 236 235 233 231 235 236 236 236 235 234 234 235 233 230 229 230 232 227 223 225 224 219 208 208 216 216 207 208 220 230 231 236 236 233 233 235 236 234 234 234 235 235 233 234 234 233 226 223 228 232 233 233 234 236 237 236 238 237 235 236 234 234 232 232 231 234 236 236 236 234 236 236 233 234 239 242 236 235 233 233 234 237 241 241 239 241 239 234 234 237 241 238 232 234 240 239 235 236 235 236 237 237 238 239 234 232 228 225 229 233 231 228 228 229 227 226 225 226 225 221 220
247 231 235 236 235 234 230 230 230 230 230 233 233 232 230 231 233 235 236 234 232 233 237 237 234 232 232 234 236 240 239 237 239 241 241 241 241 242 242 240 240 241 242 242 241 239 238 237 236 235 236 240 244 241 242 241 239 240 240 239 236 239 239 237 235 237 237 238 238 238 240 238 235 233 234 239 240 238 237 241 243 240 242 242 244 242 238 237 238 236 235 235 236 236 234 231 232 237 241 239 237 241 240 234 233 232 233 233 234 236 237 238 239 240 240 239 241 240 238 237 239 239 239 238 235 231 232 235 235 236 238 238 237 237 237 237 236 234 233 235 236 236 235 233 233 234 235 234 233 233 233 235 230 230 229 220 211 203 203 214 217 208 208 224 237 235 231 234 235 233 233 233 234 234 235 234 234 234 235 236 235 230 224 224 228 231 231 234 235 236 235 234 235 236 237 235 234 233 232 232 235 236 236 236 233 235 235 235 233 238 243 238 233 235 235 235 238 242 242 238 238 237 234 233 236 237 236 231 232 237 238 238 236 236 235 235 237 240 241 234 228 228 228 231 230 229 225 224 228 227 225 227 228 225 221 221
248 233 235 235 235 233 230 230 230 230 230 232 233 232 230 231 233 234 233 233 232 232 234 235 233 232 233 232 233 235 236 237 237 238 240 242 243 241 238 238 239 241 241 241 241 240 239 238 237 237 239 241 242 241 240 240 239 239 242 242 240 240 238 236 234 237 238 239 239 241 243 239 236 233 233 237 239 237 235 240 245 244 241 242 242 241 239 239 240 236 234 231 231 233 228 227 231 234 235 236 237 241 241 237 236 236 236 235 234 236 237 238 240 241 241 240 241 241 239 237 239 239 239 238 236 233 235 237 234 235 236 237 237 237 237 237 238 235 235 236 236 236 235 234 234 235 237 236 236 238 238 236 232 233 231 221 211 201 200 214 223 216 212 222 233 228 219 227 235 236 235 233 232 233 236 237 238 236 237 237 237 237 235 232 229 229 230 234 236 236 237 235 234 236 238 236 235 233 233 233 236 238 236 235 233 234 235 235 234 238 243 240 233 234 234 233 235 241 243 241 240 238 234 233 237 237 233 230 234 235 237 237 235 235 235 237 238 237 237 231 227 229 231 232 230 228 226 222 223 227 225 226 228 224 221 221
249 234 232 231 232 235 234 234 233 233 233 234 234 233 232 232 235 237 236 235 235 233 233 236 235 234 234 234 232 232 233 234 235 236 237 240 242 237 235 237 239 241 240 241 241 241 240 240 239 239 240 242 239 240 242 242 241 241 241 243 240 239 239 237 236 239 241 239 239 241 243 240 236 233 234 237 239 238 236 238 241 240 239 241 241 241 241 241 240 236 234 233 231 228 227 228 231 231 232 235 236 238 241 239 235 236 239 238 235 237 238 239 240 241 241 242 241 241 240 239 239 239 239 237 236 236 237 239 236 236 236 235 237 237 237 237 238 236 234 236 237 238 237 235 235 235 235 235 237 239 239 236 235 235 232 226 216 203 206 222 231 226 218 220 228 225 218 225 235 239 236 234 232 233 236 239 240 238 237 237 236 239 241 238 235 232 231 233 236 237 238 237 234 236 238 236 235 233 233 234 236 237 235 234 233 234 235 235 235 238 242 241 234 232 231 231 232 238 245 249 245 241 234 231 236 235 231 230 234 234 235 234 232 231 232 237 241 236 235 232 228 229 231 231 229 229 228 225 223 226 223 224 225 224 220 220
247 231 233 232 233 236 234 234 233 233 234 234 233 235 235 234 234 236 236 236 235 233 232 234 236 234 235 238 234 233 233 234 237 237 238 241 240 237 236 238 240 240 240 240 241 240 238 239 239 239 239 239 238 241 244 244 242 240 238 239 238 240 241 239 238 239 240 238 238 240 240 240 239 237 238 240 241 240 239 239 240 237 238 240 241 242 241 239 238 236 237 236 230 226 233 236 235 234 235 236 237 241 243 239 235 237 238 237 237 236 236 237 238 240 240 241 241 239 239 239 239 240 241 238 234 235 237 239 240 240 237 236 237 238 238 238 237 236 235 236 237 238 236 234 235 237 237 235 236 239 238 236 235 236 233 228 218 206 217 231 232 227 221 221 227 230 226 228 233 238 238 237 236 236 237 237 237 237 237 236 235 238 239 236 235 234 233 231 234 235 236 235 234 236 238 236 235 234 234 235 235 234 233 235 235 235 236 236 235 236 239 239 235 235 232 231 231 236 244 249 246 242 236 231 234 235 232 231 233 233 235 235 233 231 228 233 241 243 238 234 228 227 228 228 227 227 226 227 225 224 222 224 225 225 221 220
247 229 235 235 235 236 233 232 234 233 234 234 234 237 239 236 234 234 238 238 237 236 236 234 236 237 235 235 233 235 238 239 243 242 243 245 244 244 241 239 239 239 239 239 240 238 236 238 238 239 239 237 240 243 245 243 240 240 240 238 234 238 241 241 240 238 239 238 239 240 239 240 242 241 241 241 241 242 240 239 240 240 239 237 237 240 241 240 237 238 241 239 231 230 237 240 236 235 236 236 234 238 238 235 235 234 237 237 237 236 235 235 238 241 242 241 241 239 238 239 240 240 241 238 234 235 235 237 239 241 240 237 236 237 239 239 237 236 236 237 236 233 229 230 234 239 238 234 235 239 239 237 236 237 233 231 223 217 229 235 230 229 226 224 230 235 235 235 235 237 238 238 237 236 237 236 235 237 237 236 234 235 236 233 233 235 234 230 232 235 236 236 235 237 238 237 236 235 236 236 235 233 232 236 237 236 235 235 235 236 237 234 233 235 234 233 233 236 240 241 239 239 237 232 235 236 233 231 233 231 234 236 234 231 228 228 237 244 239 236 229 229 230 229 226 227 225 227 229 224 219 224 225 227 227 227
245 224 231 235 235 235 233 231 235 236 239 239 234 237 244 241 241 239 241 238 236 238 239 236 237 237 234 232 232 236 239 239 241 240 240 242 243 246 243 239 239 239 239 239 239 238 237 239 238 239 240 238 238 241 242 242 240 241 241 240 237 238 239 241 240 239 240 241 239 239 239 241 241 241 242 241 241 242 239 238 238 240 240 237 238 240 243 243 239 241 241 239 234 233 236 236 235 236 237 234 230 233 234 234 235 235 235 236 237 236 236 237 239 241 241 241 239 239 239 238 240 240 240 240 236 235 236 237 239 240 240 238 236 238 239 238 237 237 237 236 234 230 225 228 234 238 238 233 232 238 237 237 237 238 237 236 232 230 236 237 232 232 231 230 236 238 238 237 236 237 237 236 236 236 235 235 235 237 237 236 235 236 236 232 232 235 234 232 233 236 238 237 235 234 236 238 237 237 236 237 237 233 231 233 238 237 234 233 233 235 236 234 233 235 233 233 232 236 239 238 237 237 234 235 235 235 234 233 233 233 233 232 233 231 227 228 236 239 235 236 232 230 231 230 228 227 228 228 232 229 223 225 225 225 230 233
245 221 226 233 234 235 233 231 235 237 240 240 234 235 246 250 249 242 239 236 235 236 236 236 237 236 233 231 233 237 240 239 237 237 237 237 239 244 244 241 239 239 240 241 240 239 238 239 239 239 240 239 241 239 239 240 240 242 242 241 240 239 239 241 241 242 241 242 240 239 239 240 242 245 243 242 241 241 239 238 237 238 239 240 241 242 243 243 240 240 238 239 238 237 236 236 239 239 235 231 230 234 234 236 235 235 236 236 237 237 237 237 237 238 240 240 239 240 240 238 238 239 240 240 237 235 236 237 237 237 239 238 237 239 239 238 237 236 236 235 234 231 230 231 234 237 238 235 234 237 235 234 236 238 240 239 237 234 237 238 235 236 234 234 237 238 238 237 236 236 236 236 235 234 235 235 236 236 234 234 235 238 236 233 234 234 234 233 233 236 239 237 233 231 234 235 233 235 236 238 238 234 232 236 239 238 235 232 232 232 235 236 234 237 236 234 232 236 239 240 240 236 234 234 235 234 237 236 233 233 232 229 231 233 233 234 235 235 234 237 235 230 228 229 231 230 230 227 229 228 227 228 227 223 227 231
245 222 226 232 234 234 233 232 233 235 237 236 233 234 241 246 246 240 239 236 237 237 235 235 237 239 237 233 235 237 238 237 236 238 238 237 238 242 245 244 240 241 244 243 242 241 240 240 241 240 240 241 241 240 240 241 241 241 241 244 244 241 242 244 244 242 240 241 241 238 237 240 244 246 242 241 243 242 238 237 237 239 238 240 242 242 242 244 243 240 238 242 243 241 239 238 239 238 235 232 234 237 237 236 235 234 235 237 239 239 239 239 238 238 240 239 238 238 238 237 238 239 239 239 237 237 237 238 237 237 238 237 235 237 237 236 235 234 234 232 232 232 235 235 235 237 237 238 239 240 236 234 237 239 241 240 237 235 236 237 236 237 236 234 235 236 237 238 238 236 236 236 233 234 235 236 238 237 235 235 236 238 237 236 237 236 234 234 235 238 239 238 233 232 234 233 229 231 235 237 236 235 234 237 237 237 234 234 233 230 235 236 236 236 235 236 233 234 237 241 241 238 234 234 235 235 236 236 235 234 231 229 232 239 242 239 233 230 231 236 235 228 224 225 230 232 233 230 229 224 222 226 227 225 225 224
246 228 230 234 234 234 233 233 235 236 236 235 234 235 236 236 237 238 239 239 240 239 234 233 235 241 241 238 238 237 238 238 237 241 241 238 237 238 241 241 238 240 243 244 243 241 240 241 240 239 239 241 241 241 243 242 240 240 240 243 243 241 242 243 243 241 238 239 240 239 238 240 243 244 240 239 242 240 236 237 238 241 240 240 242 242 241 242 243 240 239 242 242 241 239 238 239 240 241 240 241 240 239 238 236 236 236 237 239 240 240 239 238 239 240 239 236 236 237 237 238 239 238 237 238 237 237 238 237 236 236 233 234 237 236 235 234 234 234 232 232 234 237 237 236 236 235 238 240 241 238 235 237 239 240 238 239 238 237 238 239 238 238 236 235 236 237 238 238 237 237 237 235 235 234 236 238 236 235 235 237 239 238 234 234 236 236 234 234 234 236 237 235 234 237 235 228 227 236 237 236 235 236 237 237 235 232 233 233 230 232 234 235 236 235 236 234 234 236 240 242 239 235 234 235 234 235 234 234 235 231 229 234 243 241 234 228 227 230 235 232 225 223 225 227 227 230 230 230 227 221 221 225 226 221 221
247 230 231 233 234 234 235 235 235 236 238 236 236 237 236 236 235 238 240 243 242 238 232 231 232 238 241 239 236 237 239 238 237 237 237 236 236 236 239 239 238 239 240 242 241 239 239 239 238 237 237 239 242 242 243 242 239 238 239 240 239 238 238 240 241 239 239 238 239 240 241 242 242 241 238 238 240 237 235 239 240 242 238 237 238 240 238 239 240 238 238 241 241 239 239 239 239 242 243 244 243 241 240 239 237 236 235 236 238 239 240 239 238 240 240 239 239 238 237 238 238 239 238 236 237 238 237 239 238 235 234 232 234 238 236 234 235 236 236 235 234 236 238 237 234 234 236 238 240 240 237 234 237 239 240 239 240 239 238 240 240 239 239 238 237 237 237 238 238 238 239 239 238 237 237 236 237 236 235 235 237 239 236 228 228 231 233 233 231 230 232 237 237 237 237 236 230 226 237 240 237 236 236 237 237 234 229 229 231 229 230 232 234 236 237 236 238 240 238 238 243 242 236 234 235 234 234 234 231 232 231 231 235 241 235 231 229 229 230 235 235 228 225 226 226 224 225 227 231 231 226 223 224 226 226 224
247 228 231 234 234 234 235 235 234 235 237 235 235 235 236 235 233 236 240 242 239 235 231 232 234 239 241 237 235 235 235 235 236 237 237 236 236 237 238 241 240 240 240 239 240 239 239 239 237 237 237 238 240 242 243 242 239 239 239 241 240 238 238 240 240 238 238 237 238 241 245 244 242 240 239 238 238 235 236 239 240 240 235 234 235 237 237 238 242 240 240 242 241 240 239 239 240 243 244 243 242 242 240 239 238 236 234 234 236 236 237 239 238 240 240 241 240 239 238 236 237 240 239 237 237 238 239 238 237 235 234 232 236 238 237 235 236 237 237 236 236 237 237 234 233 235 239 239 240 239 237 234 237 239 241 240 239 239 238 238 239 238 236 236 236 238 238 238 235 236 237 239 239 237 237 237 236 233 235 236 234 236 235 227 226 230 231 230 230 229 233 237 238 237 236 236 231 227 237 243 240 237 236 236 236 233 229 226 225 225 230 232 233 237 239 236 237 239 240 241 243 243 236 231 235 233 233 233 232 232 231 230 232 235 232 230 229 231 230 235 235 228 226 226 226 226 223 224 227 228 224 224 227 228 228 227
247 232 243 246 238 236 235 234 235 236 239 236 234 234 235 235 233 234 237 237 235 236 236 236 235 238 236 232 232 232 234 235 238 240 240 241 241 240 240 241 240 240 239 238 238 240 240 238 238 238 238 239 242 243 244 242 240 241 241 240 239 239 238 240 241 240 240 239 239 241 242 243 241 241 241 240 239 237 239 240 238 237 234 233 234 236 237 239 241 240 241 241 242 242 242 241 241 241 243 240 239 239 238 237 239 238 236 236 237 238 238 238 240 242 242 240 239 238 236 236 238 239 238 238 238 238 239 238 237 237 236 235 238 240 238 234 234 234 234 235 239 237 236 235 236 237 239 238 238 237 236 233 236 237 240 239 236 237 237 238 240 239 236 236 237 237 238 237 235 236 236 237 239 238 237 235 234 232 234 234 233 232 232 230 229 231 229 229 231 233 236 235 234 235 236 237 235 232 236 240 239 236 236 236 234 235 232 228 224 220 222 226 232 236 237 235 235 236 240 241 241 241 236 232 234 234 234 233 233 233 232 229 229 232 233 231 231 232 231 233 231 228 228 229 227 225 223 223 222 221 220 223 228 230 229 226
247 232 243 249 241 236 234 233 235 237 240 238 235 235 234 234 232 231 234 236 234 236 238 239 237 236 232 230 233 234 235 238 239 240 241 242 243 240 240 241 241 242 242 240 239 239 239 238 238 238 238 239 243 245 243 242 241 242 241 240 239 238 238 240 240 240 241 242 242 241 240 241 241 241 241 240 240 239 239 239 237 235 234 234 235 236 238 240 241 240 240 241 241 242 243 242 239 239 241 240 241 242 241 238 238 239 238 237 239 239 238 238 240 242 241 239 238 237 234 236 238 238 237 237 239 239 240 238 237 236 236 237 239 240 237 234 234 234 233 234 238 236 234 237 239 238 239 238 237 237 236 233 234 235 237 238 234 235 235 237 240 239 237 237 237 237 238 237 237 237 236 235 236 238 238 235 234 232 234 234 233 232 231 233 232 234 231 230 233 235 236 234 234 236 236 237 238 236 236 236 238 236 237 236 234 235 232 230 228 225 219 223 231 235 237 236 237 238 240 237 237 240 239 235 235 236 234 232 231 232 234 232 232 233 233 232 232 232 230 230 229 230 233 231 227 225 223 224 222 221 221 222 225 229 228 224
248 232 236 242 239 236 235 233 234 235 237 236 237 236 235 234 232 231 233 236 237 236 237 241 239 234 231 231 234 236 236 238 239 240 241 243 242 242 242 241 240 239 239 238 238 238 239 240 239 238 239 237 240 244 243 242 241 243 243 243 242 238 240 241 240 240 241 241 242 242 241 241 241 240 240 239 239 240 239 237 236 234 236 237 235 234 235 237 239 239 240 241 241 241 241 239 237 237 238 238 239 242 240 238 237 238 238 237 238 239 238 239 239 239 239 238 238 236 235 237 238 239 236 236 239 240 238 238 237 237 236 238 240 239 237 235 237 236 236 235 237 236 234 236 238 238 238 237 236 238 238 234 233 229 229 232 234 235 235 237 240 239 237 237 237 238 238 237 238 237 237 237 235 234 236 235 234 233 235 235 235 232 231 231 231 231 230 231 234 236 236 235 235 237 238 236 237 236 231 228 234 237 237 236 235 233 231 230 234 228 221 224 230 233 237 240 241 238 237 237 236 238 243 240 238 237 235 230 229 231 232 234 234 232 233 234 233 232 230 230 230 231 235 232 228 229 225 224 223 222 222 220 222 226 224 222
248 229 232 235 235 234 235 233 234 232 234 234 236 237 239 238 234 231 233 235 237 235 236 242 240 235 232 232 235 238 240 240 237 237 239 239 239 242 243 242 240 238 238 238 239 241 243 241 240 240 240 237 239 242 241 242 242 244 245 246 243 241 241 242 241 241 240 237 239 241 243 242 243 240 239 239 239 240 239 236 234 232 234 237 234 231 234 237 238 239 240 240 240 240 241 239 239 240 241 240 242 245 243 238 236 237 238 238 237 238 238 239 238 237 238 237 239 237 237 238 237 236 236 236 239 238 236 237 239 240 239 237 237 236 237 236 234 237 239 239 236 235 236 237 236 238 239 236 235 237 237 236 234 229 228 233 237 236 235 237 241 239 237 238 239 237 236 235 236 236 235 237 236 233 235 236 234 235 236 235 232 232 230 229 228 229 229 231 233 234 237 236 235 236 240 239 236 234 230 230 236 238 238 236 235 235 232 234 236 229 224 227 233 232 234 240 242 241 236 235 237 240 245 242 241 241 239 233 231 234 233 234 234 232 234 235 234 231 231 229 229 229 232 232 228 228 228 227 226 223 223 225 224 221 215 218
247 228 233 235 234 234 236 234 232 231 233 236 236 236 237 237 235 233 235 238 238 237 236 240 236 230 229 232 234 237 241 240 237 236 236 237 238 241 242 240 238 239 239 238 241 243 242 240 239 239 240 238 240 240 241 240 239 239 242 244 242 241 242 244 244 242 241 238 239 242 243 244 243 243 240 241 241 241 237 234 231 230 233 237 235 230 231 238 239 238 239 241 241 243 244 241 239 241 242 244 248 249 244 239 237 238 239 239 238 239 239 239 238 237 238 238 238 239 240 239 238 236 236 237 239 239 237 237 239 240 240 238 235 234 235 236 234 236 238 238 236 235 235 236 236 237 238 236 236 237 237 238 236 232 233 237 238 239 237 238 240 241 238 237 239 238 237 235 236 236 235 237 235 233 234 235 234 235 235 232 232 233 231 230 228 229 231 232 231 234 236 236 236 237 239 238 234 235 237 237 238 237 236 237 238 238 237 236 237 231 225 229 236 233 234 239 241 241 237 235 235 240 245 244 242 242 239 234 235 236 235 234 232 232 237 235 233 232 233 230 229 228 229 230 229 229 229 229 227 224 225 228 224 216 211 217
247 229 234 236 234 234 236 236 233 232 233 235 236 235 233 234 234 234 237 242 242 238 236 234 231 229 230 234 235 237 240 239 238 236 236 238 240 241 240 240 238 237 238 238 240 241 240 237 237 238 240 239 240 240 241 240 237 236 238 240 241 241 243 248 251 248 243 240 240 242 243 243 243 243 242 240 239 239 237 235 228 227 233 236 238 232 230 235 237 237 238 240 243 247 246 242 240 241 241 243 247 246 245 241 237 239 240 240 239 239 239 238 237 238 239 238 237 238 240 240 238 237 237 238 239 239 238 238 238 238 238 238 236 236 237 236 234 234 235 236 235 235 235 236 237 238 237 236 235 236 237 235 233 234 236 239 238 239 239 239 239 240 240 237 237 238 237 236 237 236 236 236 233 232 233 234 232 233 233 231 233 235 232 230 229 229 232 232 232 235 235 235 236 237 237 237 235 237 240 235 235 237 237 236 237 238 238 238 238 232 225 228 235 233 233 237 240 241 238 235 235 239 244 243 241 241 237 234 234 235 235 233 234 233 235 234 232 232 232 231 229 228 229 230 230 232 228 228 228 227 228 225 222 218 217 219
247 228 233 236 235 235 236 236 233 231 233 235 236 237 235 234 234 236 237 241 241 238 237 235 234 235 236 237 238 241 243 240 238 239 241 244 246 244 240 240 239 237 237 238 238 238 237 234 235 238 240 240 240 240 242 241 238 239 242 240 241 243 247 248 248 244 239 241 241 242 243 242 241 242 243 241 237 236 238 238 231 229 233 238 241 236 230 232 237 237 233 238 242 244 242 240 240 240 236 236 242 247 248 243 239 240 240 240 239 238 238 237 236 237 239 238 236 237 240 241 239 238 237 238 238 239 237 235 234 235 237 239 238 239 239 236 234 234 234 236 237 235 235 237 238 239 239 237 235 234 234 234 231 235 239 240 239 239 238 239 239 240 241 238 236 237 238 238 236 236 236 235 231 231 234 234 229 228 231 233 234 232 231 231 231 231 233 234 234 235 235 234 235 236 235 234 235 238 237 229 231 236 238 236 237 237 239 241 240 234 227 228 233 231 231 236 240 242 240 236 235 239 244 243 240 239 236 234 232 232 234 233 234 234 232 233 232 232 231 231 229 227 228 231 231 232 230 228 228 227 226 223 222 224 224 224
247 229 233 236 235 234 234 235 233 232 233 234 235 239 238 235 236 238 236 238 239 237 238 239 239 240 239 237 242 247 245 239 237 241 243 246 246 244 241 242 241 239 239 239 238 236 236 236 236 239 241 241 240 241 244 243 240 244 246 243 241 246 248 243 238 237 238 240 241 242 243 242 240 241 243 241 238 237 239 241 238 237 236 239 242 238 233 234 239 237 233 237 242 244 243 240 242 240 235 237 246 251 247 241 239 239 241 241 239 238 238 237 235 236 238 238 238 238 240 240 239 237 237 237 238 239 239 235 233 235 238 239 239 240 240 238 237 236 237 237 237 234 233 238 240 240 239 238 236 235 236 236 234 234 236 236 237 237 235 237 238 239 240 237 235 236 237 236 235 235 236 234 232 234 235 235 232 227 230 234 234 231 230 234 234 234 235 235 235 235 233 233 233 235 234 232 234 239 239 234 233 236 238 237 235 234 235 237 239 235 231 228 232 231 230 235 239 241 242 239 237 239 244 243 240 238 238 237 234 234 235 234 234 235 234 234 233 233 231 231 230 226 227 231 232 231 230 228 227 228 227 223 224 225 225 224
247 231 234 235 234 233 233 234 232 232 234 233 234 235 234 231 235 238 238 240 240 237 237 239 239 241 242 239 247 251 245 239 238 240 240 242 241 240 240 241 242 241 242 243 240 237 237 238 239 240 241 240 239 240 243 243 240 244 246 244 242 245 247 241 235 235 239 241 242 241 243 242 241 241 242 243 241 241 240 241 240 240 238 238 239 237 236 237 238 239 237 240 241 242 241 240 243 242 238 240 248 252 243 237 238 240 240 240 239 238 238 238 236 237 238 239 239 239 240 239 239 238 238 238 239 240 242 237 231 231 235 238 236 239 239 237 238 239 238 236 234 234 232 236 239 241 241 238 234 233 235 237 237 236 233 233 235 237 235 235 236 238 237 237 235 236 236 235 232 234 236 235 235 234 234 234 233 230 233 233 231 226 227 232 234 235 234 234 234 234 233 233 234 235 235 232 235 239 238 237 235 234 237 238 236 233 233 235 238 236 234 231 233 231 231 234 237 238 242 242 238 240 244 244 242 239 239 239 238 238 239 236 234 234 234 236 236 233 232 234 234 227 224 228 230 231 229 227 227 229 228 226 224 225 223 221
247 232 235 235 232 232 234 233 232 233 234 232 233 232 231 230 233 237 239 241 244 240 238 238 239 242 243 242 244 246 244 239 239 239 239 240 239 237 239 242 241 240 240 241 240 238 237 238 239 241 241 241 240 240 243 242 239 243 243 243 243 246 248 241 236 238 241 241 241 242 243 244 242 242 242 243 243 244 240 241 241 240 238 237 240 240 238 237 237 239 240 241 240 241 239 240 243 242 240 240 243 245 242 237 238 239 238 240 239 238 238 239 237 238 238 239 238 240 241 240 240 239 239 238 238 240 241 239 232 228 231 234 235 237 237 235 237 241 240 235 234 234 233 233 237 240 240 237 232 230 233 237 237 237 236 234 237 238 236 236 236 237 236 237 237 236 236 235 232 233 235 237 236 233 233 233 233 234 233 232 230 223 224 231 234 233 232 233 233 234 233 236 236 235 237 235 236 238 237 237 234 234 237 238 237 236 234 235 235 234 235 235 235 232 231 233 237 240 241 240 240 238 240 242 243 241 238 237 238 239 239 235 234 233 234 235 234 230 231 238 237 229 229 230 230 229 227 226 226 229 229 227 225 226 222 220
248 233 236 236 233 233 234 233 232 233 235 234 234 234 236 237 238 238 236 238 240 239 237 237 238 238 240 239 238 238 239 239 242 241 239 239 239 238 239 241 241 240 239 237 235 234 235 237 239 241 241 241 240 240 242 241 238 240 240 240 240 244 245 241 238 241 243 241 239 241 244 243 241 241 241 243 245 246 243 240 239 239 237 235 238 240 240 237 238 240 241 242 240 241 239 241 241 241 240 239 236 237 238 238 238 238 238 240 239 238 238 237 235 236 238 239 238 240 241 241 240 239 239 238 238 238 238 239 237 233 235 236 237 237 236 233 235 240 241 236 234 233 232 232 234 235 236 236 233 232 234 238 237 237 235 233 233 237 236 237 236 237 237 237 236 237 237 236 234 233 233 233 233 234 233 233 233 234 233 232 231 226 227 232 234 232 230 230 232 231 231 234 235 235 235 236 237 238 238 237 235 234 237 239 238 238 236 236 235 234 234 235 235 233 233 233 236 238 239 238 238 239 238 238 244 245 241 237 238 240 239 237 235 233 233 233 233 229 230 234 234 231 231 231 231 230 229 229 231 229 227 225 225 226 223 221
247 233 236 237 235 235 236 235 233 232 233 232 233 235 237 241 245 245 241 238 238 239 238 237 237 237 238 241 238 237 237 240 246 244 241 240 239 238 240 241 240 238 236 234 233 233 235 239 239 240 239 239 240 241 241 240 238 238 239 239 239 241 243 240 238 239 241 240 237 238 242 242 241 241 241 242 243 244 243 242 236 238 236 234 234 237 240 240 240 241 240 240 240 240 239 240 240 239 238 240 239 238 239 242 241 236 236 238 238 237 237 235 234 235 238 241 240 241 240 239 238 238 238 238 237 237 237 239 239 237 236 235 236 236 235 232 234 238 240 237 236 235 234 232 233 234 235 237 236 236 237 239 238 237 235 232 232 235 238 237 237 236 237 236 235 235 235 234 236 234 232 231 231 233 232 231 232 233 233 233 234 231 230 233 232 230 228 228 231 231 231 231 232 233 234 235 236 238 238 238 238 237 239 238 238 238 234 234 234 236 233 234 236 234 233 234 236 237 238 238 238 238 236 237 243 245 243 241 240 241 240 240 238 233 230 230 232 232 232 233 232 231 226 226 231 234 233 235 237 231 227 226 227 228 225 226
247 230 234 237 236 234 236 234 233 233 233 231 231 232 235 239 244 246 245 241 236 238 240 240 238 237 239 240 239 238 237 239 245 244 240 239 239 241 241 240 240 238 235 234 233 234 238 240 241 241 240 239 241 241 241 240 239 239 241 240 238 238 240 239 238 238 239 238 236 236 238 240 240 240 240 242 243 243 243 241 236 239 238 235 234 238 243 242 239 238 239 239 241 241 241 242 240 238 238 240 241 241 244 245 243 237 237 237 238 238 237 235 234 235 238 240 241 241 240 238 236 235 235 237 238 237 237 237 238 238 237 235 237 236 235 235 234 237 239 238 237 236 235 233 234 235 237 237 237 237 237 237 237 237 236 234 233 235 238 237 237 236 236 233 232 234 234 234 235 235 234 232 232 233 231 228 229 230 230 232 234 232 232 232 232 230 229 227 227 230 230 230 233 233 234 236 236 236 236 237 238 239 239 238 236 235 234 234 234 235 235 234 235 235 235 237 239 240 239 240 240 238 234 234 237 239 242 241 239 239 240 240 239 235 230 230 233 235 234 232 231 229 225 224 230 236 236 236 237 230 226 226 228 229 225 229
247 228 233 236 235 234 234 234 233 234 235 232 230 231 233 235 236 238 243 242 236 236 240 242 240 238 238 239 240 240 239 240 242 243 240 238 238 241 239 239 239 238 235 235 234 236 239 239 240 241 242 241 241 241 240 241 240 240 242 242 238 237 238 239 239 240 240 241 239 237 238 240 240 240 240 241 242 242 241 240 238 243 243 239 235 239 243 241 238 237 237 239 242 242 243 242 243 241 239 239 240 241 243 245 242 238 237 237 237 238 237 234 234 236 239 239 241 241 240 238 234 233 233 236 237 237 237 236 238 238 238 236 236 235 235 234 235 237 238 237 236 237 236 235 235 236 236 236 235 237 236 235 236 236 236 235 233 234 238 238 236 236 235 231 231 233 234 236 235 236 235 233 233 232 228 226 226 228 230 232 233 231 231 232 231 230 231 229 226 227 230 230 233 235 235 235 236 236 235 237 239 240 239 237 235 234 234 234 233 233 236 234 235 236 236 238 240 241 240 240 243 241 235 233 234 236 239 238 238 239 238 237 237 236 232 231 234 237 235 231 231 230 231 231 231 236 238 237 235 229 226 222 225 229 225 224
247 227 232 236 234 234 235 234 233 234 236 234 232 232 233 234 234 235 237 236 237 237 239 240 240 239 237 238 240 239 240 239 239 242 241 239 237 237 239 239 239 240 238 237 235 236 239 239 240 242 244 242 240 239 238 239 240 239 240 240 237 236 238 241 242 243 243 243 242 239 239 241 240 241 241 241 241 241 239 238 238 242 245 240 237 240 241 239 238 238 237 238 241 243 243 241 240 239 238 238 238 239 239 240 238 236 238 239 237 237 236 235 237 239 240 239 240 240 240 238 235 236 235 235 237 237 237 236 238 240 239 236 236 235 235 234 235 237 235 235 235 236 236 236 235 236 235 235 235 236 236 237 236 237 237 237 236 237 236 236 235 236 237 235 235 236 236 236 238 236 235 234 234 233 230 227 226 229 232 231 230 228 228 232 231 231 234 233 229 226 228 230 233 235 236 234 236 236 235 236 240 241 239 237 234 235 236 236 234 231 231 232 236 240 239 238 240 242 240 240 242 241 238 233 232 233 238 239 241 241 239 236 238 238 234 233 233 233 233 231 233 232 234 239 238 237 240 242 237 234 232 226 224 228 229 225
247 229 233 237 238 238 237 235 234 234 236 234 232 233 235 236 236 236 236 234 237 237 239 239 240 239 238 239 241 240 240 237 238 241 243 240 237 236 237 239 238 239 240 239 236 236 239 239 241 245 245 243 242 238 235 236 239 238 238 239 238 238 240 241 242 241 241 243 243 241 239 240 241 242 242 242 242 242 239 237 237 240 244 242 239 241 242 241 240 240 239 238 240 241 239 239 239 237 237 237 238 238 238 239 237 237 238 238 236 236 235 236 238 240 240 238 239 238 238 240 239 238 236 237 238 238 238 238 238 239 239 238 236 236 235 233 233 236 235 235 234 234 234 236 237 236 235 235 235 236 236 239 238 239 240 239 238 238 235 234 235 237 238 236 236 235 234 237 240 239 239 236 236 235 233 230 229 230 230 228 228 228 227 228 228 231 234 233 228 226 227 229 231 233 236 236 235 234 231 233 239 241 239 237 234 235 236 236 234 231 229 227 233 239 237 237 242 245 242 241 241 240 237 235 234 236 240 241 245 247 243 236 236 238 236 233 232 232 233 231 232 230 232 238 238 238 240 237 237 235 234 230 228 227 226 229
247 231 236 238 238 238 236 235 234 234 235 234 232 233 235 239 241 239 238 237 239 239 239 240 241 241 238 237 239 240 239 239 240 243 242 239 238 240 238 237 238 240 241 240 238 238 240 239 241 246 244 242 241 240 238 239 239 237 237 238 238 238 240 241 240 239 240 241 242 243 241 240 241 241 241 241 241 242 243 241 238 239 243 244 240 241 242 241 240 241 240 241 242 242 239 238 239 239 239 238 238 238 240 241 239 237 237 238 237 236 235 235 237 238 239 238 239 238 238 240 241 240 239 239 239 238 238 236 235 236 238 237 235 235 235 234 233 236 237 237 235 231 231 233 236 236 236 234 234 236 236 239 237 237 238 238 238 237 235 233 233 236 236 234 234 234 234 236 239 238 238 237 237 235 233 231 230 230 230 228 227 226 226 226 226 229 231 230 225 223 227 230 232 234 236 236 233 231 230 232 238 240 240 239 236 236 234 235 237 233 229 223 225 232 235 238 241 242 241 241 242 239 238 238 235 235 238 239 242 243 241 238 237 237 236 233 232 232 233 233 232 229 230 234 234 235 234 231 232 231 230 232 231 227 225 232
248 234 240 242 238 234 234 235 234 234 235 235 233 232 234 239 241 240 240 240 241 239 240 240 241 240 238 236 236 239 240 241 245 245 243 241 241 245 243 243 242 242 241 240 239 239 240 239 238 242 239 240 240 241 242 240 239 237 237 238 239 238 240 241 240 239 239 241 242 243 242 241 241 241 240 239 240 242 246 245 240 239 243 243 240 241 242 241 241 241 241 242 244 246 242 238 239 238 237 237 237 238 239 240 238 235 237 238 237 237 235 234 234 237 238 239 239 238 238 240 240 242 241 240 239 238 239 237 235 234 236 237 235 235 234 234 234 237 238 238 236 231 228 232 236 236 236 231 231 236 238 238 236 236 236 237 238 237 236 233 233 236 235 233 234 235 234 234 236 236 237 237 237 235 233 231 230 231 231 228 227 226 226 227 229 228 227 227 224 225 229 231 233 235 238 237 232 230 231 232 238 239 239 239 235 234 234 235 236 236 231 226 225 230 234 238 239 238 238 240 239 235 235 237 235 234 235 235 239 239 237 237 237 237 236 234 233 232 233 235 234 231 232 236 235 234 230 228 228 228 227 232 236 231 229 231
248 235 241 241 236 233 235 236 234 233 235 236 234 232 233 235 237 238 238 239 241 239 239 239 240 239 237 237 236 238 238 239 243 244 244 243 244 246 247 248 246 242 239 240 240 240 239 238 236 237 236 239 240 241 239 238 236 236 238 240 241 238 238 240 241 239 239 240 241 241 241 241 242 242 241 239 240 241 244 244 242 241 242 240 239 239 240 241 241 243 242 242 243 245 242 237 237 238 237 237 239 241 239 237 237 237 238 238 237 237 235 231 231 235 239 240 238 238 239 239 238 240 239 240 239 238 238 240 237 234 235 236 237 235 234 234 234 237 237 237 236 233 229 232 236 237 234 228 228 235 238 238 237 237 238 238 238 238 238 236 235 235 233 231 231 233 232 232 233 235 236 237 237 236 235 233 232 234 232 227 226 227 227 229 229 226 225 225 227 229 230 231 232 234 238 237 232 232 232 235 237 236 237 237 235 234 234 232 235 235 234 233 230 230 230 235 238 238 237 237 237 232 232 236 236 233 233 234 238 238 238 236 236 236 238 236 234 231 232 234 236 233 232 235 234 231 227 227 226 228 227 228 235 235 233 229
247 231 235 235 233 235 238 238 235 233 234 235 233 234 235 235 238 240 240 241 242 238 237 238 239 239 239 239 240 240 239 239 241 242 240 239 240 241 243 244 242 240 239 240 242 242 237 236 237 238 239 241 242 240 238 236 235 238 240 239 238 237 237 238 240 239 238 240 242 240 241 242 243 243 243 241 239 239 241 244 243 242 240 238 238 239 241 241 243 242 242 241 242 242 241 236 234 236 236 237 241 243 238 240 237 237 240 239 238 238 235 230 230 234 239 241 239 239 238 238 237 237 238 239 240 239 239 239 238 236 235 236 237 236 235 234 234 236 236 236 236 235 233 233 237 237 236 232 231 234 239 237 238 237 239 239 239 237 236 237 237 236 234 232 230 232 231 231 234 234 234 236 237 236 232 230 231 233 230 229 227 230 230 228 227 225 224 226 231 232 229 228 230 234 240 237 234 234 234 235 238 238 235 235 236 235 232 230 234 234 234 235 231 232 229 233 239 240 237 236 236 237 237 235 234 233 232 234 239 240 239 238 236 234 236 236 234 230 230 233 236 233 230 233 233 228 226 227 230 230 228 229 235 236 235 231
247 226 230 232 232 235 237 237 235 233 234 235 235 236 236 236 238 241 240 240 241 240 239 239 239 238 239 240 241 242 242 242 246 245 241 238 240 240 240 239 239 240 241 241 241 241 240 236 238 240 241 242 241 240 238 238 238 240 241 238 237 237 238 240 241 240 241 243 242 241 241 241 242 242 242 241 240 240 240 241 242 242 240 239 239 242 242 241 242 241 240 240 241 243 242 237 234 234 235 237 242 244 242 244 241 240 242 239 237 238 235 232 232 234 237 240 238 238 238 238 237 237 238 240 239 239 239 241 239 237 237 238 240 239 236 234 231 233 234 233 232 233 234 236 237 238 238 236 234 233 236 238 238 239 240 237 236 236 235 235 235 235 234 232 233 234 234 234 236 235 234 235 238 237 231 228 228 230 228 229 230 234 233 231 229 227 227 228 232 233 229 227 231 238 241 239 235 236 235 232 236 237 235 234 233 232 232 233 235 237 237 234 232 234 231 233 239 240 238 237 236 240 242 237 235 235 234 234 236 236 237 241 238 234 234 236 234 231 231 233 238 234 230 231 232 226 227 228 232 231 227 230 234 233 233 230
247 225 229 232 231 231 234 235 235 235 235 235 236 237 236 236 239 240 238 238 238 239 240 240 239 239 239 240 241 241 241 241 246 245 241 240 241 241 238 237 238 240 241 240 239 240 241 239 239 240 240 240 240 240 240 240 240 240 242 239 236 236 239 241 242 242 243 244 242 241 240 240 240 240 240 241 240 240 239 241 242 243 241 239 240 243 242 239 240 240 240 240 241 242 241 237 236 237 237 236 238 240 242 245 244 243 242 238 235 237 235 234 233 234 236 239 238 238 238 238 238 239 239 240 238 237 238 240 239 237 237 237 239 239 237 233 229 231 233 227 225 231 233 235 236 237 238 239 235 232 233 237 239 240 240 237 236 236 235 234 235 234 234 233 234 235 235 235 236 235 234 234 237 237 232 228 227 226 227 229 232 235 235 235 234 232 229 228 231 233 231 229 231 235 240 239 236 237 236 231 234 236 236 234 232 231 234 234 235 238 238 235 232 235 232 233 238 240 241 239 235 237 241 241 238 238 236 232 233 233 237 244 241 236 235 236 235 233 234 235 238 235 230 231 231 225 226 229 233 233 228 228 230 230 228 225
247 227 231 233 231 230 232 236 236 235 235 236 236 236 236 238 240 240 240 237 237 238 240 241 240 240 238 239 240 240 239 239 241 242 241 241 241 242 240 239 239 241 240 239 239 240 243 242 240 240 240 239 239 239 240 242 243 243 246 242 237 236 240 241 242 243 243 244 241 240 241 240 239 240 240 241 241 241 240 241 242 242 242 241 242 243 242 240 240 242 242 241 241 240 238 238 241 242 239 236 237 238 239 241 242 246 245 239 235 234 235 235 234 234 235 238 237 238 239 239 240 239 240 240 238 236 238 240 239 235 234 235 236 237 236 233 231 232 234 228 227 231 232 235 237 237 238 240 237 235 234 236 237 239 240 238 236 236 235 235 235 234 234 234 235 236 236 237 236 236 236 235 237 239 235 231 227 225 227 230 233 234 233 233 233 232 230 228 231 232 230 232 234 233 236 237 237 239 238 236 236 237 237 235 234 234 237 235 233 237 237 235 232 233 234 233 235 237 240 241 239 237 238 239 238 238 237 235 234 233 235 241 240 236 236 236 235 234 236 237 238 236 233 232 229 227 228 230 232 231 225 224 226 226 226 227
247 227 230 233 233 233 235 237 236 235 233 235 235 235 237 238 239 240 241 239 238 239 240 241 242 239 237 239 240 240 239 239 239 240 240 239 240 241 242 241 239 241 239 239 240 242 242 241 239 239 239 239 238 238 239 241 243 245 248 243 238 238 240 241 241 243 244 242 241 242 244 242 240 241 241 243 244 243 239 240 241 241 241 241 244 245 242 241 241 243 242 242 241 239 237 238 240 241 240 239 238 239 239 239 240 245 246 240 234 233 234 235 236 236 236 237 239 238 237 237 238 240 239 240 238 238 239 239 236 233 233 233 235 235 235 234 234 234 237 234 231 231 232 235 238 237 238 238 238 237 236 235 235 236 239 238 238 238 237 237 237 235 233 234 235 236 237 237 235 237 238 238 238 239 237 234 230 227 228 229 231 233 233 231 231 230 228 228 231 231 228 234 236 234 234 236 235 238 239 237 237 238 239 237 235 234 235 232 231 235 235 234 232 232 234 233 234 235 237 238 239 239 237 235 232 233 237 239 239 235 231 236 236 234 234 235 234 233 233 234 235 236 236 234 229 228 230 230 231 229 223 223 224 224 226 230
247 228 230 232 231 233 236 238 236 234 231 233 235 235 235 236 237 237 238 237 236 237 237 241 241 239 238 239 239 239 240 239 239 240 240 239 240 242 243 241 238 239 239 237 239 241 241 240 239 239 239 239 239 238 239 240 241 243 245 241 239 239 239 240 239 240 241 241 241 241 242 241 240 241 241 242 245 244 239 238 239 240 239 240 243 244 242 241 240 241 241 240 240 239 239 240 240 241 241 242 240 239 239 238 238 242 244 238 234 234 234 235 234 234 235 237 239 239 234 234 237 239 239 239 239 239 239 236 233 233 233 233 235 235 234 234 236 236 237 237 235 232 231 233 235 235 236 236 235 235 235 233 234 235 239 238 238 238 236 236 235 233 233 234 235 235 235 236 237 238 238 238 239 240 238 238 235 231 228 227 228 229 231 230 230 229 229 230 230 231 232 235 237 235 235 236 235 236 237 237 236 237 240 239 237 234 233 231 230 232 233 234 234 234 235 233 235 235 236 238 241 241 237 231 226 228 234 241 244 238 232 232 232 233 233 233 232 231 229 230 231 234 239 234 227 228 230 228 230 231 226 223 225 225 223 225
247 229 231 231 230 230 236 239 235 230 230 233 235 234 232 234 235 236 237 235 233 233 237 240 240 238 238 238 237 237 238 240 241 241 241 240 240 243 244 243 240 239 240 238 238 240 240 240 239 239 241 240 240 239 238 239 238 236 238 238 238 240 239 240 238 238 241 240 240 240 239 239 239 240 240 240 243 244 240 238 239 240 238 240 242 242 241 241 240 241 242 240 240 239 240 241 241 242 242 242 242 240 239 238 238 240 240 237 234 235 235 235 231 232 234 237 239 238 234 234 236 237 237 239 239 239 239 235 233 234 233 233 236 236 234 234 236 237 236 236 237 234 232 231 233 235 236 235 232 229 227 232 234 236 239 238 238 237 236 235 234 233 235 235 235 234 234 236 238 237 236 236 238 240 238 237 238 235 233 230 229 228 231 230 229 228 229 230 230 233 233 234 236 236 236 236 235 234 236 238 237 237 240 240 237 234 234 233 232 231 234 234 235 234 234 234 234 236 239 240 242 243 240 235 230 228 232 237 241 238 232 231 232 232 231 229 229 230 228 228 229 232 236 231 223 225 229 227 227 230 228 223 225 226 220 218
247 227 229 231 229 229 233 238 234 231 232 236 238 235 233 234 233 237 238 234 230 230 234 238 237 236 237 237 236 237 239 240 242 242 240 240 239 240 243 245 243 241 240 238 238 240 240 240 239 240 241 240 239 239 239 237 235 232 233 236 237 238 239 238 238 238 239 240 240 240 239 239 240 240 241 241 243 245 242 238 239 241 241 241 241 240 239 240 241 243 243 241 240 240 240 241 241 241 240 240 239 240 240 240 241 242 242 238 235 236 236 234 230 231 233 237 239 239 236 235 236 236 237 240 240 240 239 236 234 235 234 234 237 237 234 234 236 235 234 234 235 233 232 233 235 238 236 235 232 229 228 230 232 234 238 239 238 237 236 234 235 234 235 235 235 234 234 236 238 237 235 234 237 239 237 236 236 236 236 235 234 232 234 232 231 230 231 232 235 234 230 233 237 238 238 237 235 234 234 236 236 236 238 239 235 232 234 236 236 235 235 235 235 233 231 233 235 238 240 237 238 241 241 238 235 231 231 232 235 235 232 231 232 232 230 228 229 229 228 228 228 232 235 231 224 224 226 227 227 226 226 225 223 223 220 218
247 226 229 231 229 227 230 235 235 233 234 237 239 237 235 233 232 236 238 237 233 233 239 245 242 239 239 240 239 239 239 242 242 241 241 240 238 238 241 242 241 240 240 238 238 239 240 241 240 241 241 239 240 240 241 241 237 233 234 238 239 237 238 239 238 237 238 240 240 239 240 241 241 241 241 242 242 242 239 238 240 242 243 241 239 239 240 241 241 243 243 242 241 241 239 240 240 241 239 238 237 238 240 241 241 243 240 237 235 235 234 232 231 232 234 235 237 239 238 238 239 236 237 240 242 239 238 238 237 236 234 233 235 235 234 235 234 235 235 235 235 234 233 235 236 237 234 233 234 236 235 233 231 231 236 237 238 237 234 233 234 234 234 234 234 236 236 237 237 236 236 236 238 239 238 237 236 237 238 238 236 235 236 235 234 233 234 236 236 233 231 234 237 235 236 236 235 233 232 234 234 235 237 238 234 232 234 238 239 237 235 235 236 232 227 227 232 236 236 236 238 240 240 239 234 233 232 233 233 230 228 230 232 234 232 229 230 231 230 231 230 231 233 230 226 225 228 228 227 226 228 228 222 221 219 221
247 226 229 232 230 228 230 235 236 235 233 235 235 234 234 235 235 235 236 240 240 243 249 254 251 244 243 244 244 243 241 242 242 241 242 241 240 239 238 238 238 238 239 238 238 239 239 239 240 240 239 239 241 241 241 241 238 237 237 240 239 235 236 239 239 236 237 240 241 238 238 241 240 238 238 238 238 238 238 239 240 242 242 240 239 239 240 241 241 241 240 240 239 238 238 239 238 240 239 237 236 237 238 239 239 240 238 236 236 235 232 231 232 232 232 234 236 238 239 238 238 236 237 241 240 239 238 237 239 237 236 235 233 234 235 235 234 235 236 237 236 234 235 235 236 235 234 232 232 235 236 236 232 231 235 237 238 237 234 233 233 234 234 233 234 236 236 236 236 237 238 238 239 240 239 238 236 237 238 238 238 235 235 234 232 233 235 236 233 231 232 233 232 233 237 238 236 234 233 233 235 235 236 237 237 235 235 237 239 238 234 233 233 231 227 227 231 233 235 238 239 239 238 238 235 233 233 233 232 227 226 230 234 233 234 231 230 230 229 231 233 231 232 230 227 228 230 228 225 225 229 228 223 219 216 225
246 225 229 232 230 228 231 234 234 235 233 234 234 234 234 235 235 234 236 240 242 245 249 252 249 243 242 243 243 242 240 241 241 241 242 241 241 239 238 238 238 238 239 239 238 238 238 239 240 240 239 240 241 242 240 239 236 236 236 240 239 236 235 237 236 234 235 240 241 236 235 239 239 238 237 235 235 238 238 239 239 241 240 239 239 239 241 242 240 239 238 237 238 240 240 238 238 238 239 238 236 237 238 239 239 241 239 239 241 240 233 232 232 233 232 233 236 238 239 238 237 237 239 241 239 238 237 237 239 238 237 236 235 236 236 236 235 236 236 237 237 235 235 233 235 234 233 233 232 234 235 235 232 233 236 237 237 237 235 234 234 235 235 233 234 235 235 235 236 236 238 238 238 239 239 238 236 237 237 237 237 235 234 234 233 234 234 234 231 229 231 231 228 230 236 237 237 235 235 234 236 237 237 237 238 237 236 235 237 238 234 232 233 232 229 229 232 233 235 239 240 237 236 237 238 235 232 232 232 232 230 232 237 234 233 231 231 232 230 231 232 231 233 232 228 228 227 227 224 224 227 231 224 216 212 220
247 226 229 233 228 224 227 232 231 232 232 232 233 235 236 237 237 238 238 239 240 242 243 243 241 239 240 241 241 239 237 238 240 241 241 242 242 240 239 240 240 239 239 240 241 240 240 240 240 241 240 240 240 242 241 240 236 235 236 240 241 239 237 235 234 233 235 237 236 232 234 237 237 237 239 239 239 239 239 239 237 237 236 238 239 240 241 240 238 237 237 237 239 243 243 239 238 240 240 240 238 238 240 239 238 243 243 244 247 243 236 235 235 235 233 233 236 238 240 239 238 239 240 241 239 238 238 239 240 238 237 235 234 236 236 236 237 238 239 240 240 238 235 232 234 233 232 232 232 234 235 236 233 233 236 237 237 236 236 235 234 235 236 233 232 234 235 235 236 236 236 237 237 237 237 235 235 237 237 237 238 236 235 235 234 234 233 233 228 226 228 230 227 230 235 237 238 237 238 236 236 237 239 239 239 238 236 235 236 237 234 234 235 235 232 231 232 232 234 238 239 236 236 238 240 237 234 232 233 237 236 233 236 233 228 229 230 232 231 229 230 230 234 237 232 227 226 224 224 223 227 234 229 217 211 213
247 225 227 231 227 223 224 230 233 233 234 232 233 233 234 236 237 239 237 237 238 240 240 237 236 237 238 238 239 238 238 239 241 243 242 241 240 240 238 239 240 239 239 241 243 243 242 242 242 243 242 241 241 243 243 241 237 237 238 240 241 240 238 236 235 235 237 238 234 230 234 238 238 236 237 242 244 240 240 239 236 236 235 234 236 238 238 238 237 238 238 239 239 240 241 240 239 240 241 242 240 239 239 241 240 242 243 243 242 240 237 237 236 235 234 234 237 238 238 238 238 240 239 239 239 238 238 238 239 237 235 233 232 234 235 237 239 240 241 241 241 241 238 238 238 234 232 233 231 232 235 236 233 233 235 237 238 236 235 236 235 235 236 233 232 234 235 235 236 235 234 235 236 238 236 233 233 236 237 238 238 237 236 236 234 232 232 230 225 225 230 232 232 233 234 236 238 238 238 237 236 237 238 238 238 237 236 235 235 235 235 235 235 234 231 232 232 231 233 237 237 235 234 235 238 235 234 233 232 236 237 231 230 228 226 228 228 230 231 228 226 228 232 237 234 228 224 225 225 224 224 229 232 224 217 217
247 227 227 231 230 226 228 233 234 234 235 236 235 233 234 235 237 240 236 234 235 237 238 236 236 238 239 238 239 241 242 242 240 241 241 240 240 240 237 237 238 239 240 242 242 242 240 240 240 241 242 241 241 243 243 241 237 240 239 238 239 241 240 240 238 237 238 237 235 234 236 238 238 237 236 239 241 238 239 239 236 237 236 235 238 239 239 239 239 239 239 240 237 236 237 238 237 238 239 240 239 238 239 245 244 241 240 237 238 240 240 239 236 234 233 233 236 238 238 238 238 238 237 236 238 239 238 237 236 234 232 233 232 233 234 237 238 238 239 239 239 239 238 238 239 235 234 234 232 232 233 235 233 234 235 237 238 237 234 233 235 234 236 233 232 234 235 237 237 235 235 235 235 236 235 233 232 234 239 239 237 238 237 237 234 231 229 225 221 224 232 235 236 234 235 237 237 235 235 235 236 237 238 238 238 237 236 235 235 234 233 233 234 234 231 232 232 232 233 236 237 235 233 234 237 236 233 231 229 232 235 230 225 224 225 227 229 230 232 227 226 228 229 235 234 230 224 225 225 223 222 223 228 228 224 222
247 228 229 233 234 232 237 237 235 234 236 237 236 233 235 235 238 239 236 234 234 235 236 236 237 239 239 238 239 240 241 241 240 239 238 239 240 240 237 237 237 238 241 242 241 239 237 238 238 240 242 241 242 242 241 240 237 240 239 238 240 242 241 240 238 237 236 236 237 237 238 239 238 239 237 238 238 237 239 240 238 238 238 237 240 242 241 241 240 240 239 239 237 237 238 237 237 237 238 239 237 237 238 244 244 239 238 239 239 241 241 239 237 233 232 233 236 239 238 237 238 237 236 236 237 240 239 237 236 234 234 234 233 234 234 236 237 237 238 238 239 238 237 237 238 235 236 236 232 232 233 234 234 234 235 236 238 238 234 232 235 234 235 234 233 235 236 237 237 236 236 237 235 235 235 234 232 234 239 239 237 238 237 236 233 229 228 223 220 224 233 236 236 235 237 238 236 234 234 234 235 237 237 237 237 237 236 236 235 233 233 232 234 236 234 232 231 231 236 238 237 234 233 234 236 237 235 231 227 229 233 232 226 224 224 226 229 232 232 228 230 233 231 232 232 230 225 225 224 223 222 220 221 225 226 224
247 227 230 234 232 233 239 241 238 233 234 235 236 235 236 236 239 238 237 236 236 237 237 238 239 240 239 237 239 241 240 241 240 239 238 239 240 240 239 237 237 237 240 240 240 239 237 236 237 240 241 240 243 242 240 240 238 241 240 242 242 243 241 236 237 238 236 234 234 238 241 242 240 239 239 238 237 237 238 239 238 237 239 239 240 240 239 238 238 240 239 237 238 239 239 239 239 238 238 239 237 237 238 240 237 237 239 242 241 243 241 237 235 232 231 233 236 240 238 236 238 239 239 237 236 240 239 238 237 237 237 236 235 235 235 237 236 236 237 238 238 238 237 237 237 237 237 235 233 232 233 234 235 234 234 235 237 237 235 234 233 233 235 236 237 236 237 235 235 236 237 237 236 237 237 235 234 236 238 239 237 238 237 233 230 228 229 226 223 227 234 236 234 235 237 237 235 234 235 233 234 236 237 236 236 237 236 236 237 233 233 232 234 236 235 234 230 230 238 241 238 234 234 233 233 236 235 232 227 227 231 234 228 227 227 227 229 232 234 231 235 238 234 231 229 230 228 225 224 224 222 218 217 222 225 226
246 226 229 231 230 231 236 241 238 233 234 233 234 233 235 235 237 236 236 237 237 238 238 239 237 237 237 237 239 240 239 240 239 237 236 237 239 240 240 238 237 238 240 240 240 240 237 235 236 239 239 238 241 242 241 241 239 240 240 241 242 242 239 235 236 239 237 235 235 237 241 241 239 238 238 239 239 238 237 237 237 238 240 238 239 239 238 237 237 238 238 236 237 238 239 240 240 238 237 237 239 240 241 241 238 238 239 240 238 241 240 236 234 232 230 232 235 237 238 237 237 240 240 237 236 239 238 238 239 238 237 237 237 237 237 237 236 237 238 237 237 236 235 236 237 236 236 234 232 232 233 235 236 235 234 233 235 235 235 234 231 232 233 236 238 238 236 233 232 234 236 238 237 235 236 237 237 237 238 237 235 236 236 233 229 228 231 232 229 231 236 235 234 236 239 238 235 236 237 235 235 234 236 236 236 236 236 236 236 234 233 233 233 234 233 234 232 230 236 239 239 238 236 234 234 236 236 232 228 227 230 232 230 229 230 229 228 228 229 230 234 237 236 233 231 233 230 227 225 223 222 219 216 220 225 228
246 223 225 225 225 226 230 234 233 231 232 231 231 232 237 237 238 237 236 236 236 237 238 238 236 235 235 236 239 238 237 238 237 236 236 237 239 239 239 238 237 240 240 240 240 239 237 235 237 240 238 237 239 241 241 241 239 239 239 241 242 240 238 237 236 235 236 237 236 236 238 240 239 237 238 239 240 241 239 239 239 239 241 242 241 240 238 237 238 240 239 238 237 237 240 241 241 240 238 239 241 243 247 244 238 234 235 236 236 237 237 234 233 233 232 234 234 235 237 238 238 240 240 239 238 239 237 238 239 238 237 237 238 238 238 236 237 238 238 237 238 236 235 236 237 236 237 235 234 234 234 235 236 236 234 234 234 234 234 234 232 232 233 234 236 237 236 232 231 232 235 237 236 235 236 238 238 239 239 237 234 235 236 235 233 229 233 234 230 232 236 234 234 235 237 236 235 237 238 236 235 234 236 237 237 236 236 236 236 234 234 233 233 234 232 237 235 234 236 239 242 241 238 235 235 234 235 235 234 234 231 228 229 230 233 231 228 227 228 229 230 233 236 237 235 235 231 225 224 224 223 220 219 219 221 227
246 222 222 223 224 226 229 229 229 231 232 231 233 232 234 237 239 238 236 235 235 236 236 236 235 232 233 236 236 236 235 236 236 235 235 237 238 238 239 239 239 240 239 240 240 239 237 237 239 244 239 236 239 240 239 240 238 239 239 240 242 240 239 239 237 235 234 236 237 234 234 238 239 238 238 239 240 241 242 240 240 239 241 244 243 240 239 238 240 241 241 241 239 239 241 240 241 242 241 240 241 242 245 242 235 233 234 236 237 237 233 231 233 234 233 235 235 235 237 239 238 239 239 240 240 239 237 238 239 238 238 238 239 239 238 236 238 238 238 239 237 236 235 237 237 237 238 237 236 235 235 235 236 236 235 235 235 235 235 235 234 235 235 236 236 237 237 235 233 234 235 235 235 236 236 237 238 239 239 236 234 235 237 236 235 232 233 233 229 231 235 234 234 235 237 236 235 237 238 237 236 236 236 237 237 236 236 237 237 235 236 234 234 234 232 239 240 237 238 240 242 241 238 236 233 231 232 236 238 240 235 228 228 231 234 231 229 228 229 231 229 228 232 233 235 233 230 226 224 224 224 221 220 219 218 223
245 219 220 223 225 228 233 233 231 231 233 233 234 232 232 234 237 238 236 235 235 236 234 233 232 231 232 235 235 234 233 235 235 235 236 238 238 238 240 240 242 240 237 237 239 239 239 238 240 246 241 235 237 237 239 241 240 241 240 241 241 240 238 239 241 237 233 235 238 234 232 238 240 240 240 238 239 241 243 241 239 238 241 244 242 239 239 239 240 241 242 241 241 240 239 236 236 240 242 241 239 240 241 240 237 237 237 237 237 234 232 231 231 233 231 233 235 237 239 240 237 235 237 238 239 240 240 239 239 238 239 239 239 239 237 236 237 238 238 239 237 236 236 238 237 237 238 239 237 236 235 235 235 235 236 237 238 236 235 235 234 237 237 237 236 237 237 236 235 235 235 234 235 237 237 236 238 237 235 235 234 236 238 237 236 233 234 234 232 232 235 235 235 235 236 236 236 236 237 237 236 236 236 237 238 238 237 238 238 236 236 234 234 234 235 240 242 239 239 241 240 239 238 236 234 232 232 234 236 238 237 231 230 234 234 230 229 230 234 234 229 226 228 229 232 232 231 227 223 221 221 222 220 219 217 222
244 217 220 224 226 228 233 234 233 233 232 235 236 235 234 234 236 236 235 235 236 237 234 232 233 234 235 235 231 230 230 232 236 237 237 239 240 240 240 240 241 240 238 238 238 239 240 239 238 245 242 236 233 232 237 242 242 240 239 240 239 238 238 239 241 237 233 234 238 236 233 237 241 241 241 238 238 239 240 240 240 240 241 243 242 240 240 240 239 240 240 240 243 241 239 236 234 238 242 241 239 239 238 238 238 238 238 238 236 235 237 236 232 233 231 232 234 238 240 241 239 235 235 236 237 239 240 239 240 239 238 238 239 238 237 236 237 238 238 238 237 238 237 237 237 236 236 237 237 235 234 234 234 234 235 236 237 236 235 235 234 236 238 237 236 236 236 235 234 235 235 234 235 237 235 234 236 235 234 235 236 237 238 237 236 235 235 236 235 236 237 237 236 236 236 236 236 236 236 237 237 236 236 236 238 239 238 238 238 237 237 236 236 236 237 241 242 239 238 240 239 237 239 238 237 235 232 232 234 234 236 234 231 234 236 232 229 232 237 237 232 228 228 229 234 235 232 226 221 219 221 221 218 217 217 219
245 219 223 228 228 229 232 233 233 232 230 234 238 237 235 234 235 236 236 238 238 237 235 233 234 236 236 233 228 227 230 231 235 235 237 239 239 240 240 240 241 240 238 239 239 240 241 240 241 243 241 238 234 233 235 238 240 239 239 238 237 236 236 237 238 234 231 233 238 238 234 236 238 239 240 239 239 239 239 241 241 240 241 242 242 241 241 240 239 238 238 240 242 241 239 237 237 239 243 242 238 236 235 234 237 241 240 239 238 239 241 239 237 238 235 231 231 235 240 240 239 237 236 235 236 237 237 239 240 239 239 239 240 238 237 235 236 237 237 237 236 237 236 236 236 235 235 236 235 235 234 234 234 234 235 236 237 235 233 233 233 235 236 237 237 237 237 235 235 235 235 234 234 236 235 233 235 236 236 236 235 236 238 237 235 236 237 238 238 238 238 237 237 237 237 236 236 235 237 238 238 236 236 236 238 239 239 239 239 239 238 239 237 235 236 239 240 239 239 239 239 237 236 236 239 237 231 228 232 234 235 235 232 232 233 231 229 231 234 237 234 229 227 232 237 234 229 226 224 224 225 221 218 217 214 209
245 220 224 229 229 230 232 232 232 231 229 232 236 236 235 234 235 236 237 240 240 238 237 236 235 235 235 234 229 229 234 235 235 235 235 237 238 240 240 240 242 241 239 240 240 240 242 241 241 241 240 238 236 234 235 237 239 241 240 238 237 237 237 238 238 234 231 233 236 237 234 235 237 239 241 240 240 241 241 241 242 241 241 241 242 243 241 239 238 238 238 239 242 242 240 240 241 241 242 241 237 236 236 236 238 241 240 240 240 241 240 239 243 243 238 230 229 233 239 239 239 239 237 236 236 236 236 238 240 240 239 239 240 238 237 235 236 236 236 237 236 236 235 236 236 235 235 236 235 235 235 235 236 235 235 237 237 234 232 233 232 234 235 237 238 237 236 236 236 236 235 234 234 236 235 234 235 237 237 237 235 236 239 238 236 237 238 239 239 239 237 237 238 238 238 236 236 236 238 239 238 236 236 236 239 240 240 240 240 240 239 238 235 233 235 237 239 240 240 238 238 236 235 235 237 236 230 226 235 240 238 234 230 229 230 231 231 232 230 233 233 230 227 232 238 232 227 226 226 226 222 217 219 216 213 206
245 221 225 229 229 228 231 231 230 230 230 232 234 235 235 235 235 236 238 239 240 239 240 239 237 237 234 233 231 233 236 237 237 237 236 237 238 239 240 241 243 242 240 240 240 240 242 242 241 240 238 238 239 238 238 239 240 241 240 238 237 238 239 239 239 238 235 234 234 236 234 236 238 240 242 241 240 241 240 241 241 241 241 241 242 241 241 239 238 238 238 240 241 242 240 239 242 241 239 240 239 240 239 237 236 239 237 237 241 241 240 241 245 245 240 232 229 232 237 239 242 240 237 236 236 236 237 238 240 240 240 240 240 238 237 237 237 236 236 237 236 236 235 236 237 237 236 237 236 236 235 235 236 235 234 234 235 234 232 233 232 233 234 235 236 235 233 236 236 237 235 234 234 236 236 234 234 236 237 237 237 238 238 237 235 236 239 240 239 238 236 237 238 239 236 236 236 236 238 239 238 237 237 237 239 240 240 241 241 240 239 238 236 231 233 237 238 238 241 238 238 239 237 233 232 234 232 228 235 242 239 231 230 229 230 233 232 229 229 229 231 232 229 232 231 227 223 224 227 224 220 218 218 216 214 211
245 222 226 229 228 226 229 229 228 228 231 232 232 233 233 234 234 234 236 236 236 236 238 238 239 238 235 232 233 234 236 237 238 238 238 238 238 238 238 240 242 243 241 240 240 240 241 243 242 241 239 239 239 240 239 237 238 240 240 236 234 234 239 241 240 239 237 235 235 237 238 239 239 239 239 238 238 241 241 241 241 240 240 239 240 239 239 240 240 239 238 240 241 240 237 236 238 238 240 239 240 241 240 239 238 240 239 239 240 240 240 240 242 245 244 235 231 231 235 237 240 238 236 235 237 238 239 238 238 238 239 238 240 240 239 238 238 236 236 237 237 237 237 237 238 239 238 237 237 237 237 236 237 236 235 235 236 235 233 234 233 232 233 233 234 234 234 236 237 236 237 236 235 237 236 235 235 235 236 236 238 238 238 237 236 236 238 239 238 237 237 237 238 237 234 234 236 237 238 238 238 239 238 238 238 240 240 241 242 240 237 238 237 233 234 236 236 238 239 237 240 242 239 234 229 232 234 232 237 238 234 232 234 234 235 235 232 227 227 228 230 232 232 231 228 224 221 222 224 223 221 220 219 218 216 213
245 222 226 228 226 225 229 228 227 227 229 232 233 233 233 233 233 233 234 234 234 234 236 237 238 239 236 233 234 235 238 238 236 237 238 238 239 238 238 239 241 242 241 239 239 240 240 242 241 240 239 239 239 240 238 236 236 236 235 234 233 232 235 238 238 237 238 236 236 236 237 239 239 238 238 237 238 240 241 240 240 240 239 239 239 239 240 241 240 239 238 239 240 239 235 235 238 238 239 238 240 240 240 241 240 241 240 241 240 240 240 238 239 244 244 234 231 230 232 234 235 236 235 235 237 239 239 238 238 238 239 239 240 240 239 238 238 237 237 238 238 238 238 237 238 239 238 238 238 238 237 237 235 235 236 236 235 234 233 234 235 235 234 233 233 234 234 236 237 235 236 235 235 237 236 236 236 235 235 236 238 239 238 237 237 237 238 238 239 238 236 237 238 236 234 234 235 237 237 237 237 239 240 239 239 240 240 241 241 239 236 238 239 235 233 235 238 239 238 236 239 241 239 236 230 232 235 235 237 238 231 230 237 239 237 235 233 228 227 228 229 230 232 231 228 226 224 222 222 222 220 219 218 217 216 214
245 221 225 228 226 224 229 230 227 227 228 231 232 234 233 234 234 234 235 233 233 233 234 237 238 238 236 234 234 235 241 241 235 237 238 239 240 237 236 238 240 241 241 239 239 240 240 242 241 239 239 239 239 239 236 236 236 233 231 233 235 233 234 235 237 238 238 238 237 236 237 239 240 238 238 238 239 240 240 239 239 239 239 239 239 239 240 240 240 241 240 240 239 238 236 237 239 240 239 238 239 240 240 240 240 241 241 243 241 239 240 241 239 239 237 230 229 230 231 233 233 235 235 235 237 239 240 239 238 239 239 239 239 238 238 239 238 237 237 238 238 238 238 237 237 238 238 238 239 239 238 235 230 230 233 235 235 232 232 234 236 236 236 235 234 234 235 237 235 233 235 235 235 236 236 236 237 235 234 235 237 240 238 237 237 237 238 238 239 239 236 237 237 235 233 233 235 236 236 236 236 238 239 239 240 241 240 241 240 238 235 237 238 235 234 239 241 236 232 235 240 241 239 236 232 233 235 237 238 235 230 232 239 239 236 235 233 229 227 228 229 229 229 229 228 227 225 224 224 221 219 217 217 217 215 211
245 220 223 224 223 223 229 233 230 226 226 229 231 233 233 236 238 238 237 234 233 233 235 236 238 239 238 237 235 236 239 238 235 236 238 239 239 237 239 239 239 240 241 240 241 242 240 242 242 241 241 240 239 239 238 239 239 233 231 235 238 237 238 237 239 241 239 238 238 237 238 240 240 240 238 240 242 240 240 238 238 239 239 239 239 239 240 237 237 240 241 243 241 241 238 241 241 240 240 239 240 240 240 240 240 239 239 241 240 239 239 236 233 232 233 234 232 232 230 232 233 234 235 237 238 238 239 240 238 238 238 238 237 236 236 237 238 235 235 236 237 238 238 237 237 237 237 237 238 237 237 235 231 230 233 235 234 232 232 234 236 235 235 235 236 236 236 238 235 231 233 235 235 236 235 235 237 236 233 233 235 238 239 238 239 238 238 238 239 240 237 237 237 235 233 233 234 236 236 236 235 236 236 236 238 240 240 241 239 236 236 236 233 232 237 244 243 234 230 238 243 242 241 239 235 235 237 238 235 231 231 236 237 235 234 235 234 231 229 229 228 227 226 226 226 227 226 227 227 223 217 217 217 217 214 209
245 220 221 221 219 218 223 231 229 223 224 227 229 232 234 238 240 240 239 236 233 233 236 237 238 238 237 237 236 235 236 236 235 237 240 240 240 240 243 242 241 241 240 239 241 243 242 241 241 241 240 240 239 239 240 241 239 238 236 237 240 241 241 240 241 241 240 240 240 239 239 238 238 239 240 241 242 242 241 239 238 239 239 240 238 239 239 237 237 239 243 243 240 240 240 241 243 242 241 240 240 240 238 238 240 239 238 239 239 240 237 234 234 237 239 243 244 240 232 233 234 235 236 237 237 237 238 239 239 238 237 237 237 236 236 237 238 235 235 236 236 239 239 238 237 237 237 238 239 238 237 236 236 233 233 235 235 234 234 236 235 234 234 234 235 235 236 240 236 231 232 234 234 236 236 236 236 236 234 234 234 238 240 239 238 237 236 238 240 239 237 238 238 237 234 233 235 236 237 236 236 236 236 236 238 239 239 241 240 237 237 235 230 230 238 242 242 237 233 238 242 241 240 240 238 237 240 240 234 231 231 237 236 231 233 234 234 233 231 230 227 225 225 226 227 226 225 227 227 224 219 216 216 216 213 210
245 220 221 222 220 218 220 223 224 221 220 223 226 231 234 237 235 236 238 235 234 235 235 237 238 238 237 238 239 237 236 237 238 238 238 239 240 240 243 243 241 241 239 238 241 244 243 240 240 240 241 240 239 239 239 239 239 240 240 239 240 240 239 238 239 239 237 238 238 238 236 236 236 238 240 239 239 242 241 239 238 238 239 239 240 240 238 238 238 239 241 241 239 239 241 243 243 241 240 239 238 239 237 236 239 240 238 235 236 238 237 237 238 238 240 244 248 243 231 231 232 234 235 238 237 237 239 239 239 238 236 236 238 238 238 240 239 237 235 234 235 236 238 238 237 237 237 237 238 238 238 235 235 233 234 235 235 236 236 236 235 234 234 234 236 236 236 238 236 232 231 233 234 236 235 234 234 235 235 235 236 238 239 238 238 238 238 239 240 239 238 238 238 236 234 233 235 236 236 236 236 236 236 236 237 238 239 240 239 237 237 233 227 231 237 239 242 240 239 239 240 240 238 238 239 239 242 241 234 232 232 236 238 233 231 233 233 234 233 231 226 225 227 227 227 227 225 224 224 223 220 218 217 215 213 211
245 219 222 226 224 223 224 223 222 222 222 225 228 231 234 239 233 231 236 235 233 234 235 236 237 237 237 238 238 238 237 238 239 239 239 238 238 239 241 242 242 242 238 238 241 243 242 239 239 239 241 240 240 240 239 237 236 238 239 239 239 239 240 239 239 239 237 236 239 241 237 235 235 237 240 239 239 240 242 238 236 237 240 241 241 239 237 238 238 240 240 240 238 238 240 242 241 240 239 239 238 238 237 237 240 242 239 237 235 236 238 240 236 236 239 239 239 238 234 231 233 235 236 239 237 236 238 239 240 238 236 236 238 238 238 240 240 239 236 234 235 235 237 238 237 237 238 238 239 240 240 237 235 234 235 235 235 236 237 237 236 233 234 234 237 237 236 236 236 234 235 235 235 236 235 235 235 235 235 235 236 238 239 239 239 239 239 240 241 239 239 238 237 236 233 234 236 236 236 236 236 236 235 235 237 239 239 239 238 236 236 232 227 231 235 237 240 242 242 242 239 240 237 236 241 242 246 246 235 229 230 235 238 237 231 230 231 233 234 232 228 224 226 228 228 227 225 225 225 222 220 219 219 217 214 210
245 221 224 227 226 225 225 226 224 226 227 230 229 230 231 236 234 233 236 234 233 237 237 236 236 235 235 238 237 237 237 238 239 240 241 241 240 239 239 241 243 244 242 241 241 242 241 238 238 239 241 241 241 241 239 237 235 237 237 239 239 239 240 238 238 238 238 236 238 242 240 235 235 237 238 239 237 237 239 237 238 239 239 240 240 237 236 236 238 240 240 241 240 240 240 240 238 238 238 238 239 238 237 238 241 239 237 236 235 236 241 242 234 235 240 236 229 230 235 233 233 236 237 239 237 235 236 240 242 240 236 237 237 238 238 239 240 240 238 235 235 235 237 237 237 237 238 238 240 241 241 237 235 234 235 235 235 236 238 239 236 233 234 234 237 236 236 236 236 236 237 237 236 236 236 236 236 237 237 237 236 237 237 239 240 240 241 242 240 239 239 239 239 237 236 237 236 234 234 236 237 235 233 233 237 239 238 238 236 234 235 232 227 230 234 237 238 240 241 239 237 238 239 237 242 243 246 246 235 226 227 233 236 238 234 229 230 231 232 230 228 225 227 229 229 229 228 227 227 222 218 218 218 217 214 210
245 220 223 225 224 224 225 226 226 226 229 231 231 231 231 234 237 238 236 232 235 239 237 237 236 235 235 237 236 236 237 237 238 238 239 240 239 238 239 241 242 245 244 242 240 240 239 239 239 240 242 242 240 240 240 238 237 236 239 241 240 238 237 237 237 237 239 239 236 238 240 237 235 238 239 239 236 236 242 243 243 244 242 238 236 235 235 237 238 238 239 240 241 240 238 238 238 239 239 239 238 238 238 239 240 235 233 234 237 238 242 242 236 236 238 234 228 229 235 238 236 237 236 238 239 238 237 240 241 240 239 238 237 238 239 239 239 238 238 237 236 236 236 235 235 237 237 236 238 239 239 236 234 233 233 234 234 235 238 239 236 235 235 236 238 237 236 236 237 236 236 236 235 235 236 237 236 236 236 236 237 235 235 237 238 239 240 241 238 237 237 237 238 239 236 236 236 235 235 236 236 234 233 234 237 239 237 236 235 234 234 231 228 231 234 235 236 238 239 238 236 236 238 238 240 243 245 242 233 227 226 230 231 233 235 233 233 232 230 228 227 227 230 229 228 228 230 226 224 223 220 219 219 217 213 208
245 221 224 225 224 223 225 226 226 226 227 230 231 231 230 232 234 236 236 235 236 238 236 236 235 235 236 237 235 235 237 237 239 238 237 239 238 237 239 239 239 240 241 240 239 239 238 239 241 243 243 241 240 240 242 241 240 239 240 241 238 235 237 239 240 239 239 239 235 235 239 238 236 239 240 240 237 239 244 245 244 244 241 236 233 235 237 239 238 234 233 238 240 239 237 237 238 241 242 241 237 238 237 239 239 235 233 235 237 238 237 235 234 234 236 237 234 233 237 240 240 238 238 239 241 240 239 240 240 240 241 239 238 239 239 238 239 237 237 239 239 237 235 233 235 237 237 237 239 239 237 236 234 234 234 234 234 235 238 239 236 236 236 237 238 238 237 234 235 235 235 234 235 235 236 237 237 236 235 235 237 236 236 236 237 238 238 239 238 237 236 235 237 236 235 236 236 235 236 235 235 234 233 234 237 239 237 236 235 234 234 231 228 230 232 234 236 233 232 234 236 235 237 236 241 243 243 236 229 229 229 225 227 230 234 234 235 232 229 226 227 228 230 228 227 226 226 223 223 223 221 219 219 216 211 207
245 219 223 226 224 224 226 229 228 228 228 230 231 231 229 229 230 231 232 235 235 235 235 235 234 235 236 239 235 235 236 237 240 238 237 237 237 236 237 236 237 238 241 240 239 239 237 239 240 241 242 241 240 241 243 242 239 238 240 237 234 234 238 240 240 239 239 237 234 234 238 239 237 238 239 239 239 239 240 242 242 240 238 232 232 238 238 239 235 232 231 236 239 238 238 238 239 241 241 240 238 237 237 238 239 236 236 237 238 236 233 231 232 233 233 231 233 234 233 236 238 238 239 240 238 239 239 240 239 241 241 240 239 239 237 238 239 237 237 238 240 239 236 233 235 236 237 237 239 238 237 236 235 235 234 233 233 235 237 238 236 236 236 237 238 238 236 235 235 236 235 234 234 236 236 236 236 235 233 234 237 238 237 236 237 238 238 238 238 237 234 234 236 235 235 235 234 233 235 236 235 234 233 234 236 237 236 235 235 236 235 231 228 229 231 235 235 230 228 232 234 235 234 234 238 239 237 232 228 232 232 224 225 229 233 234 236 233 229 229 229 230 228 226 226 227 225 223 223 223 221 219 216 212 209 206
245 219 223 225 224 225 229 229 229 230 230 230 231 231 231 230 229 230 231 233 233 233 232 232 234 235 237 241 236 234 236 237 238 235 234 238 241 239 240 239 238 239 241 242 243 242 241 240 240 241 242 241 240 241 240 239 238 238 240 237 235 236 241 242 241 239 238 236 234 235 238 239 238 238 239 240 240 240 239 240 240 240 236 228 229 235 238 240 237 234 233 236 238 237 240 241 238 240 239 239 239 237 236 236 237 236 237 237 235 233 232 234 234 232 228 226 228 232 232 234 234 235 237 237 236 236 237 239 240 242 241 239 239 237 236 237 239 237 237 237 239 238 237 236 235 236 238 238 239 239 237 236 236 235 235 234 235 235 236 237 237 237 237 237 235 235 236 236 236 235 234 234 234 235 235 236 237 235 233 234 235 237 235 235 236 238 239 239 239 238 237 237 236 235 235 235 234 234 235 236 236 235 234 234 235 237 235 232 232 235 233 231 231 232 232 232 233 232 231 232 233 232 231 231 233 235 233 229 229 233 233 226 227 229 233 235 235 230 228 232 233 229 226 225 226 228 225 220 220 222 222 218 214 212 209 206
245 220 221 225 224 225 228 229 230 233 233 232 231 232 233 232 231 231 233 234 234 234 232 232 233 236 238 240 235 233 234 236 236 233 232 237 243 243 239 236 236 237 237 242 247 246 241 239 239 240 240 241 241 239 240 240 240 239 240 239 237 238 240 241 240 238 237 237 236 237 239 239 239 239 239 241 242 242 241 241 241 241 235 227 227 233 238 240 238 237 237 238 239 235 239 240 238 239 238 241 243 239 237 236 237 236 235 236 234 231 234 238 237 232 228 226 229 234 236 235 233 234 236 238 236 235 236 240 241 242 241 238 237 236 236 236 238 238 237 237 239 239 239 238 239 238 239 239 240 238 237 238 238 236 235 236 234 234 235 236 235 236 236 236 235 235 236 236 237 236 234 235 235 236 236 236 236 234 234 234 235 236 236 236 236 238 238 238 238 239 239 239 238 237 236 236 235 233 234 234 235 236 235 235 234 235 234 232 232 233 231 230 230 232 229 229 231 234 237 236 235 231 231 231 230 231 231 229 230 234 235 230 230 229 231 233 233 229 227 231 233 230 227 224 223 225 223 221 220 221 220 217 213 211 210 207
244 218 221 224 225 226 228 229 230 232 233 232 232 232 234 234 233 233 234 234 235 235 233 232 233 236 237 236 232 231 232 235 235 233 232 234 238 243 237 231 232 233 233 237 246 245 237 236 238 239 239 241 242 239 240 242 242 242 242 240 239 239 238 239 238 238 237 238 238 239 240 239 239 239 240 240 243 243 241 239 239 240 238 234 232 236 239 239 238 238 236 238 238 232 235 237 236 237 237 240 241 239 236 237 238 236 236 237 235 232 235 238 237 234 230 229 232 237 239 236 233 234 238 238 236 236 236 240 240 241 240 238 236 236 236 236 238 238 237 237 239 239 239 239 240 239 239 240 240 237 236 238 238 235 234 236 234 234 234 235 234 235 236 237 236 235 234 235 235 236 235 234 236 236 236 236 236 234 234 234 234 236 237 238 237 238 238 237 237 238 240 239 238 237 236 236 235 233 233 234 235 235 234 234 233 234 234 232 232 232 229 229 229 229 227 229 229 234 239 242 240 235 233 233 231 230 229 228 229 233 233 230 228 226 228 229 231 230 227 228 232 231 227 224 222 223 224 222 220 219 218 215 212 210 208 206
244 218 221 225 225 226 228 230 230 231 232 232 233 234 233 234 234 235 233 233 235 235 235 233 233 236 237 236 234 233 234 235 234 237 237 234 235 238 235 231 232 233 232 234 237 238 235 236 237 238 238 239 242 241 243 242 241 242 241 240 239 238 238 238 237 238 238 238 238 239 241 241 239 239 240 242 243 243 241 239 239 241 240 238 237 238 239 240 237 236 234 234 234 233 233 235 236 238 238 236 236 236 236 238 239 238 238 237 236 234 234 237 240 237 231 226 231 237 239 237 235 236 238 239 238 238 238 240 239 239 240 239 237 237 237 237 239 239 239 239 239 239 238 238 239 238 239 240 239 236 236 238 238 235 234 237 237 234 234 236 235 235 236 236 235 235 234 233 233 234 234 234 236 236 236 236 236 235 235 234 233 236 239 238 237 239 238 236 236 238 238 238 237 237 237 237 237 235 234 234 236 235 233 232 233 234 234 233 233 232 227 227 229 230 228 227 227 230 236 240 240 236 235 234 233 230 227 227 227 230 233 229 227 226 229 229 230 231 231 231 233 232 229 225 224 225 223 221 219 218 217 215 213 209 206 205
245 219 221 226 226 226 229 230 231 231 232 232 232 231 230 232 233 235 234 232 233 234 234 234 235 236 236 237 237 236 236 235 235 235 235 235 235 237 236 233 232 234 233 233 236 238 238 237 237 237 238 239 241 242 242 243 242 242 241 240 238 238 239 241 240 239 238 238 238 239 241 242 242 242 241 242 243 243 243 241 241 241 240 239 239 240 241 239 236 237 234 231 233 236 235 235 236 238 239 239 238 237 237 240 241 238 238 236 235 233 234 237 240 235 229 228 235 240 240 237 233 234 236 235 236 237 237 240 239 239 239 242 240 239 239 238 237 240 239 239 240 239 238 238 239 237 238 239 239 238 238 238 238 235 236 235 236 234 234 237 237 237 237 236 235 234 236 235 235 233 232 235 236 235 235 236 236 235 235 233 233 235 238 238 238 239 238 236 235 237 238 237 236 236 237 238 238 237 236 236 236 237 235 234 234 235 235 234 234 233 229 226 228 233 234 226 226 230 233 237 236 234 233 232 231 229 228 227 226 229 232 231 229 229 232 229 229 234 235 233 227 228 229 228 227 226 223 218 218 218 220 217 212 210 208 202
245 219 220 222 222 223 227 229 230 230 232 232 232 231 229 231 233 234 233 232 233 234 235 235 235 235 235 238 237 237 235 234 234 235 236 237 237 237 237 235 235 236 236 235 237 238 236 236 236 236 236 237 239 240 240 241 241 241 242 240 239 239 241 241 240 240 239 240 240 240 241 240 240 241 240 241 241 242 242 240 240 240 239 238 239 240 241 239 239 239 234 231 233 236 237 237 238 237 237 238 240 239 239 240 240 238 237 237 236 236 237 238 238 233 227 230 238 244 243 236 234 235 237 234 233 236 237 238 237 237 240 240 238 237 237 237 238 239 240 240 240 241 239 239 239 237 238 238 238 237 237 238 238 236 236 235 233 234 234 236 237 236 236 238 236 235 235 234 233 233 233 233 235 234 234 235 236 235 235 234 232 234 238 239 237 237 238 237 237 238 237 237 237 237 237 238 238 237 236 235 235 237 235 233 233 234 234 233 232 232 231 227 226 232 234 230 228 228 232 236 234 231 230 229 231 231 230 227 226 228 231 230 229 229 231 228 228 231 235 232 225 226 230 231 230 227 224 218 218 218 218 218 214 210 208 203
245 220 221 221 219 219 223 227 228 229 231 232 231 230 231 232 234 234 233 233 234 234 236 237 236 235 235 236 237 238 235 234 234 235 236 237 238 238 238 237 237 237 238 237 237 237 235 236 235 235 235 237 238 239 239 237 239 241 241 240 240 240 242 242 241 239 239 240 241 241 241 240 239 240 239 240 240 240 240 240 240 240 239 237 238 240 241 240 240 240 238 234 234 236 239 238 238 237 237 239 241 240 239 239 239 238 238 239 240 240 240 240 238 232 226 232 237 241 240 237 238 236 238 239 237 236 236 236 236 237 240 239 237 235 235 236 238 238 239 240 239 240 240 240 240 238 237 237 236 236 236 238 238 237 236 235 236 236 235 235 233 234 236 237 236 235 234 232 232 234 234 233 235 235 234 234 236 236 235 235 234 235 237 238 237 237 239 239 239 238 236 236 237 237 237 238 238 238 237 235 235 236 233 232 232 232 232 231 231 230 232 227 225 230 233 232 230 228 233 237 234 230 227 227 232 233 231 226 224 230 231 228 228 228 228 226 225 226 228 229 228 228 230 231 230 229 226 221 219 218 215 214 211 209 207 203
245 220 222 222 221 221 223 227 230 230 229 229 228 229 232 234 234 232 233 234 234 234 236 236 237 237 237 235 236 236 235 235 235 236 237 239 240 238 239 237 237 236 238 237 236 236 235 235 235 235 235 237 238 238 241 237 236 240 240 241 241 241 242 242 241 239 239 240 240 241 241 240 239 240 239 240 240 240 240 242 241 240 239 237 238 240 240 238 238 239 240 239 237 238 239 237 237 238 238 239 241 240 239 238 239 238 238 238 239 237 238 239 237 232 226 233 237 236 239 244 246 241 239 243 242 238 236 235 235 239 240 239 237 235 234 236 238 238 239 240 238 238 238 238 240 238 237 237 235 235 236 237 238 237 236 235 237 237 232 230 229 232 234 235 235 235 234 231 232 234 234 233 233 235 235 235 237 238 237 236 236 235 234 237 237 236 238 239 238 237 234 235 236 237 236 237 238 238 237 236 236 234 232 232 232 231 231 231 232 232 235 231 227 230 233 236 233 231 232 235 235 230 227 227 230 231 231 227 227 234 233 226 227 228 228 226 223 222 224 225 228 228 229 229 227 225 223 222 220 217 215 211 208 208 209 205
245 221 223 225 225 226 226 228 230 229 227 228 229 229 230 232 231 230 231 231 231 234 235 235 236 236 234 235 234 234 234 235 237 236 237 238 238 237 237 238 237 236 240 239 236 236 235 236 235 235 235 237 237 237 244 240 236 237 238 238 238 240 241 243 242 241 241 239 239 240 241 240 239 240 240 241 241 242 242 242 241 240 239 237 237 238 239 237 237 236 237 238 239 239 239 237 238 238 239 240 240 239 238 237 239 238 238 238 236 234 235 237 238 232 223 232 236 237 240 246 250 243 239 242 244 241 237 235 236 239 238 239 238 235 233 235 238 238 238 238 238 236 236 237 237 238 237 237 235 236 235 236 238 237 236 236 237 236 231 230 229 231 233 232 234 236 235 232 231 233 233 232 232 234 234 234 235 236 236 235 234 234 236 237 236 233 235 239 239 236 234 235 237 237 236 235 235 235 236 236 236 234 232 232 232 231 232 233 235 236 238 234 231 233 232 234 232 232 232 235 236 231 227 226 228 228 230 232 233 236 232 224 225 229 231 227 223 222 223 224 227 228 227 227 226 223 219 221 221 219 217 213 210 209 210 205
245 219 222 224 227 228 225 227 229 226 228 233 232 231 231 230 230 231 231 231 230 231 233 236 236 234 233 234 234 234 234 235 237 237 237 236 236 236 238 239 238 238 240 239 237 236 236 238 238 237 235 235 236 238 246 246 239 238 238 238 238 238 240 242 242 241 240 239 238 237 239 241 241 242 242 243 243 242 241 241 240 239 239 238 238 238 237 237 237 235 237 239 239 239 237 236 237 239 240 239 237 237 236 235 237 239 239 237 236 235 237 238 236 230 224 233 237 239 239 242 245 242 238 239 242 243 239 236 235 237 238 238 239 236 235 237 238 236 236 238 237 236 236 238 237 238 239 238 237 238 237 237 237 235 234 235 236 236 233 232 231 232 233 230 233 238 237 235 234 234 234 232 233 233 232 232 233 233 233 233 234 236 236 238 236 234 236 239 240 237 233 236 238 237 237 235 233 235 236 238 237 235 232 232 233 232 234 237 237 239 238 236 235 237 234 232 231 230 231 234 236 233 229 224 224 226 231 234 239 237 232 225 224 228 235 231 224 221 223 225 228 227 224 224 228 223 218 221 224 221 216 215 211 210 211 207
243 216 217 219 223 225 224 226 227 226 230 234 233 234 237 235 231 231 232 231 230 229 232 236 236 234 233 234 235 234 234 235 237 237 236 234 235 235 237 239 239 239 239 239 238 237 236 238 240 239 237 235 235 236 244 248 244 239 239 238 238 238 239 241 243 241 239 238 237 237 240 242 242 242 242 242 242 241 240 240 239 238 238 239 238 238 237 239 238 236 235 237 239 239 237 235 236 237 239 239 236 237 236 236 237 239 240 239 236 236 237 237 234 230 226 235 239 239 238 239 243 245 239 237 239 240 240 236 234 236 239 239 238 237 236 238 237 235 235 237 238 236 236 238 237 237 239 240 240 240 239 238 236 232 232 235 237 237 236 235 234 233 232 230 233 237 238 236 236 236 235 234 233 232 232 231 230 229 229 231 234 236 237 239 238 236 237 239 239 236 234 236 237 236 236 235 233 234 235 237 237 234 231 231 233 233 235 241 243 240 238 238 239 240 236 233 232 229 228 231 235 232 230 225 223 227 229 229 236 237 233 227 226 227 231 232 224 220 223 227 229 225 220 221 226 224 218 219 224 222 216 214 211 211 211 206
243 214 215 218 221 223 224 227 228 228 228 229 230 234 238 238 234 233 235 234 232 229 231 233 234 234 232 233 234 234 234 236 236 236 235 235 235 236 239 239 237 239 238 239 239 237 235 236 239 239 238 236 236 237 240 241 241 240 240 238 237 237 237 239 240 239 237 238 237 238 240 242 240 240 239 237 236 237 237 237 236 236 237 239 240 239 239 240 240 237 234 235 237 239 235 233 233 235 238 238 237 238 239 239 239 239 239 240 238 237 238 237 233 227 225 236 238 237 236 235 239 243 238 235 237 239 239 236 234 236 240 239 235 234 236 240 237 234 234 236 237 236 236 238 237 237 238 239 239 237 236 238 237 235 233 235 237 238 237 236 236 234 233 231 232 235 236 237 237 237 237 235 232 231 233 233 230 229 230 231 234 237 237 238 239 238 238 239 237 235 234 234 236 236 236 236 235 234 234 236 235 232 231 231 234 233 235 243 246 242 238 239 240 241 239 238 237 233 229 230 234 232 231 228 228 230 229 228 230 233 234 230 227 226 227 229 224 217 221 226 227 224 222 227 231 226 219 217 219 219 217 213 211 210 209 205
243 213 217 222 222 222 224 226 227 229 227 228 230 232 233 233 234 234 236 236 234 232 234 235 235 234 233 234 234 234 235 236 235 235 236 237 237 237 240 239 236 238 237 238 239 237 234 234 236 238 238 237 237 240 238 237 237 240 240 238 236 236 238 238 238 239 238 238 241 241 240 240 239 238 237 235 236 238 237 237 236 236 237 239 240 240 240 241 240 237 235 234 235 236 234 232 233 235 238 239 236 239 240 242 241 240 242 241 239 237 237 238 235 228 224 233 235 238 236 233 234 234 234 235 237 239 238 235 234 235 239 236 230 230 236 240 239 235 235 236 236 236 236 237 238 233 237 240 238 232 231 240 237 236 236 236 234 235 237 236 236 235 234 231 234 233 232 236 237 236 237 233 230 231 234 235 234 232 230 232 234 236 237 237 237 236 236 237 237 235 233 233 236 236 236 236 236 234 233 234 232 231 230 232 235 233 234 239 241 241 239 242 242 241 239 238 238 236 232 232 235 233 231 233 232 231 229 228 230 232 232 231 228 228 227 227 223 217 219 225 226 224 223 231 237 230 220 217 217 217 218 213 211 210 207 204
242 212 218 223 223 221 225 227 227 229 231 231 231 232 230 230 231 233 234 235 233 233 233 235 238 240 239 238 235 234 234 234 234 237 238 237 237 238 239 238 236 237 237 238 238 238 235 235 236 238 239 239 240 243 239 236 235 238 239 238 237 237 237 237 237 238 237 236 234 234 235 238 238 238 238 238 239 240 238 235 235 235 236 238 239 239 239 240 239 236 234 233 236 236 235 233 234 235 238 238 236 238 239 241 241 239 242 243 240 236 234 235 236 230 224 229 232 237 237 235 234 236 236 238 239 238 238 237 236 235 236 235 232 233 239 243 239 237 237 238 237 237 237 237 235 231 233 239 239 234 232 240 238 237 236 235 233 234 236 237 239 237 234 232 233 232 232 236 238 237 236 233 230 230 232 234 233 232 232 234 235 236 236 235 235 235 236 237 235 233 233 232 233 235 236 236 236 234 233 234 232 230 230 231 233 232 237 237 234 237 241 244 243 239 235 233 235 236 234 234 234 232 232 236 236 234 230 229 229 230 232 230 227 228 228 228 225 221 220 224 228 225 221 226 237 233 221 217 216 216 215 211 209 208 207 207
242 212 219 223 222 221 223 226 227 230 233 233 232 231 231 232 232 233 234 232 232 232 234 235 237 242 245 241 234 234 235 234 234 237 237 236 237 238 237 237 237 237 236 238 238 239 238 237 237 242 241 239 239 241 240 238 236 239 241 239 239 238 236 234 236 238 237 232 216 221 233 235 234 235 238 240 241 241 237 222 228 235 236 239 241 241 239 237 238 235 227 230 238 238 237 235 235 235 236 236 235 235 236 240 240 238 240 243 242 237 234 231 232 230 224 228 231 237 238 239 239 239 240 239 237 238 241 240 237 236 236 236 235 236 237 240 238 237 237 238 239 239 238 240 236 234 235 235 240 238 235 237 238 237 235 234 233 234 236 239 239 237 234 231 231 232 232 237 239 238 236 234 232 232 232 233 233 234 235 235 234 236 236 236 236 235 236 236 234 232 233 230 231 235 236 236 236 236 235 234 233 231 231 232 230 232 236 237 235 238 240 243 243 238 233 233 235 234 234 234 234 232 233 237 237 233 230 229 227 228 231 229 226 226 229 230 228 221 219 221 225 225 222 222 230 231 224 217 216 217 215 211 210 208 206 207
243 212 215 220 221 221 222 225 227 229 231 234 231 231 231 232 233 234 233 232 232 232 231 232 235 240 243 239 234 235 235 235 235 237 237 236 237 237 237 238 238 237 237 239 238 239 238 237 239 241 239 238 238 241 241 240 240 240 241 240 240 239 237 235 237 237 237 229 206 218 237 237 234 233 233 238 240 241 232 209 219 236 236 239 241 239 238 238 237 231 215 222 237 238 237 235 237 236 235 236 231 223 228 240 238 236 237 240 238 234 231 228 224 228 228 228 229 234 238 239 238 240 238 235 236 242 242 240 238 239 239 239 237 239 236 237 238 237 236 237 238 238 237 239 237 238 238 234 238 239 239 240 239 237 235 234 234 234 236 238 237 237 235 232 231 233 234 235 238 237 235 234 232 233 233 233 233 234 236 234 234 236 236 236 236 235 236 235 234 233 233 230 231 233 233 234 235 236 236 235 233 231 231 230 230 231 233 234 234 235 237 239 240 238 233 234 235 234 234 234 233 231 231 234 236 232 230 230 227 227 229 229 228 226 227 230 228 222 219 219 220 220 219 218 223 229 225 220 216 218 217 214 211 208 204 203
243 212 214 219 219 220 221 226 227 227 229 230 230 230 230 230 231 233 232 233 234 232 230 230 232 234 235 235 232 234 236 236 236 237 237 238 238 237 238 239 239 238 238 237 237 237 240 239 240 237 235 237 240 242 240 241 241 240 239 240 240 240 239 236 236 235 235 229 206 220 244 243 239 234 232 235 236 237 229 204 217 236 238 240 240 237 237 237 237 229 204 217 237 239 238 237 238 238 236 235 226 209 218 238 238 234 235 238 237 235 233 223 211 223 230 225 226 231 237 238 238 238 229 219 228 240 240 238 237 240 239 239 242 237 227 232 238 237 236 236 237 235 235 237 234 235 239 234 236 240 240 241 240 236 234 235 235 235 235 235 234 235 235 234 233 234 234 235 237 235 234 235 234 234 234 233 233 234 235 234 235 237 236 233 233 235 235 235 235 235 234 231 231 233 232 233 235 238 237 235 232 230 230 231 232 231 229 231 233 234 236 236 236 236 234 234 233 233 233 232 233 229 228 231 234 232 231 232 229 228 229 229 229 226 225 227 227 226 223 222 220 221 220 217 219 224 226 221 216 217 216 215 212 209 204 204
243 212 213 218 218 219 222 225 226 227 229 229 230 231 230 229 230 232 234 234 234 233 231 231 232 232 232 233 233 233 235 236 235 236 238 238 238 237 239 238 237 238 237 237 237 238 239 241 240 236 235 238 240 242 241 241 240 238 237 238 239 237 238 239 237 236 236 230 203 216 239 245 242 233 228 233 235 237 228 206 220 236 237 238 238 236 237 239 239 230 204 218 240 239 237 237 237 238 237 236 226 206 219 237 236 236 237 237 240 240 237 221 205 220 234 226 224 229 237 240 240 238 222 208 222 237 236 235 237 238 239 242 246 230 212 224 237 237 236 236 237 235 234 236 226 221 233 234 232 238 237 238 238 237 235 230 227 234 234 234 233 233 232 233 235 234 231 230 234 235 235 235 234 234 234 234 232 232 232 232 234 236 234 231 231 233 235 235 234 235 236 234 234 233 233 234 236 238 237 235 233 231 231 231 233 234 232 234 236 237 237 234 233 235 236 234 233 234 233 232 231 229 229 231 232 232 230 232 232 230 230 229 228 228 227 228 228 228 227 224 223 223 220 218 220 224 224 219 217 218 216 212 211 209 206 202
243 213 212 217 217 218 220 223 225 228 230 231 230 230 231 229 230 232 236 237 235 234 233 232 233 233 233 233 234 234 235 236 235 235 236 239 238 237 238 238 236 238 236 236 237 239 240 240 240 238 238 238 239 241 242 242 240 237 237 238 239 237 237 239 239 238 237 231 204 215 235 240 237 223 218 228 236 238 226 204 223 240 238 238 232 229 233 238 238 228 206 218 240 238 236 233 233 238 237 237 227 207 219 236 236 238 235 235 239 241 238 219 203 219 236 227 223 227 237 239 240 237 222 207 223 238 236 237 238 237 238 241 243 225 206 222 237 237 236 236 238 236 235 235 220 208 228 234 232 237 238 236 236 237 236 221 212 230 234 235 234 233 232 232 234 233 224 217 229 235 233 234 232 233 233 234 232 227 225 232 235 235 233 231 231 233 234 235 234 233 236 235 235 233 232 234 235 237 237 236 235 233 231 231 234 236 234 235 238 239 237 234 232 235 236 234 233 234 234 232 231 229 229 231 232 231 229 231 231 230 230 228 227 229 229 229 229 229 227 225 224 221 221 220 224 227 224 219 218 219 216 211 208 207 206 200
243 212 213 215 217 221 222 223 225 227 229 229 229 229 231 232 232 233 235 236 234 234 235 234 234 234 234 234 234 237 241 239 235 235 235 237 239 237 237 238 238 238 237 236 237 238 238 239 240 241 240 238 238 239 242 242 239 237 237 239 240 238 238 239 240 239 239 232 206 215 233 236 231 210 202 222 234 235 225 204 224 241 239 240 217 209 228 238 238 227 204 217 237 236 235 221 220 232 235 236 225 207 218 237 236 238 227 223 234 237 235 215 201 217 236 228 222 223 228 233 236 235 220 206 224 239 235 238 242 240 236 234 236 225 206 221 234 236 234 236 237 237 235 236 218 205 226 235 237 238 237 236 235 235 234 215 204 229 237 235 234 236 237 235 234 232 217 202 229 237 235 235 233 233 233 237 232 218 208 229 234 236 236 235 233 232 234 235 235 233 234 235 235 233 231 232 233 235 235 237 235 235 234 234 234 235 236 235 235 235 238 233 230 234 237 236 234 233 234 235 232 231 232 232 232 229 229 231 230 229 229 228 226 226 228 229 228 225 225 229 228 224 220 219 224 224 218 216 217 220 216 211 204 202 205 201
243 210 212 216 221 227 225 224 224 225 227 229 228 227 228 230 231 231 232 233 233 233 235 236 236 236 234 233 234 236 237 238 236 236 235 236 238 237 235 236 236 236 237 235 235 237 239 238 239 239 239 236 236 237 240 240 238 237 238 240 240 240 239 240 240 240 241 233 203 202 213 216 214 199 194 209 218 222 215 197 212 228 229 230 207 201 223 234 231 220 199 210 230 232 231 210 210 227 234 235 224 204 217 236 235 235 215 212 237 240 236 217 200 218 238 230 223 209 215 231 235 236 222 205 225 238 236 235 232 234 238 235 237 224 208 223 235 236 232 231 233 238 235 235 217 204 226 236 237 237 234 234 236 234 233 216 205 230 238 236 236 238 239 237 233 234 218 202 227 236 236 234 235 234 233 234 231 215 205 228 234 236 237 236 235 233 233 234 234 233 233 235 235 232 231 231 231 233 233 233 232 234 235 235 236 238 237 232 231 230 233 233 231 232 234 237 234 233 233 233 231 231 233 234 234 229 226 229 230 230 229 229 226 226 228 228 227 224 221 224 229 225 219 218 219 219 216 214 215 216 216 213 206 201 204 201
243 210 211 215 221 229 225 223 223 223 227 230 228 225 227 227 228 230 230 230 232 233 234 234 235 236 235 234 234 235 234 235 235 235 233 233 235 238 236 233 233 235 238 236 234 236 238 238 238 238 238 237 238 238 239 239 238 238 239 241 239 239 238 238 238 239 242 234 195 169 170 172 171 166 165 173 177 179 177 171 179 187 192 195 187 184 196 205 204 197 186 195 208 213 212 198 198 213 219 221 215 198 209 226 226 225 203 202 228 232 229 215 197 214 233 228 223 199 204 226 232 237 224 205 223 236 233 230 217 221 237 236 240 224 205 221 231 232 229 217 221 235 237 236 216 203 223 234 237 232 223 225 236 236 235 218 205 229 237 235 233 233 235 236 235 233 217 202 225 235 237 237 236 233 231 232 231 214 204 228 235 235 236 235 234 233 233 233 233 232 232 233 232 229 230 231 231 232 232 230 230 233 234 234 235 238 234 229 229 230 233 233 231 230 231 234 233 233 233 233 232 231 232 234 233 228 224 226 227 228 229 228 227 229 229 229 228 224 220 222 224 223 220 219 217 215 215 213 212 213 213 213 208 201 201 199
243 211 210 213 218 225 222 222 222 222 228 233 229 225 226 227 228 230 228 228 230 233 234 233 234 235 235 234 235 235 234 234 233 234 234 234 235 239 239 235 232 235 242 241 235 235 236 238 238 238 237 239 240 241 240 239 239 239 242 241 239 238 238 238 238 238 240 235 205 176 168 166 164 163 160 158 158 157 156 155 154 154 155 158 157 154 153 155 158 155 152 156 162 165 165 160 160 167 170 174 174 167 172 181 181 184 175 176 189 193 194 187 179 191 202 204 202 186 191 206 212 219 211 198 209 218 219 217 204 209 231 229 232 215 199 216 225 228 224 205 209 231 236 235 215 203 223 235 238 227 209 218 235 237 235 217 204 228 235 237 228 216 224 235 236 234 216 202 225 234 237 235 224 227 230 233 230 212 202 226 233 233 234 234 232 233 234 234 233 232 233 232 230 227 229 231 232 233 233 230 230 231 234 235 235 235 233 229 228 228 231 231 231 232 234 233 233 233 234 234 234 231 230 231 231 228 224 225 226 227 228 227 227 229 229 229 228 224 221 221 219 218 220 220 218 217 216 216 218 219 213 211 207 203 201 197
242 210 209 211 216 222 219 221 222 222 227 232 226 224 226 227 228 230 228 228 231 234 234 233 233 233 234 233 233 235 235 234 234 236 236 235 236 237 242 239 234 236 243 241 235 235 237 238 238 238 237 239 240 240 240 238 239 239 242 241 238 237 237 239 238 239 239 238 232 227 222 218 215 213 209 205 203 201 200 199 196 194 189 186 182 177 171 171 175 169 164 164 168 167 165 163 164 163 161 159 156 156 157 156 154 154 155 156 155 155 156 154 153 155 157 159 158 156 161 168 171 176 173 168 172 176 177 181 177 180 194 194 195 184 179 191 199 205 201 192 195 211 215 216 202 195 213 222 223 214 199 209 227 228 227 211 200 223 228 232 219 202 214 233 234 231 217 203 224 232 236 228 208 217 228 231 229 213 205 226 231 232 233 234 232 233 233 234 235 234 234 231 227 226 230 231 231 232 232 231 229 230 234 236 235 235 234 231 231 229 231 231 232 234 235 233 233 234 234 235 234 231 229 229 229 229 226 225 225 227 228 227 227 226 226 226 227 224 220 219 216 217 221 220 219 219 219 217 220 224 216 209 206 204 202 196
241 206 208 209 215 221 218 220 221 220 225 229 225 224 225 224 226 230 230 230 230 235 238 234 232 230 232 231 231 232 233 235 237 238 237 235 234 235 238 238 236 237 241 238 235 236 238 238 238 237 238 240 240 241 239 237 238 238 241 242 239 238 239 240 238 238 238 238 239 239 237 237 235 235 233 232 233 230 231 232 234 235 233 228 225 222 221 221 225 221 216 217 219 218 215 214 214 214 211 206 200 200 198 195 191 189 188 186 183 179 178 176 174 172 171 167 163 161 163 165 166 165 162 159 159 158 160 161 157 156 159 159 158 154 152 156 159 161 162 161 163 168 169 169 164 166 175 181 181 177 172 181 191 195 194 185 181 198 202 205 195 186 196 209 213 213 203 197 211 216 221 215 196 205 219 221 219 208 205 226 233 233 233 232 232 232 232 234 236 236 234 230 228 227 230 231 230 230 231 231 230 231 234 236 234 233 234 233 233 233 233 230 231 234 235 233 233 232 234 234 234 232 229 229 231 231 228 223 223 226 228 228 225 225 225 224 224 223 222 220 215 217 222 220 218 217 215 214 216 219 215 208 205 204 204 195
241 205 205 206 212 219 219 220 218 219 224 231 229 226 224 223 224 227 229 230 228 234 239 233 230 231 232 229 231 230 230 234 236 237 237 235 234 233 233 234 234 234 235 235 235 236 239 239 238 238 238 240 240 241 240 240 240 238 241 242 241 240 242 241 240 238 238 237 235 237 237 236 232 233 233 236 236 232 235 238 241 242 240 235 233 235 237 237 240 239 237 238 239 239 238 237 238 240 241 237 234 235 234 233 233 233 231 228 226 223 223 223 222 221 220 217 214 210 210 210 210 208 206 201 200 201 201 197 192 190 190 186 184 182 181 180 178 174 171 169 168 168 166 162 159 161 161 161 159 157 156 156 157 160 160 154 153 158 157 157 156 154 157 161 164 166 165 166 172 170 175 174 164 168 176 180 183 183 200 227 232 232 230 230 233 234 233 232 233 234 232 227 228 231 233 233 230 231 233 233 232 230 231 233 231 231 232 233 234 235 233 232 232 233 235 235 231 230 232 233 231 229 227 228 231 232 229 223 222 225 226 226 224 223 224 221 221 224 225 223 215 215 221 220 219 218 215 213 212 212 210 206 205 203 203 193
241 206 206 207 211 215 217 219 217 219 224 231 229 225 224 224 224 226 229 233 234 237 240 234 228 232 233 233 236 234 233 234 234 236 237 235 234 234 233 233 234 235 234 235 235 236 237 239 238 238 239 240 240 241 241 241 240 239 241 242 242 241 240 240 241 239 238 234 211 212 225 214 205 204 218 228 215 221 232 235 237 239 239 237 236 237 238 238 239 239 239 240 240 240 238 237 238 241 241 238 239 238 237 237 238 238 236 236 234 232 233 233 232 234 235 234 233 232 233 232 231 232 232 234 235 236 233 228 227 231 237 234 229 230 232 232 229 224 221 219 219 216 215 212 209 207 203 201 198 196 195 193 189 187 184 182 180 179 174 171 169 170 168 165 164 164 165 165 165 159 158 157 152 150 151 152 154 163 198 227 229 231 231 232 233 234 233 231 229 229 226 224 228 233 234 233 231 232 233 234 232 230 230 231 231 231 232 232 233 234 233 234 232 232 233 235 231 230 231 231 228 227 227 228 230 232 229 222 220 224 225 224 223 223 224 221 219 224 227 224 215 215 220 221 220 218 214 214 211 209 207 205 204 201 197 187
241 207 209 209 211 214 217 218 217 220 223 227 225 222 225 228 226 226 228 234 238 239 243 242 235 233 232 233 237 235 236 237 234 233 235 236 236 236 237 236 236 236 236 237 237 236 236 238 238 238 238 239 240 240 241 241 241 241 241 242 241 240 238 239 241 241 240 232 183 171 195 174 166 160 181 200 173 199 235 238 237 236 237 239 238 238 239 238 238 240 239 239 238 238 236 237 238 239 240 238 238 237 237 238 237 236 237 237 236 233 234 236 236 234 235 234 233 233 236 236 231 231 234 238 237 237 233 230 231 236 241 240 237 239 240 239 239 237 236 236 238 237 236 237 237 235 234 233 232 233 235 234 232 229 227 226 226 225 221 219 218 219 219 216 215 211 210 208 206 202 198 197 192 187 186 186 185 190 214 231 232 231 232 234 234 234 233 231 229 228 225 223 227 233 232 233 233 233 233 234 233 231 230 232 233 233 234 232 232 233 233 233 232 231 231 233 231 231 231 229 226 227 227 227 229 231 228 220 219 223 225 225 225 226 224 222 219 222 227 226 221 221 219 221 220 215 212 212 212 211 209 206 203 196 192 177
241 206 209 210 210 212 215 219 218 221 222 224 223 220 225 229 227 226 227 230 231 232 237 241 240 238 234 231 232 231 235 238 233 232 233 236 238 238 239 238 237 237 237 238 238 237 237 238 238 237 237 238 238 239 240 241 243 243 242 240 239 240 239 240 242 242 241 229 175 154 167 150 153 142 155 169 146 189 236 240 235 234 238 240 239 239 239 238 239 241 240 237 236 236 237 239 238 237 240 242 236 234 238 240 238 235 235 236 235 235 237 238 237 235 235 237 237 235 234 232 228 231 236 239 237 235 235 235 236 237 240 241 240 242 240 237 239 238 239 239 240 240 238 239 239 236 235 234 235 237 240 239 238 236 237 234 236 235 232 231 232 234 235 235 236 234 232 233 232 231 231 231 227 226 228 229 228 229 233 234 234 234 234 235 234 234 235 233 230 227 228 230 234 235 235 235 234 233 234 232 230 229 231 233 234 233 236 234 233 233 232 231 231 231 231 230 229 232 233 230 228 228 227 227 226 227 227 222 222 226 227 226 225 224 225 224 220 221 225 227 225 224 219 217 217 214 213 213 214 215 213 210 203 196 190 157
241 204 206 208 207 209 213 218 220 219 219 221 220 218 222 225 225 226 227 228 227 226 229 232 234 237 235 230 228 228 232 236 232 232 232 234 237 237 238 238 236 236 237 237 237 237 237 239 238 237 239 238 237 239 240 239 241 242 242 240 239 240 240 240 242 241 241 230 182 173 183 166 161 153 169 179 156 195 235 239 235 235 239 239 239 238 238 239 239 240 238 235 233 235 240 242 241 238 242 242 234 232 238 239 237 233 233 234 232 231 233 237 237 236 234 237 236 234 233 231 229 232 234 236 236 236 238 238 239 240 241 241 241 241 239 236 238 239 241 241 240 240 238 238 237 236 235 234 234 234 236 236 237 235 236 235 237 237 235 233 232 234 234 234 237 236 235 237 236 235 234 234 232 234 235 236 235 234 235 236 235 234 234 236 235 234 235 235 231 229 231 237 239 235 235 236 234 232 232 230 228 228 231 234 234 234 237 237 233 232 232 232 231 231 231 231 230 232 232 230 228 227 227 227 225 225 225 225 226 227 227 226 224 222 224 224 222 221 222 223 223 222 219 216 215 215 214 213 213 214 215 212 206 201 195 140
240 204 206 207 207 209 215 218 219 218 218 220 218 218 222 223 226 228 229 229 228 228 229 230 231 233 233 230 228 228 231 233 233 233 233 235 235 235 235 234 235 237 238 237 236 236 237 238 237 238 242 243 238 239 241 238 237 240 240 240 240 241 241 241 241 240 241 231 186 192 212 182 165 163 193 206 171 199 234 237 238 240 239 240 239 238 238 239 239 240 238 234 232 236 243 245 244 238 239 240 235 234 238 239 236 233 234 235 231 226 229 235 237 238 235 233 232 231 232 233 233 231 230 232 235 237 236 235 238 241 240 240 241 241 240 238 240 242 243 242 241 241 239 239 238 238 236 234 235 233 232 234 233 233 234 236 238 238 236 234 233 232 230 231 234 238 237 237 236 234 233 233 233 234 235 235 232 232 235 236 234 233 235 235 235 235 235 235 232 230 233 239 237 232 233 236 234 231 231 230 228 230 231 233 234 235 236 236 233 232 232 232 232 232 232 231 231 233 232 229 229 227 227 227 226 227 226 232 232 228 227 226 224 222 224 223 221 220 218 220 221 221 219 217 217 216 216 214 213 212 214 211 204 205 196 121
239 201 203 208 208 210 215 214 215 218 219 220 218 217 221 223 226 229 229 229 229 229 229 232 233 232 231 231 230 230 232 232 233 233 235 235 235 235 232 232 232 235 237 235 235 235 236 237 236 238 243 242 238 241 241 235 234 236 237 240 241 241 241 241 241 240 240 231 188 198 222 188 167 164 202 218 177 199 235 239 240 242 240 238 239 240 240 239 240 241 240 237 234 236 241 243 242 238 238 239 235 235 238 238 234 232 232 235 233 228 229 232 235 239 236 232 232 232 230 230 230 229 229 232 236 235 234 235 237 239 239 239 240 240 240 239 241 238 239 242 242 240 241 241 239 237 236 237 241 240 233 231 231 233 234 236 238 238 235 234 235 235 230 227 231 236 238 237 235 235 234 234 233 233 232 231 231 232 234 236 233 232 234 235 235 234 234 235 233 232 236 238 235 229 230 234 233 230 231 231 230 230 231 232 233 235 233 233 234 233 232 232 232 232 230 229 230 232 231 228 228 227 227 226 228 229 231 236 234 229 229 227 224 223 224 224 220 217 218 220 221 220 218 218 216 217 216 216 214 212 213 208 201 196 174 89
239 198 200 206 208 211 214 212 213 217 220 224 223 219 222 226 228 228 227 228 228 229 230 231 232 230 230 232 232 232 234 234 234 235 236 236 236 235 233 233 233 236 238 236 236 236 236 235 235 239 242 238 236 244 243 233 231 233 234 236 237 237 239 241 239 238 238 230 186 198 223 189 168 167 205 219 177 198 235 240 239 239 238 236 239 240 240 240 242 243 243 241 239 238 237 238 241 240 240 238 233 233 236 235 233 231 231 235 237 234 234 234 236 239 238 235 236 235 228 228 228 230 231 234 237 238 237 236 237 237 237 238 239 240 240 241 242 235 234 239 240 240 241 242 240 237 236 236 243 246 237 232 231 236 235 234 233 233 233 234 237 236 228 225 229 234 235 233 233 233 235 236 235 234 230 229 228 230 234 235 233 232 234 235 236 234 232 233 233 234 236 236 235 231 231 234 234 232 232 233 232 232 234 235 233 234 231 231 234 233 230 231 233 231 228 228 230 231 230 228 225 225 227 225 229 230 228 229 229 227 226 227 226 225 224 223 223 220 217 221 220 218 217 216 216 216 215 215 213 211 210 207 199 183 137 52
239 198 200 205 205 207 211 211 213 214 218 224 226 222 224 227 229 227 225 227 227 228 230 231 232 230 230 233 233 233 234 234 234 235 237 236 236 235 234 234 235 236 237 236 236 237 237 236 235 237 238 234 234 244 243 234 230 234 234 235 234 234 239 238 237 236 238 232 192 203 228 194 173 172 207 218 178 199 234 237 239 236 235 235 239 241 240 239 240 243 243 243 241 238 236 239 242 241 241 237 233 233 235 233 234 234 234 235 237 237 237 236 237 237 239 239 240 238 230 227 229 230 231 233 238 240 239 236 239 241 239 237 238 239 239 241 242 239 237 236 238 241 241 240 238 236 235 235 241 246 242 232 233 239 237 231 229 228 229 234 237 235 227 224 229 233 234 232 231 231 233 235 236 234 232 229 227 229 235 237 235 234 235 237 237 235 233 233 233 234 235 235 235 236 232 233 234 232 231 232 233 233 236 238 236 233 230 230 233 234 232 231 232 231 228 228 230 231 230 227 224 224 227 226 228 228 226 227 227 226 225 225 226 225 223 222 224 224 220 219 220 216 214 215 215 216 214 213 211 210 208 206 199 174 109 30
238 196 200 205 202 202 206 211 213 214 215 221 224 222 224 226 226 225 224 228 229 228 230 231 232 230 231 234 234 233 233 233 233 233 236 236 235 235 234 235 235 236 237 236 236 237 237 237 235 236 236 234 234 240 238 234 233 235 236 236 235 235 238 238 237 236 238 237 215 219 233 213 200 199 219 225 199 215 236 237 239 237 233 234 237 241 241 239 239 243 243 242 240 238 239 243 243 241 237 235 234 235 236 233 234 234 234 234 236 239 238 237 238 237 239 239 239 238 232 230 231 232 231 233 238 237 238 236 239 244 241 236 236 239 240 241 242 242 240 237 238 241 241 239 237 236 236 236 240 244 243 233 234 240 238 231 230 227 228 234 235 232 227 227 232 233 234 234 231 233 236 236 236 236 234 231 229 229 235 238 236 233 233 235 238 236 234 232 232 232 234 235 235 233 231 233 234 232 232 232 233 233 236 238 236 233 231 230 232 234 234 232 232 230 228 229 231 232 230 228 225 224 227 227 228 228 227 228 228 228 226 224 224 225 224 222 223 224 222 220 221 217 213 216 218 216 214 212 210 209 207 204 195 157 81 16
237 189 194 201 202 204 210 213 214 217 218 218 222 222 221 221 222 223 226 230 229 228 230 231 231 231 233 234 234 233 232 232 232 233 234 234 234 233 233 234 236 237 237 237 237 238 237 238 237 237 236 233 235 237 235 237 237 237 238 239 239 237 235 237 238 238 240 238 234 236 238 236 234 232 234 235 231 235 238 240 241 238 235 233 234 238 240 239 240 241 240 237 236 235 237 239 240 239 234 234 235 238 239 236 237 238 235 234 237 243 241 239 239 238 238 237 238 239 237 235 236 236 233 233 237 238 235 236 237 240 240 238 237 240 241 241 241 241 241 241 241 241 240 239 237 239 240 237 238 240 241 237 238 240 237 234 232 226 228 232 231 228 226 231 236 234 233 234 234 240 242 239 237 238 235 232 229 228 233 236 233 230 228 230 234 234 231 230 230 229 231 234 233 231 232 235 234 233 233 234 234 237 238 235 233 232 231 231 232 232 232 231 231 230 228 228 229 230 229 229 227 225 226 225 226 226 226 228 228 227 226 224 224 224 223 221 220 220 221 221 221 220 215 216 217 217 214 211 209 207 206 202 184 123 49 9
236 186 187 197 204 209 216 216 216 222 223 219 220 221 222 220 222 224 229 233 230 228 228 230 231 233 234 235 235 234 233 232 233 234 234 232 232 232 234 235 239 239 236 237 237 239 238 239 239 238 237 235 237 238 238 239 237 238 239 240 240 239 237 239 240 240 241 236 232 235 239 240 240 240 238 240 239 240 240 241 243 240 237 233 233 236 239 240 239 240 240 237 235 231 234 236 237 237 236 236 238 239 240 237 239 240 236 234 238 243 242 240 238 237 237 237 239 240 237 236 238 237 232 231 235 236 237 238 238 239 240 238 237 240 241 242 241 241 241 241 241 240 239 239 239 241 242 239 237 238 239 236 237 241 239 236 235 230 229 231 233 230 228 233 238 236 233 234 236 240 240 237 236 238 237 235 233 230 232 236 234 232 229 229 231 232 230 231 232 230 231 234 235 233 236 237 235 235 235 233 235 239 239 235 232 231 231 232 232 231 231 229 229 230 229 229 229 229 228 230 229 227 225 225 225 225 224 225 225 225 226 226 225 223 221 221 221 222 220 219 221 221 217 215 215 215 213 210 209 207 204 201 172 94 31 9
236 187 187 195 201 207 214 216 215 220 220 215 216 219 226 223 222 224 229 234 230 225 226 228 230 234 235 236 234 233 232 232 233 234 232 232 232 234 237 238 242 238 235 235 234 236 236 237 238 238 238 238 238 240 239 239 238 240 239 240 240 238 237 239 238 239 239 237 236 236 238 241 241 242 241 241 240 240 239 238 241 239 238 236 235 235 237 240 239 240 240 240 237 233 236 237 236 236 236 238 238 237 239 236 238 240 237 235 235 237 238 238 236 237 237 235 238 239 238 236 237 237 234 229 230 233 238 240 239 241 242 239 239 241 240 241 241 241 241 241 240 240 240 240 240 240 242 240 237 237 237 237 238 242 241 239 235 231 230 234 235 233 231 233 235 235 235 237 238 238 237 236 238 238 237 237 237 234 229 231 234 235 231 229 231 233 232 233 234 230 229 233 236 235 236 236 234 236 236 233 233 237 238 236 232 231 232 232 233 231 230 229 229 230 230 230 230 229 227 227 228 227 226 226 225 225 224 223 223 223 226 224 223 222 221 221 221 220 218 217 219 220 218 214 215 214 211 209 208 206 202 194 147 62 17 7
236 189 190 195 198 202 207 212 212 215 213 210 213 217 222 223 224 225 227 229 226 224 226 228 230 234 235 237 234 231 230 231 231 233 233 232 233 235 235 237 240 237 234 234 232 233 235 236 237 238 237 237 238 240 239 239 240 242 239 240 239 236 235 235 234 235 238 240 239 240 240 242 240 242 240 239 240 239 238 238 237 236 238 238 236 235 236 239 238 238 239 241 239 237 238 239 238 239 238 236 235 236 239 236 237 237 235 235 232 232 233 233 235 239 235 232 234 238 238 237 236 234 231 228 231 236 238 239 238 241 243 242 244 242 238 240 240 240 241 241 240 242 241 241 240 239 239 239 238 238 239 239 240 242 241 239 233 229 232 235 234 233 233 233 233 234 235 238 238 238 238 237 240 239 238 239 240 236 229 227 231 234 232 230 233 235 234 234 233 229 229 232 236 237 234 232 232 235 236 233 235 237 236 236 234 233 233 234 234 232 230 231 231 231 232 232 231 229 227 227 228 227 227 227 225 226 224 221 223 223 225 223 221 220 220 220 219 217 215 214 215 218 219 215 214 214 210 207 207 206 200 185 115 35 11 6
236 189 191 195 197 200 201 208 212 214 213 211 212 213 216 219 221 222 224 225 225 224 225 229 233 233 232 233 231 230 230 231 230 232 235 234 233 234 233 233 234 236 234 233 231 231 233 234 236 236 236 237 238 240 241 241 241 241 239 240 239 235 232 231 229 230 234 238 240 241 241 242 241 241 241 240 239 238 237 237 235 233 237 239 237 237 237 237 235 235 235 237 236 235 237 236 238 241 240 236 234 234 236 236 237 235 234 234 232 232 231 230 232 238 236 236 241 241 238 238 237 234 234 234 236 239 240 239 237 239 239 239 242 240 238 240 241 241 242 242 241 242 242 241 240 241 239 237 238 240 241 241 242 241 239 237 233 230 234 236 232 231 231 233 234 233 235 238 238 239 241 240 241 239 238 238 240 238 231 226 230 234 234 233 235 234 233 234 231 229 231 232 233 234 233 230 230 233 235 233 235 236 234 234 234 233 234 236 236 232 231 231 231 230 230 232 231 230 229 228 227 227 227 227 226 226 224 220 223 224 224 223 221 220 220 219 218 216 214 212 214 215 217 214 213 212 208 205 206 206 199 173 87 20 9 7
235 186 187 191 194 199 200 205 209 212 212 212 213 214 215 216 218 219 221 223 224 225 227 231 234 231 229 228 228 228 229 231 230 230 232 234 237 239 241 236 234 235 234 232 230 229 232 235 235 234 235 237 239 238 240 242 242 239 240 240 240 236 233 230 231 232 236 238 239 239 240 240 239 239 242 241 238 237 238 238 235 232 235 237 238 238 238 238 237 237 236 236 235 233 234 235 236 237 238 235 235 235 235 234 235 235 235 234 234 234 233 232 234 240 239 240 245 243 239 240 239 235 236 236 238 237 237 238 238 238 237 236 237 239 240 241 242 242 243 243 242 243 242 242 242 243 242 240 239 242 243 243 241 239 238 237 235 234 235 233 230 233 234 234 235 235 237 239 239 238 239 240 239 237 236 235 236 236 232 226 229 234 236 235 234 232 231 232 230 228 229 230 231 232 232 231 231 232 233 234 234 234 233 233 232 232 232 235 237 233 233 232 231 229 229 231 232 232 229 226 227 227 227 228 226 224 223 222 224 225 223 221 222 221 221 218 217 215 213 212 213 213 214 212 212 209 205 203 207 204 192 145 56 12 8 7
235 186 186 187 191 199 199 200 205 208 210 212 213 214 216 216 215 217 220 222 225 228 232 233 232 230 228 227 228 229 229 230 229 227 228 230 236 239 242 243 236 236 235 232 231 230 233 236 236 234 235 237 237 237 237 239 240 238 239 240 241 238 237 235 235 235 236 236 237 237 238 239 238 238 242 242 239 239 238 238 236 234 235 235 237 238 238 238 240 240 240 241 240 237 236 238 241 240 238 236 237 239 237 236 236 236 237 237 236 236 237 237 241 245 241 238 239 239 237 239 239 236 236 233 235 235 235 237 239 240 238 237 238 240 241 241 241 242 242 242 243 244 243 242 242 242 242 240 238 240 241 243 241 239 238 237 236 238 235 229 230 238 240 237 237 237 239 240 240 238 239 240 239 237 235 232 233 236 234 228 229 234 236 235 232 230 230 230 228 227 228 229 231 233 235 235 233 232 232 233 233 232 234 233 231 231 231 233 233 231 232 231 231 231 231 231 231 231 229 226 227 226 228 228 226 223 223 224 223 224 222 219 219 220 219 217 217 215 213 214 213 211 212 212 212 209 204 202 204 197 174 108 33 12 7 7
235 185 184 186 191 202 202 199 202 204 206 209 213 214 216 216 216 219 222 224 226 227 231 232 230 228 228 228 229 230 229 230 229 227 226 227 229 231 235 241 239 238 233 228 230 231 235 237 236 234 235 237 237 236 235 236 235 235 237 239 241 240 239 238 237 235 239 238 237 237 238 237 235 236 241 243 241 239 238 238 238 238 238 237 238 239 238 239 241 241 241 241 243 242 242 242 246 246 240 237 239 241 239 239 237 237 239 240 239 239 242 244 249 248 242 237 237 238 236 238 238 239 237 234 234 233 233 236 238 240 238 237 239 242 242 241 240 240 240 241 242 243 242 242 242 242 240 239 237 238 240 243 242 239 236 235 238 237 232 229 233 241 242 239 240 239 240 241 240 238 239 241 239 237 235 232 232 238 238 232 231 234 235 234 230 227 227 229 228 227 230 232 232 232 234 236 235 232 231 231 231 231 233 231 230 231 231 231 230 229 229 230 231 232 231 230 228 227 228 226 226 225 228 229 227 223 223 224 223 222 222 219 218 220 218 217 217 214 214 214 214 211 210 213 213 209 206 204 202 190 147 78 26 15 10 8
236 184 182 185 193 204 204 200 202 203 205 208 212 214 216 217 219 221 222 224 224 224 227 228 228 227 227 228 229 230 229 230 229 229 229 227 226 227 231 234 234 234 230 228 229 231 232 234 235 233 233 235 235 235 235 234 232 233 234 236 239 239 237 236 235 237 241 240 238 239 239 236 233 234 239 241 240 240 239 238 239 240 239 239 239 238 237 238 240 241 240 239 239 239 242 243 245 243 238 235 239 241 239 236 236 238 240 241 240 240 242 245 248 246 242 239 239 240 238 237 240 238 238 234 231 230 231 235 238 240 238 236 239 241 242 240 240 239 239 238 238 242 242 242 243 242 241 242 241 240 241 242 242 238 235 233 237 236 232 232 234 239 241 239 240 240 241 241 239 239 241 241 241 238 233 232 235 241 239 233 231 232 236 235 230 225 224 227 231 232 231 232 232 231 234 235 233 230 229 228 229 230 231 230 230 232 231 229 229 228 228 228 230 230 229 228 227 226 227 226 224 224 225 225 224 222 222 222 222 221 221 219 215 216 216 215 214 213 213 212 212 210 209 211 211 209 207 204 201 180 114 49 24 18 12 8
234 178 179 186 191 196 198 198 201 204 206 209 210 212 214 218 220 220 220 223 223 222 227 229 227 226 226 229 230 230 230 230 229 229 231 230 230 230 234 233 231 232 232 234 234 234 234 235 235 234 236 237 236 236 236 236 233 234 234 235 235 237 239 240 238 238 238 237 237 241 244 241 238 239 242 241 242 245 241 239 240 242 241 239 241 240 241 243 242 243 242 240 237 237 239 241 241 240 238 236 238 241 240 238 238 240 240 239 238 238 238 241 244 242 240 239 240 241 239 239 240 240 240 236 232 231 232 237 240 241 238 238 237 240 241 241 240 240 240 239 239 242 242 243 244 243 243 244 244 242 241 243 243 240 236 234 235 236 237 239 239 241 242 240 241 241 240 240 239 240 242 243 243 241 235 235 237 241 238 232 230 233 239 238 231 227 225 224 233 235 232 232 232 232 232 231 231 231 230 230 231 232 230 231 232 232 231 229 229 230 230 229 229 229 229 229 228 227 227 226 226 225 225 225 225 224 224 224 224 223 222 220 217 216 216 214 213 212 211 212 211 211 209 208 209 207 206 200 195 159 79 28 20 17 13 10
230 167 173 180 182 186 191 196 198 201 204 207 206 208 212 215 218 218 219 222 223 224 226 227 225 224 224 227 228 228 228 228 228 230 231 232 232 232 234 232 230 231 231 234 234 234 233 233 231 233 235 235 235 234 234 234 232 231 232 232 232 232 237 240 239 237 237 236 237 242 248 243 239 241 244 241 240 241 240 237 237 240 240 238 238 239 240 241 241 241 240 239 237 236 236 234 234 234 235 236 236 237 237 237 236 237 237 235 234 233 234 235 237 238 236 236 238 237 233 235 237 237 238 235 232 230 231 235 238 237 234 234 233 236 238 238 238 238 237 237 236 237 238 239 239 238 239 239 239 239 238 239 240 237 234 233 234 236 238 239 240 240 238 236 239 239 237 237 237 237 238 238 240 239 236 234 235 235 233 226 224 226 232 232 225 225 225 221 226 230 230 230 230 230 230 228 228 230 230 230 231 230 228 227 230 229 228 226 227 229 230 229 228 228 227 228 227 225 224 224 226 224 224 224 225 224 225 224 223 221 221 219 217 216 214 212 211 210 211 211 213 211 209 209 208 205 200 195 185 132 54 17 14 13 13 8
